Id,groupId,matchId,assists,boosts,damageDealt,DBNOs,headshotKills,heals,killPlace,killPoints,kills,killStreaks,longestKill,matchDuration,matchType,maxPlace,numGroups,rankPoints,revives,rideDistance,roadKills,swimDistance,teamKills,vehicleDestroys,walkDistance,weaponsAcquired,winPoints,winPlacePerc,totalDistance,headshotRate,itemsUsed,playStyle
0.0,0.0,0.0,0,3,67.13,0,0,1,52,0,0,0,0.0,1857,0.0,28,28,1820,0,3383.0,0,0.0,0,0,2183.0,5,0,0.9259,5566.0,0.0,4,Survivalist
0.0,0.0,0.0,0,0,0.0,0,0,0,88,1033,0,0,0.0,1358,0.0,97,96,0,0,0.0,0,0.0,0,0,18.16,0,1510,0.0938,18.16,0.0,0,Survivalist
0.0,0.0,0.0,0,0,0.0,0,0,0,62,1148,0,0,0.0,1368,0.0,28,27,0,0,0.0,0,0.0,0,0,10.5,0,1512,0.0,10.5,0.0,0,Survivalist
0.0,0.0,0.0,0,0,69.27,0,0,1,84,1357,0,0,0.0,1820,0.0,29,27,0,0,0.0,0,0.0,0,0,133.6,3,1561,0.0357,133.6,0.0,1,Survivalist
0.0,0.0,0.0,3,6,755.9,8,0,6,1,0,10,3,211.1,1874,0.0,29,29,2154,0,12930.0,0,0.0,0,1,2201.0,6,0,1.0,15131.0,0.0,12,Aggressive
0.0,0.0,0.0,0,0,0.0,0,0,0,85,1000,0,0,0.0,1291,0.0,28,26,0,0,0.0,0,0.0,0,0,15.45,1,1500,0.1481,15.45,0.0,0,Survivalist
0.0,0.0,0.0,0,0,27.94,0,0,0,72,1661,0,0,0.0,1268,0.0,30,30,0,0,0.0,0,0.0,0,0,233.8,2,1628,0.2414,233.8,0.0,0,Survivalist
0.0,0.0,0.0,0,1,0.0,1,0,0,34,1269,1,1,0.8126,1374,0.0,29,28,0,0,0.0,0,0.0,0,0,1459.0,4,1561,0.6786,1459.0,0.0,1,Aggressive
0.0,0.0,0.0,0,2,235.5,2,2,5,16,0,1,1,27.72,1318,0.0,28,27,1457,0,0.0,0,0.0,0,0,2316.0,4,0,0.8889,2316.0,2.0,7,Aggressive
0.0,0.0,0.0,0,2,777.1,3,1,0,4,1411,5,2,238.9,1287,0.0,49,46,0,0,0.0,0,0.0,0,0,908.2,3,1439,0.5625,908.2,0.2,2,Aggressive
0.0,0.0,0.0,2,3,187.0,2,2,3,12,1809,2,1,41.95,1301,0.0,30,29,0,1,0.0,0,0.0,0,0,2473.0,2,1570,1.0,2473.0,1.0,6,Aggressive
0.0,0.0,0.0,0,0,282.0,3,4,1,8,1091,3,1,44.42,1289,0.0,28,27,0,1,0.0,0,0.0,0,0,1782.0,5,1495,0.7407,1782.0,1.3333333333333333,1,Aggressive
0.0,0.0,0.0,0,0,96.83,0,0,0,66,0,0,0,0.0,1377,0.0,29,26,1511,0,0.0,0,0.0,0,0,321.1,4,0,0.2857,321.1,0.0,0,Survivalist
0.0,0.0,0.0,0,0,28.6,0,0,0,78,1000,0,0,0.0,1312,0.0,49,48,0,0,0.0,0,0.0,0,0,193.2,2,1500,0.2083,193.2,0.0,0,Survivalist
0.0,0.0,0.0,0,0,100.0,1,0,0,83,1040,0,0,0.0,1284,0.0,28,27,0,0,0.0,0,0.0,0,0,116.7,3,1458,0.1481,116.7,0.0,0,Survivalist
0.0,0.0,0.0,0,0,0.0,0,0,0,55,1266,0,0,0.0,1313,0.0,27,27,0,0,0.0,0,0.0,0,0,1752.0,6,1489,0.0,1752.0,0.0,0,Survivalist
0.0,0.0,0.0,0,1,0.0,0,0,0,69,0,0,0,0.0,1899,0.0,25,24,1430,0,0.0,0,0.0,1,0,1200.0,2,0,0.0833,1200.0,0.0,1,Survivalist
0.0,0.0,0.0,0,0,187.8,0,1,0,30,1204,1,1,12.89,1904,0.0,49,47,0,0,6801.0,0,0.0,0,0,2085.0,4,1502,0.7917,8886.0,1.0,0,Aggressive
0.0,0.0,0.0,1,1,276.7,2,1,2,26,0,1,1,45.12,1360,0.0,49,49,1540,0,0.0,0,0.0,0,0,2594.0,4,0,0.9375,2594.0,1.0,3,Aggressive
0.0,0.0,0.0,2,2,0.0,8,2,2,1,1682,13,3,207.1,1820,0.0,28,27,0,3,1812.0,0,0.0,0,0,2635.0,7,1510,0.8889,4447.0,0.15384615384615385,4,Aggressive
0.0,0.0,0.0,0,0,0.0,0,0,0,43,0,0,0,0.0,1439,0.0,44,42,1511,0,0.0,0,0.0,0,0,1111.0,5,0,0.0,1111.0,0.0,0,Survivalist
0.0,0.0,0.0,0,0,78.79,0,0,0,85,1196,0,0,0.0,1772,0.0,26,25,0,0,0.0,0,0.0,0,0,299.3,3,1500,0.0,299.3,0.0,0,Survivalist
0.0,0.0,0.0,0,0,57.33,0,0,0,69,0,0,0,0.0,1379,0.0,49,48,1646,0,0.0,0,0.0,0,0,566.2,2,0,0.375,566.2,0.0,0,Survivalist
0.0,0.0,0.0,1,3,0.0,3,1,1,5,0,5,2,91.03,1900,0.0,47,46,1442,1,1104.0,0,0.0,0,0,3061.0,7,0,0.7174,4165.0,0.2,4,Aggressive
0.0,0.0,0.0,0,1,224.5,1,1,0,14,0,2,1,27.77,1745,0.0,29,28,1573,0,0.0,0,0.0,0,0,584.9,3,0,0.8571,584.9,0.5,1,Aggressive
0.0,0.0,0.0,0,2,0.0,0,0,0,68,0,0,0,0.0,1770,0.0,46,46,1485,0,0.0,0,0.0,0,0,743.4,6,0,0.3111,743.4,0.0,2,Survivalist
0.0,0.0,0.0,1,3,479.9,2,0,2,6,1085,3,1,86.72,1444,0.0,25,25,0,0,250.5,0,9.619,0,0,3311.0,3,1506,0.9583,3571.119,0.0,5,Aggressive
0.0,0.0,0.0,0,2,0.0,1,0,1,42,1367,1,1,22.12,1454,0.0,26,26,0,0,604.4,0,0.0,0,0,1100.0,3,1495,0.36,1704.4,0.0,3,Aggressive
0.0,0.0,0.0,0,2,46.48,0,0,2,49,0,0,0,0.0,1810,0.0,45,45,1508,0,4080.0,0,0.0,0,0,1599.0,3,0,0.6364,5679.0,0.0,4,Survivalist
0.0,0.0,0.0,0,1,0.0,0,0,0,54,1259,0,0,0.0,1312,0.0,48,43,0,0,0.0,0,0.0,0,0,1931.0,3,1492,0.5532,1931.0,0.0,1,Survivalist
0.0,0.0,0.0,1,8,472.8,1,1,9,1,1276,5,1,113.2,1868,0.0,43,39,0,1,5053.0,0,0.0,0,0,3355.0,8,1512,1.0,8408.0,0.2,17,Aggressive
0.0,0.0,0.0,2,5,0.0,4,5,5,4,0,4,1,125.5,1422,0.0,30,29,1499,0,0.0,0,0.0,0,0,0.0,10,0,0.0,0.0,1.25,10,Aggressive
0.0,0.0,0.0,0,0,29.4,0,0,1,62,1278,0,0,0.0,1434,0.0,49,47,0,0,0.0,0,0.0,0,0,557.1,3,1471,0.4375,557.1,0.0,1,Survivalist
0.0,0.0,0.0,0,0,0.0,0,0,0,92,0,0,0,0.0,1217,0.0,28,28,1432,0,0.0,0,0.0,0,0,3.815,0,0,0.0,3.815,0.0,0,Survivalist
0.0,0.0,0.0,0,0,0.0,0,0,0,76,0,0,0,0.0,1814,0.0,27,26,1402,0,0.0,0,0.0,0,0,130.1,2,0,0.2308,130.1,0.0,0,Survivalist
0.0,0.0,0.0,0,1,132.1,1,1,3,31,0,1,1,5.568,1447,0.0,28,28,1468,0,0.0,0,0.0,0,0,1257.0,5,0,0.5926,1257.0,1.0,4,Aggressive
0.0,0.0,0.0,0,2,207.6,1,0,1,43,0,0,0,0.0,1364,0.0,46,46,1499,0,0.0,0,0.0,0,0,1959.0,4,0,0.7778,1959.0,0.0,3,Survivalist
0.0,0.0,0.0,0,0,0.0,0,0,0,45,0,0,0,0.0,1918,0.0,47,43,1488,0,3220.0,0,0.0,0,0,0.0,3,0,0.0,3220.0,0.0,0,Survivalist
0.0,0.0,0.0,0,1,41.07,1,0,0,43,0,0,0,0.0,2046,0.0,26,26,1684,0,3006.0,0,0.0,0,0,1813.0,3,0,0.72,4819.0,0.0,1,Survivalist
0.0,0.0,0.0,0,1,399.5,3,1,4,5,1632,4,2,30.02,1421,0.0,28,27,0,0,0.0,0,0.0,0,0,352.3,3,1513,0.4074,352.3,0.25,5,Aggressive
0.0,0.0,0.0,0,0,0.0,1,0,1,56,1000,0,0,0.0,1383,0.0,30,30,0,0,0.0,0,0.0,0,0,923.1,4,1500,0.0,923.1,0.0,1,Survivalist
0.0,0.0,0.0,0,0,22.89,2,0,0,41,0,1,1,0.9925,1441,0.0,30,29,1508,0,0.0,0,0.0,0,0,156.6,2,0,0.0,156.6,0.0,0,Aggressive
0.0,0.0,0.0,0,0,0.0,0,0,2,75,1026,0,0,0.0,1978,0.0,49,48,0,0,0.0,0,0.0,0,0,274.3,1,1521,0.2917,274.3,0.0,2,Survivalist
0.0,0.0,0.0,0,3,245.3,2,0,2,19,0,2,1,118.0,1303,0.0,47,43,1512,0,13.26,0,0.0,0,0,2116.0,4,0,0.5217,2129.26,0.0,5,Aggressive
0.0,0.0,0.0,0,3,177.0,2,0,3,30,0,1,1,173.8,1382,0.0,24,23,1422,0,0.0,0,0.0,0,0,3035.0,5,0,0.7826,3035.0,0.0,6,Aggressive
0.0,0.0,0.0,0,0,0.0,0,0,0,81,0,0,0,0.0,1851,0.0,94,88,1537,0,0.0,0,0.0,0,0,58.85,2,0,0.1183,58.85,0.0,0,Survivalist
0.0,0.0,0.0,1,3,0.0,8,3,3,2,1651,9,3,125.9,1321,0.0,29,28,0,1,0.0,0,0.0,0,0,0.0,5,1573,0.0,0.0,0.3333333333333333,6,Aggressive
0.0,0.0,0.0,1,1,238.6,1,0,1,29,1100,1,1,13.16,1379,0.0,29,28,0,0,0.0,0,0.0,0,0,933.6,3,1482,0.6429,933.6,0.0,2,Aggressive
0.0,0.0,0.0,0,0,0.0,0,0,0,92,0,0,0,0.0,1978,0.0,96,91,1621,0,0.0,0,0.0,0,0,72.83,1,0,0.0,72.83,0.0,0,Survivalist
0.0,0.0,0.0,0,0,86.0,0,0,0,79,1743,0,0,0.0,1409,0.0,98,95,0,0,0.0,0,0.0,0,0,158.1,1,1634,0.2165,158.1,0.0,0,Survivalist
0.0,0.0,0.0,1,5,375.1,2,2,3,5,0,3,2,196.9,1899,0.0,49,46,1500,0,4390.0,0,144.7,0,0,2397.0,6,0,0.8958,6931.7,0.6666666666666666,8,Aggressive
0.0,0.0,0.0,0,0,90.3,0,0,0,40,0,1,1,22.14,1382,0.0,29,29,1437,0,0.0,0,0.0,0,0,352.5,2,0,0.25,352.5,0.0,0,Aggressive
0.0,0.0,0.0,0,1,0.0,0,0,0,60,0,0,0,0.0,1372,0.0,28,27,1480,0,0.0,0,0.0,0,0,1288.0,4,0,0.5926,1288.0,0.0,1,Survivalist
0.0,0.0,0.0,0,0,100.0,1,0,0,35,0,1,1,89.1,1357,0.0,28,28,1421,0,0.0,0,0.0,0,0,620.1,2,0,0.2222,620.1,0.0,0,Aggressive
0.0,0.0,0.0,0,0,29.54,0,0,1,72,0,0,0,0.0,1842,0.0,48,46,1498,0,0.0,0,0.0,0,0,179.4,2,0,0.2128,179.4,0.0,1,Survivalist
0.0,0.0,0.0,0,0,0.0,0,0,0,78,0,0,0,0.0,1422,0.0,27,25,1500,0,0.0,0,0.0,0,0,74.25,2,0,0.1154,74.25,0.0,0,Survivalist
0.0,0.0,0.0,0,0,0.0,0,0,0,56,1193,0,0,0.0,1413,0.0,49,48,0,0,0.0,0,0.0,0,0,1592.0,3,1510,0.625,1592.0,0.0,0,Survivalist
0.0,0.0,0.0,0,2,100.4,0,0,2,26,1277,1,1,17.8,1895,0.0,48,48,0,0,1601.0,0,0.0,0,0,3490.0,4,1516,0.7021,5091.0,0.0,4,Aggressive
0.0,0.0,0.0,0,2,161.5,2,1,0,14,0,2,2,38.73,1330,0.0,29,29,1507,0,0.0,0,0.0,0,0,1534.0,8,0,0.9286,1534.0,0.5,2,Aggressive
0.0,0.0,0.0,0,4,209.8,1,0,8,27,1176,1,1,8.338,1771,0.0,30,27,0,0,4379.0,0,0.0,0,0,2062.0,4,1501,0.7586,6441.0,0.0,12,Aggressive
0.0,0.0,0.0,0,0,0.0,0,0,0,92,0,0,0,0.0,1387,0.0,29,28,1333,0,0.0,0,0.0,0,0,113.0,2,0,0.0,113.0,0.0,0,Survivalist
0.0,0.0,0.0,0,0,0.0,0,0,0,86,1019,0,0,0.0,1985,0.0,31,29,0,2,0.0,0,0.0,0,0,179.3,2,1503,0.1,179.3,0.0,0,Survivalist
0.0,0.0,0.0,0,0,0.0,0,0,1,63,1000,0,0,0.0,1322,0.0,27,25,0,0,0.0,0,0.0,0,0,1232.0,4,1500,0.4231,1232.0,0.0,1,Survivalist
0.0,0.0,0.0,0,0,200.0,1,0,1,25,1087,2,2,1.691,2108,0.0,48,46,0,0,0.0,0,0.0,0,0,632.6,3,1414,0.4255,632.6,0.0,1,Aggressive
0.0,0.0,0.0,0,5,213.1,2,0,0,12,0,2,1,22.36,1380,0.0,26,24,1500,0,0.0,0,1.373,0,0,3169.0,4,0,0.96,3170.373,0.0,5,Aggressive
0.0,0.0,0.0,0,3,373.4,0,0,3,11,0,2,1,11.68,1398,0.0,91,89,1512,0,0.0,0,89.07,0,0,2217.0,9,0,0.9111,2306.07,0.0,6,Aggressive
0.0,0.0,0.0,0,3,98.0,0,0,0,32,1347,1,1,6.559,1382,0.0,98,97,0,0,0.0,0,0.0,0,0,1820.0,2,1547,0.9897,1820.0,0.0,3,Aggressive
0.0,0.0,0.0,0,1,0.0,0,0,2,18,0,2,1,21.5,1359,0.0,94,92,1496,0,0.0,0,0.0,0,0,0.0,2,0,0.0,0.0,0.0,3,Aggressive
0.0,0.0,0.0,0,0,89.6,1,1,1,34,1047,1,1,65.66,1286,0.0,29,28,0,0,0.0,0,0.0,0,0,626.7,4,1482,0.3929,626.7,1.0,1,Aggressive
0.0,0.0,0.0,0,0,63.52,0,0,0,68,1093,0,0,0.0,1381,0.0,47,46,0,0,0.0,0,0.0,0,0,222.0,2,1449,0.3478,222.0,0.0,0,Survivalist
0.0,0.0,0.0,1,1,135.3,1,1,1,41,1173,1,1,44.76,1512,0.0,50,49,0,0,0.0,0,0.0,0,0,370.0,2,1404,0.4286,370.0,1.0,2,Aggressive
0.0,0.0,0.0,1,2,100.0,1,1,0,35,1439,1,1,29.31,1198,0.0,29,29,0,0,0.0,0,0.0,0,0,173.8,4,1573,0.3929,173.8,1.0,2,Aggressive
0.0,0.0,0.0,0,0,30.1,0,0,0,81,0,0,0,0.0,1842,0.0,31,31,1419,0,0.0,0,0.0,0,0,251.3,3,0,0.1667,251.3,0.0,0,Survivalist
0.0,0.0,0.0,0,0,97.07,0,0,0,62,1164,0,0,0.0,1403,0.0,95,94,0,0,0.0,0,0.0,0,0,541.1,2,1487,0.5,541.1,0.0,0,Survivalist
0.0,0.0,0.0,0,0,0.0,0,0,0,94,0,0,0,0.0,1383,0.0,29,27,1401,0,0.0,0,0.0,0,0,17.59,1,0,0.0,17.59,0.0,0,Survivalist
0.0,0.0,0.0,0,0,0.0,0,0,0,81,0,0,0,0.0,2028,0.0,27,26,1315,0,0.0,0,0.0,0,0,959.2,5,0,0.1538,959.2,0.0,0,Survivalist
0.0,0.0,0.0,0,1,154.0,1,0,0,50,1000,0,0,0.0,1424,0.0,28,26,0,0,0.0,0,0.0,0,0,2522.0,6,1500,0.8148,2522.0,0.0,1,Survivalist
0.0,0.0,0.0,0,2,209.1,0,1,0,17,1553,2,1,14.41,1350,0.0,96,92,0,0,0.0,0,0.0,0,0,1011.0,3,1637,0.7158,1011.0,0.5,2,Aggressive
0.0,0.0,0.0,0,0,185.8,2,1,0,15,0,2,1,12.98,1326,0.0,26,26,1515,0,0.0,0,0.0,0,0,164.2,3,0,0.0,164.2,0.5,0,Aggressive
0.0,0.0,0.0,0,1,100.8,1,0,1,28,0,1,1,6.204,1300,0.0,28,28,1486,0,0.0,0,0.0,0,0,2433.0,7,0,0.8148,2433.0,0.0,2,Aggressive
0.0,0.0,0.0,0,0,263.7,2,0,1,20,1000,2,1,5.725,1877,0.0,28,25,0,0,0.0,0,0.0,0,0,172.4,2,1500,0.2963,172.4,0.0,1,Aggressive
0.0,0.0,0.0,1,0,200.6,2,1,9,11,0,3,2,25.3,1478,0.0,27,26,1389,0,811.4,0,48.34,0,0,2219.0,4,0,0.6538,3078.7400000000002,0.3333333333333333,9,Aggressive
0.0,0.0,0.0,0,0,224.5,2,0,0,77,0,0,0,0.0,1397,0.0,26,25,1443,0,0.0,0,0.0,0,0,54.87,1,0,0.24,54.87,0.0,0,Survivalist
0.0,0.0,0.0,1,1,0.0,5,1,3,10,1664,3,1,21.37,1378,0.0,28,27,0,0,0.0,0,0.0,0,0,1271.0,8,1511,0.5926,1271.0,0.3333333333333333,4,Aggressive
0.0,0.0,0.0,0,1,240.3,2,0,0,20,1269,2,1,12.23,1414,0.0,48,47,0,0,0.0,0,0.0,0,0,688.6,3,1473,0.5745,688.6,0.0,1,Aggressive
0.0,0.0,0.0,0,0,43.0,0,0,0,74,1420,0,0,0.0,1310,0.0,27,24,0,0,0.0,0,0.0,0,0,17.63,2,1503,0.2308,17.63,0.0,0,Survivalist
0.0,0.0,0.0,0,0,0.0,0,0,0,69,879,0,0,0.0,1411,0.0,28,28,0,0,0.0,0,0.0,0,0,688.6,8,1387,0.2963,688.6,0.0,0,Survivalist
0.0,0.0,0.0,0,4,201.1,3,1,0,6,1461,3,1,74.06,1371,0.0,27,26,0,0,246.7,0,0.0,0,0,3358.0,4,1551,1.0,3604.7,0.3333333333333333,4,Aggressive
inf,0.0,0.0,0,0,0.0,0,0,1,55,0,0,0,0.0,1361,0.0,89,88,1557,0,0.0,0,0.0,0,0,246.1,3,0,0.5227,246.1,0.0,1,Survivalist
0.0,0.0,0.0,1,2,79.1,0,0,1,45,1607,0,0,0.0,1715,0.0,26,24,0,0,0.0,0,0.0,0,0,1959.0,6,1485,0.76,1959.0,0.0,3,Survivalist
0.0,0.0,0.0,0,3,39.37,1,0,8,26,0,1,1,18.45,1884,0.0,25,23,1501,0,5091.0,0,0.0,0,0,2739.0,4,0,0.7083,7830.0,0.0,11,Aggressive
0.0,0.0,0.0,0,2,20.4,0,0,0,66,1064,0,0,0.0,1273,0.0,100,99,0,0,0.0,0,0.0,0,0,243.9,4,1485,0.4747,243.9,0.0,2,Survivalist
0.0,0.0,0.0,0,2,0.0,0,0,0,51,0,0,0,0.0,1824,0.0,28,26,1458,0,6807.0,0,0.0,0,0,0.0,9,0,0.0,6807.0,0.0,2,Survivalist
0.0,0.0,0.0,0,0,0.0,0,0,0,84,0,0,0,0.0,1874,0.0,27,26,1373,0,0.0,0,0.0,1,0,0.0,0,0,0.0,0.0,0.0,0,Survivalist
0.0,0.0,0.0,0,0,0.0,0,0,0,34,0,0,0,0.0,1891,0.0,28,28,1323,0,2658.0,0,137.2,0,0,4606.0,1,0,0.963,7401.2,0.0,0,Survivalist
0.0,0.0,0.0,1,0,80.75,0,0,2,27,0,1,1,5.978,1866,0.0,47,45,1417,0,466.9,0,0.0,0,0,2265.0,4,0,0.7609,2731.9,0.0,2,Aggressive
0.0,0.0,0.0,0,0,49.0,0,0,0,66,1228,0,0,0.0,1348,0.0,27,27,0,0,0.0,0,0.0,0,0,262.2,7,1466,0.3846,262.2,0.0,0,Survivalist
0.0,0.0,0.0,0,4,33.32,0,0,2,27,0,1,1,33.16,1474,0.0,28,28,1505,0,0.0,0,0.0,0,0,3133.0,9,0,0.7778,3133.0,0.0,6,Aggressive
0.0,0.0,0.0,0,0,186.2,1,0,0,20,0,2,2,6.13,1526,0.0,48,45,1480,0,0.0,0,0.0,0,0,172.3,2,0,0.1277,172.3,0.0,0,Aggressive
0.0,0.0,0.0,0,1,61.6,0,0,1,48,0,0,0,0.0,1357,0.0,31,30,1227,0,47.11,0,0.0,0,0,2215.0,3,0,0.5333,2262.11,0.0,2,Survivalist
0.0,0.0,0.0,0,0,0.0,0,0,0,73,0,0,0,0.0,1351,0.0,92,92,1496,0,0.0,0,0.0,0,0,69.27,2,0,0.2527,69.27,0.0,0,Survivalist
0.0,0.0,0.0,0,0,37.73,0,0,1,67,0,0,0,0.0,1893,0.0,31,30,1441,0,2173.0,0,0.0,0,0,838.0,8,0,0.4,3011.0,0.0,1,Survivalist
0.0,0.0,0.0,0,3,0.0,0,0,0,44,0,0,0,0.0,1924,0.0,27,26,1493,0,989.7,0,5.737,0,0,3150.0,5,0,0.0,4145.437,0.0,3,Survivalist
0.0,0.0,0.0,0,0,60.63,0,0,0,83,0,0,0,0.0,1387,0.0,31,30,1490,0,0.0,0,0.0,0,0,65.07,2,0,0.1333,65.07,0.0,0,Survivalist
0.0,0.0,0.0,0,0,106.3,2,1,0,16,1303,2,1,9.161,1314,0.0,31,29,0,0,0.0,0,0.0,0,0,127.5,2,1447,0.1333,127.5,0.5,0,Aggressive
0.0,0.0,0.0,0,0,0.0,0,0,0,93,0,0,0,0.0,1296,0.0,29,28,1487,0,0.0,0,0.0,0,0,0.0,1,0,0.0,0.0,0.0,0,Survivalist
0.0,0.0,0.0,0,0,154.4,0,0,0,56,1352,0,0,0.0,1891,0.0,28,27,0,0,4147.0,0,0.0,0,0,2425.0,4,1588,0.6667,6572.0,0.0,0,Survivalist
0.0,0.0,0.0,0,2,326.5,0,0,0,12,0,3,2,11.29,1391,0.0,95,95,1500,0,0.0,0,0.0,0,0,132.1,2,0,0.2234,132.1,0.0,2,Aggressive
0.0,0.0,0.0,0,0,0.0,0,0,11,43,0,0,0,0.0,1775,0.0,28,28,1359,0,2085.0,0,0.0,0,0,2683.0,6,0,0.6296,4768.0,0.0,11,Survivalist
0.0,0.0,0.0,0,0,0.0,0,0,0,63,975,0,0,0.0,1255,0.0,31,31,0,0,0.0,0,0.0,0,0,214.9,3,1476,0.3667,214.9,0.0,0,Survivalist
0.0,0.0,0.0,0,8,0.0,0,2,0,25,0,1,1,73.93,1915,0.0,93,92,1771,0,6262.0,0,0.0,0,0,0.0,7,0,0.0,6262.0,2.0,8,Aggressive
0.0,0.0,0.0,0,0,0.0,0,0,0,69,1075,0,0,0.0,1835,0.0,27,25,0,0,0.0,0,0.0,0,0,268.8,2,1484,0.0385,268.8,0.0,0,Survivalist
0.0,0.0,0.0,0,0,0.0,0,0,0,89,0,0,0,0.0,1870,0.0,48,47,1319,0,0.0,0,0.0,0,0,0.0,0,0,0.0425,0.0,0.0,0,Survivalist
0.0,0.0,0.0,0,1,185.1,0,0,1,34,0,1,1,4.387,1898,0.0,98,96,1606,0,0.0,0,0.0,0,0,319.5,1,0,0.2887,319.5,0.0,2,Aggressive
0.0,0.0,0.0,0,0,195.9,0,1,0,37,1316,1,1,7.685,1458,0.0,94,94,0,0,0.0,0,0.0,0,0,75.35,3,1457,0.2688,75.35,1.0,0,Aggressive
0.0,0.0,0.0,1,0,44.29,1,1,0,37,0,1,1,31.9,1970,0.0,30,29,1484,0,0.0,0,0.0,0,0,184.2,2,0,0.0,184.2,1.0,0,Aggressive
0.0,0.0,0.0,0,0,0.0,0,0,0,52,1033,0,0,0.0,1441,0.0,50,49,0,0,665.1,0,7.493,0,0,1363.0,5,1482,0.7551,2035.5929999999998,0.0,0,Survivalist
0.0,0.0,0.0,2,2,135.1,0,0,0,53,1212,0,0,0.0,1791,0.0,47,47,0,0,2429.0,0,0.0,0,0,2387.0,5,1517,0.6087,4816.0,0.0,2,Survivalist
0.0,0.0,0.0,2,5,0.0,1,0,6,10,1613,3,1,73.59,1377,0.0,27,27,0,0,376.7,0,0.0,0,0,2728.0,5,1647,0.0,3104.7,0.0,11,Aggressive
0.0,0.0,0.0,1,0,100.2,0,0,0,89,0,0,0,0.0,2192,0.0,29,28,1437,0,0.0,0,0.0,0,0,83.24,2,0,0.1071,83.24,0.0,0,Survivalist
0.0,0.0,0.0,0,0,0.0,0,0,0,69,0,0,0,0.0,1418,0.0,29,28,1477,0,0.0,0,0.0,0,0,362.9,3,0,0.0,362.9,0.0,0,Survivalist
0.0,0.0,0.0,0,6,124.6,1,0,0,25,1014,1,1,54.94,1291,0.0,29,28,0,0,0.0,0,0.0,0,0,2065.0,7,1478,0.8214,2065.0,0.0,6,Aggressive
0.0,0.0,0.0,0,1,0.0,0,0,1,59,0,0,0,0.0,1409,0.0,31,29,1452,0,0.0,0,0.0,0,0,1408.0,6,0,0.0,1408.0,0.0,2,Survivalist
0.0,0.0,0.0,0,2,0.0,0,0,1,61,0,0,0,0.0,1979,0.0,28,28,1489,0,0.0,0,0.0,0,0,1918.0,4,0,0.0,1918.0,0.0,3,Survivalist
0.0,0.0,0.0,0,0,86.0,0,0,0,65,0,0,0,0.0,1372,0.0,27,26,1528,0,0.0,0,0.0,0,0,6.223,1,0,0.4615,6.223,0.0,0,Survivalist
0.0,0.0,0.0,0,1,82.69,0,0,0,41,1029,0,0,0.0,1360,0.0,25,23,0,1,0.0,0,0.0,0,0,1641.0,5,1509,0.75,1641.0,0.0,1,Survivalist
0.0,0.0,0.0,2,0,206.4,1,0,0,22,0,1,1,47.98,1443,0.0,27,26,1431,0,0.0,0,0.0,0,0,3298.0,3,0,0.8846,3298.0,0.0,0,Aggressive
0.0,0.0,0.0,0,4,166.0,0,0,4,17,1458,2,1,36.04,2026,0.0,94,91,0,0,2691.0,1,0.0,0,0,3912.0,4,1708,0.8602,6603.0,0.0,8,Aggressive
0.0,0.0,0.0,0,2,0.0,0,0,0,54,1326,0,0,0.0,1966,0.0,90,86,0,0,0.0,0,0.0,0,0,1415.0,5,1526,0.5169,1415.0,0.0,2,Survivalist
0.0,0.0,0.0,1,0,158.8,0,0,0,32,0,1,1,6.874,1438,0.0,49,49,1522,0,0.0,0,0.0,0,0,302.5,3,0,0.4167,302.5,0.0,0,Aggressive
0.0,0.0,0.0,0,0,100.0,1,0,0,35,0,1,1,72.87,1355,0.0,27,25,1506,0,0.0,0,0.0,0,0,1028.0,2,0,0.4231,1028.0,0.0,0,Aggressive
0.0,0.0,0.0,0,1,0.0,0,0,1,60,1133,0,0,0.0,1370,0.0,49,48,0,0,0.0,0,0.0,0,0,375.7,2,1484,0.5,375.7,0.0,2,Survivalist
0.0,0.0,0.0,0,0,0.0,0,0,0,90,1000,0,0,0.0,1910,0.0,28,27,0,0,0.0,0,0.0,0,0,29.02,1,1500,0.037,29.02,0.0,0,Survivalist
0.0,0.0,0.0,0,0,224.5,1,2,0,34,0,1,1,18.88,1385,0.0,27,24,1489,0,0.0,0,0.0,0,0,337.8,4,0,0.3846,337.8,2.0,0,Aggressive
0.0,0.0,0.0,0,0,0.0,0,0,0,87,0,0,0,0.0,1376,0.0,45,44,1568,0,0.0,0,0.0,0,0,14.75,0,0,0.0,14.75,0.0,0,Survivalist
0.0,0.0,0.0,0,0,0.0,0,0,0,68,0,0,0,0.0,1775,0.0,47,44,1465,0,2378.0,0,0.0,0,0,0.0,4,0,0.0,2378.0,0.0,0,Survivalist
0.0,0.0,0.0,0,0,166.0,2,1,0,18,0,2,2,9.116,1404,0.0,27,25,1409,0,0.0,0,0.0,0,0,348.0,4,0,0.2308,348.0,0.5,0,Aggressive
0.0,0.0,0.0,0,0,0.0,0,0,8,42,0,0,0,0.0,1821,0.0,48,46,1410,0,6367.0,0,0.0,0,0,1946.0,11,0,0.8298,8313.0,0.0,8,Survivalist
0.0,0.0,0.0,0,0,58.05,0,0,0,53,0,0,0,0.0,1956,0.0,96,95,1484,0,0.0,0,0.0,0,0,1791.0,4,0,0.6842,1791.0,0.0,0,Survivalist
0.0,0.0,0.0,2,6,529.2,4,0,2,7,0,3,2,54.06,1765,0.0,31,30,1457,2,3035.0,0,0.0,0,0,2386.0,5,0,0.9667,5421.0,0.0,8,Aggressive
0.0,0.0,0.0,0,5,74.88,0,2,1,23,1331,1,1,71.25,1289,0.0,27,24,0,1,0.0,0,0.0,0,0,2475.0,6,1450,0.7308,2475.0,2.0,6,Aggressive
0.0,0.0,0.0,0,1,0.0,0,0,0,48,1043,0,0,0.0,1784,0.0,98,94,0,0,2320.0,0,0.0,0,0,1272.0,7,1524,0.0,3592.0,0.0,1,Survivalist
0.0,0.0,0.0,0,0,200.0,2,2,0,41,1582,1,1,63.15,1894,0.0,29,29,0,0,0.0,0,0.0,0,0,331.5,2,1507,0.0714,331.5,2.0,0,Aggressive
0.0,0.0,0.0,1,3,312.3,2,0,2,17,1437,2,1,55.48,1893,0.0,47,43,0,0,3953.0,0,0.0,0,0,1490.0,6,1623,0.6957,5443.0,0.0,5,Aggressive
0.0,0.0,0.0,0,1,0.0,0,0,0,49,0,0,0,0.0,1257,0.0,26,25,1466,0,0.0,0,0.0,0,0,1621.0,7,0,0.72,1621.0,0.0,1,Survivalist
0.0,0.0,0.0,0,9,860.5,0,9,8,1,0,8,2,138.6,1385,0.0,92,91,1653,0,498.2,0,0.0,0,0,3659.0,4,0,0.978,4157.2,1.125,17,Aggressive
0.0,0.0,0.0,0,0,43.0,0,0,0,92,1582,0,0,0.0,1348,0.0,48,47,0,0,0.0,0,0.0,0,0,12.2,1,1501,0.0213,12.2,0.0,0,Survivalist
0.0,0.0,0.0,0,0,47.08,0,0,0,46,1410,1,1,12.2,1369,0.0,97,96,0,0,0.0,0,0.0,0,0,58.84,1,1486,0.1667,58.84,0.0,0,Aggressive
0.0,0.0,0.0,2,3,0.0,3,1,2,4,1642,5,1,180.1,1953,0.0,48,44,0,0,0.0,0,0.0,0,0,6216.0,7,1476,0.0,6216.0,0.2,5,Aggressive
0.0,0.0,0.0,0,0,0.0,0,0,0,91,1235,0,0,0.0,1264,0.0,28,28,0,0,0.0,0,0.0,0,0,89.29,2,1523,0.037,89.29,0.0,0,Survivalist
0.0,0.0,0.0,0,1,0.0,0,0,0,57,1202,0,0,0.0,1319,0.0,96,96,0,0,0.0,0,0.0,0,0,509.4,5,1503,0.5895,509.4,0.0,1,Survivalist
0.0,0.0,0.0,0,0,74.08,1,1,1,37,0,1,1,1.052,1789,0.0,28,27,1404,0,0.0,0,0.0,0,0,205.7,6,0,0.0741,205.7,1.0,1,Aggressive
0.0,0.0,0.0,0,4,305.4,2,0,7,18,0,2,1,68.61,1862,0.0,26,26,1523,0,1292.0,0,0.0,0,0,2925.0,6,0,0.84,4217.0,0.0,11,Aggressive
0.0,0.0,0.0,1,2,199.5,1,1,1,13,0,2,2,8.691,1391,0.0,28,28,1500,0,1652.0,0,60.35,0,0,2905.0,5,0,0.9259,4617.35,0.5,3,Aggressive
0.0,0.0,0.0,1,0,197.0,1,1,0,19,0,2,1,73.89,1394,0.0,47,46,1528,0,0.0,0,0.0,0,0,1117.0,3,0,0.587,1117.0,0.5,0,Aggressive
0.0,0.0,0.0,0,1,0.0,0,0,1,47,0,0,0,0.0,1860,0.0,48,47,1502,1,7239.0,0,0.0,0,0,1512.0,2,0,0.766,8751.0,0.0,2,Survivalist
0.0,0.0,0.0,0,0,93.74,0,0,0,93,1283,0,0,0.0,1263,0.0,28,28,0,0,0.0,0,0.0,0,0,32.93,1,1457,0.0741,32.93,0.0,0,Survivalist
0.0,0.0,0.0,1,4,642.0,4,1,10,1,1483,7,2,86.9,1356,0.0,29,28,0,0,2757.0,1,0.0,0,0,2385.0,5,1548,0.9286,5142.0,0.14285714285714285,14,Aggressive
0.0,0.0,0.0,0,0,0.0,3,0,0,57,0,0,0,0.0,1354,0.0,25,25,1439,0,0.0,0,0.0,0,0,0.0,2,0,0.0,0.0,0.0,0,Survivalist
0.0,0.0,8.41342158498e+20,0,0,0.0,0,0,0,50,0,0,0,0.0,1374,0.0,83,83,1600,0,544.0,0,0.0,0,0,0.0,4,0,0.0,544.0,0.0,0,Survivalist
0.0,0.0,0.0,0,0,1948.0,0,18,0,3,0,20,6,329.0,597,0.0,15,15,1500,0,1956.0,0,0.0,1,0,1526.0,17,0,0.8571,3482.0,0.9,0,Aggressive
0.0,0.0,0.0,0,0,0.0,0,0,0,62,0,0,0,0.0,1367,0.0,27,25,1476,0,615.1,0,0.0,0,0,2159.0,2,0,0.5769,2774.1,0.0,0,Survivalist
0.0,0.0,0.0,0,0,303.6,2,2,3,23,0,2,1,19.37,1911,0.0,30,29,1528,0,0.0,0,0.0,0,0,284.9,5,0,0.2414,284.9,1.0,3,Aggressive
0.0,0.0,0.0,0,0,0.0,0,0,0,93,0,0,0,0.0,1953,0.0,47,44,1500,0,0.0,0,0.0,0,0,151.5,1,0,0.0,151.5,0.0,0,Survivalist
0.0,0.0,0.0,0,0,0.0,0,0,0,61,0,0,0,0.0,1879,0.0,28,27,1380,0,0.0,0,0.0,0,0,0.0,3,0,0.0,0.0,0.0,0,Survivalist
0.0,0.0,0.0,0,1,200.0,2,0,5,46,0,1,1,7.956,1399,0.0,30,30,1392,0,0.0,0,0.0,0,0,285.7,2,0,0.2414,285.7,0.0,6,Aggressive
0.0,0.0,0.0,0,0,0.0,0,0,0,91,1000,0,0,0.0,1307,0.0,97,97,0,0,0.0,0,0.0,0,0,0.0,1,1500,0.0625,0.0,0.0,0,Survivalist
0.0,0.0,0.0,0,0,0.0,0,0,0,61,0,0,0,0.0,1905,0.0,96,91,1514,0,0.0,0,0.0,0,0,627.5,3,0,0.4737,627.5,0.0,0,Survivalist
0.0,0.0,0.0,0,0,0.0,0,0,0,65,1178,0,0,0.0,1814,0.0,50,48,0,0,0.0,0,0.0,0,0,1109.0,4,1512,0.4082,1109.0,0.0,0,Survivalist
0.0,0.0,0.0,0,0,0.0,0,0,0,90,0,0,0,0.0,1319,0.0,27,26,1455,0,0.0,0,0.0,0,0,0.0,0,0,0.0,0.0,0.0,0,Survivalist
0.0,0.0,0.0,0,0,76.6,0,0,0,23,0,1,1,32.66,1451,0.0,48,46,1503,0,0.0,0,25.76,0,0,2038.0,4,0,0.7021,2063.76,0.0,0,Aggressive
0.0,0.0,0.0,0,1,0.0,0,0,0,59,1129,0,0,0.0,1295,0.0,28,25,0,0,0.0,0,0.0,0,0,1060.0,6,1509,0.3704,1060.0,0.0,1,Survivalist
0.0,0.0,0.0,0,1,0.0,0,0,0,31,1038,1,1,3.933,1389,0.0,48,43,0,0,0.0,0,0.0,0,0,727.6,2,1506,0.4468,727.6,0.0,1,Aggressive
0.0,0.0,0.0,0,0,0.0,0,0,0,87,0,0,0,0.0,1968,0.0,26,26,1499,0,0.0,0,0.0,0,0,296.0,0,0,0.08,296.0,0.0,0,Survivalist
0.0,0.0,0.0,0,1,581.6,3,2,1,4,0,5,2,67.99,1425,0.0,49,48,1522,0,0.0,0,0.0,0,0,2683.0,7,0,0.8958,2683.0,0.4,2,Aggressive
0.0,0.0,0.0,0,0,85.68,0,0,0,88,0,0,0,0.0,1415,0.0,93,91,1500,0,0.0,0,0.0,0,0,11.15,1,0,0.0435,11.15,0.0,0,Survivalist
0.0,0.0,0.0,1,0,63.36,0,0,0,99,0,0,0,0.0,1854,0.0,99,95,1520,0,0.0,0,0.0,0,0,9.571,0,0,0.0,9.571,0.0,0,Survivalist
0.0,0.0,0.0,0,1,166.0,0,0,2,69,1225,0,0,0.0,1808,0.0,27,25,0,0,262.7,0,0.0,0,0,513.0,3,1513,0.2692,775.7,0.0,3,Survivalist
0.0,0.0,0.0,0,0,100.0,0,0,0,24,0,1,1,30.5,1418,0.0,97,95,1562,0,0.0,0,0.0,0,0,1586.0,5,0,0.8229,1586.0,0.0,0,Aggressive
0.0,0.0,0.0,0,0,100.0,0,0,0,48,0,1,1,9.944,1409,0.0,99,96,1584,0,0.0,0,0.0,0,0,15.31,2,0,0.0714,15.31,0.0,0,Aggressive
0.0,0.0,0.0,0,0,0.0,0,0,0,67,0,0,0,0.0,1864,0.0,29,28,1480,0,718.7,0,651.9,0,0,0.0,7,0,0.0,1370.6,0.0,0,Survivalist
0.0,0.0,0.0,0,0,0.0,0,0,0,74,0,60,0,0.0,1361,0.0,28,27,1472,0,0.0,0,0.0,0,0,0.0,1,0,0.0,0.0,0.0,0,Aggressive
0.0,0.0,0.0,0,2,273.1,2,1,12,12,0,2,1,14.42,1789,0.0,29,28,1458,0,4190.0,0,0.0,0,0,1598.0,4,0,0.6429,5788.0,0.5,14,Aggressive
0.0,0.0,0.0,0,5,0.0,1,0,9,12,0,2,1,31.47,1840,0.0,48,45,1535,0,3591.0,0,7.742,0,1,5068.0,3,0,0.8511,8666.742,0.0,14,Aggressive
0.0,0.0,0.0,0,0,0.0,0,0,0,71,1057,0,0,0.0,1925,0.0,47,45,0,0,0.0,0,0.0,0,0,94.2,1,1483,0.0,94.2,0.0,0,Survivalist
0.0,0.0,0.0,0,0,0.0,0,0,0,84,1119,0,0,0.0,1393,0.0,27,24,0,0,0.0,0,0.0,0,0,42.76,2,1497,0.0385,42.76,0.0,0,Survivalist
0.0,0.0,0.0,0,0,0.0,0,0,0,85,0,0,0,0.0,1406,0.0,48,48,1484,0,0.0,0,0.0,0,0,93.79,1,0,0.1064,93.79,0.0,0,Survivalist
0.0,0.0,0.0,0,0,0.0,0,0,1,66,1220,0,0,0.0,1850,0.0,29,28,0,0,3119.0,0,0.0,0,0,893.3,4,1498,0.4643,4012.3,0.0,1,Survivalist
0.0,0.0,0.0,0,0,0.0,0,0,0,90,1275,0,0,0.0,1350,0.0,31,31,0,0,0.0,0,0.0,0,0,12.87,1,1420,0.0333,12.87,0.0,0,Survivalist
0.0,0.0,0.0,0,0,0.0,0,0,0,77,1010,0,0,0.0,1301,0.0,30,30,0,0,0.0,0,0.0,0,0,94.87,2,1490,0.2069,94.87,0.0,0,Survivalist
0.0,0.0,0.0,0,0,0.0,0,0,0,59,0,0,0,0.0,1306,0.0,48,47,1502,0,0.0,0,0.0,0,0,0.73,1,0,0.4894,0.73,0.0,0,Survivalist
0.0,0.0,0.0,0,0,52.92,0,0,0,78,1064,0,0,0.0,1404,0.0,28,26,0,0,0.0,0,0.0,0,0,149.0,2,1479,0.2963,149.0,0.0,0,Survivalist
0.0,0.0,0.0,1,4,63.28,0,0,5,46,0,0,0,0.0,1370,0.0,47,46,1504,0,0.0,0,0.0,0,0,3197.0,7,0,0.8261,3197.0,0.0,9,Survivalist
0.0,0.0,0.0,1,1,138.2,0,0,2,25,0,1,1,61.11,1784,0.0,47,47,1680,0,1707.0,0,0.0,0,0,2027.0,8,0,0.913,3734.0,0.0,3,Aggressive
0.0,0.0,0.0,0,0,0.0,0,0,0,78,0,0,0,0.0,1884,0.0,93,91,1491,0,0.0,0,0.0,0,0,134.4,2,0,0.2065,134.4,0.0,0,Survivalist
0.0,0.0,0.0,0,0,100.0,0,0,0,38,0,1,1,11.98,1381,0.0,96,94,1531,0,0.0,0,0.0,0,0,657.0,2,0,0.4737,657.0,0.0,0,Aggressive
0.0,0.0,0.0,0,2,0.0,2,0,1,10,1248,3,1,5.355,1879,0.0,49,48,0,0,3921.0,1,0.0,0,0,0.0,6,1537,0.0,3921.0,0.0,3,Aggressive
0.0,0.0,0.0,0,2,183.4,1,0,8,13,0,2,1,187.3,1767,0.0,50,49,1549,0,6108.0,0,0.0,0,0,1732.0,8,0,0.6939,7840.0,0.0,10,Aggressive
0.0,0.0,0.0,0,1,172.0,0,1,0,28,0,1,1,41.62,1268,0.0,97,96,1503,0,0.0,0,0.0,0,0,765.6,5,0,0.7083,765.6,1.0,1,Aggressive
0.0,0.0,0.0,0,3,434.2,2,0,4,12,1493,2,1,56.9,1383,0.0,32,32,0,3,0.0,0,0.0,0,0,1756.0,4,1580,0.9355,1756.0,0.0,7,Aggressive
0.0,0.0,0.0,0,4,0.0,2,0,1,2,0,6,2,68.28,1325,0.0,47,46,1500,1,0.0,0,0.0,0,0,3139.0,5,0,0.913,3139.0,0.0,5,Aggressive
0.0,0.0,0.0,0,0,100.0,1,0,0,37,0,1,1,7.852,1340,0.0,30,30,1409,0,0.0,0,0.0,0,0,76.81,2,0,0.1034,76.81,0.0,0,Aggressive
0.0,0.0,0.0,0,4,169.0,1,0,9,19,0,1,1,41.61,1836,0.0,49,45,1511,0,2948.0,0,0.0,0,2,3358.0,8,0,0.875,6306.0,0.0,13,Aggressive
0.0,0.0,0.0,0,0,0.0,0,0,0,68,0,0,0,0.0,1380,0.0,29,28,1512,0,0.0,0,0.0,0,0,758.3,2,0,0.4286,758.3,0.0,0,Survivalist
0.0,0.0,0.0,0,7,315.5,2,1,3,13,0,2,1,108.0,1450,0.0,48,47,1524,0,0.0,0,0.0,0,0,2329.0,7,0,0.8723,2329.0,0.5,10,Aggressive
0.0,0.0,0.0,0,0,0.0,0,0,0,92,0,0,0,0.0,1449,0.0,97,95,1500,0,0.0,0,0.0,0,0,28.51,1,0,0.0521,28.51,0.0,0,Survivalist
0.0,0.0,0.0,0,0,0.0,0,0,0,85,0,0,0,0.0,1250,0.0,28,28,1500,0,0.0,0,0.0,0,0,92.28,4,0,0.0741,92.28,0.0,0,Survivalist
0.0,0.0,0.0,0,1,149.3,0,0,4,64,1244,0,0,0.0,1446,0.0,49,49,0,0,0.0,0,0.0,0,0,290.7,6,1477,0.3958,290.7,0.0,5,Survivalist
0.0,0.0,0.0,0,0,183.4,1,1,0,22,1376,2,2,16.87,1413,0.0,49,48,0,0,0.0,0,0.0,0,0,131.3,4,1484,0.1875,131.3,0.5,0,Aggressive
0.0,0.0,0.0,0,0,118.4,0,2,4,37,1124,1,1,21.04,1810,0.0,98,96,0,0,0.0,0,0.0,0,0,371.3,5,1474,0.2474,371.3,2.0,4,Aggressive
0.0,0.0,0.0,0,5,0.0,0,1,5,24,1144,1,1,13.73,1400,0.0,49,49,0,0,0.0,0,0.0,0,0,0.0,3,1539,0.0,0.0,1.0,10,Aggressive
0.0,0.0,0.0,0,0,0.0,0,0,0,78,0,0,0,0.0,1400,0.0,93,92,1728,0,0.0,0,0.0,0,0,31.63,2,0,0.1739,31.63,0.0,0,Survivalist
0.0,0.0,0.0,0,0,0.0,0,0,1,83,0,0,0,0.0,1354,0.0,48,47,1588,0,0.0,0,0.0,0,0,110.9,3,0,0.1489,110.9,0.0,1,Survivalist
0.0,0.0,0.0,0,1,0.0,0,0,0,46,0,0,0,0.0,1966,0.0,93,91,1504,0,4943.0,0,0.0,0,0,548.2,4,0,0.7717,5491.2,0.0,1,Survivalist
0.0,0.0,0.0,0,0,67.23,0,0,0,78,0,0,0,0.0,1837,0.0,46,45,1518,0,0.0,0,0.0,0,0,304.4,3,0,0.1333,304.4,0.0,0,Survivalist
0.0,0.0,0.0,0,3,240.2,0,1,2,12,0,3,1,29.21,1937,0.0,95,89,1622,0,0.0,0,0.0,0,0,1582.0,5,0,0.734,1582.0,0.3333333333333333,5,Aggressive
0.0,0.0,0.0,0,0,443.5,3,2,10,5,0,4,2,33.79,1225,0.0,28,28,1139,1,0.0,0,0.0,0,0,353.6,5,0,0.6296,353.6,0.5,10,Aggressive
0.0,0.0,0.0,1,2,82.05,0,0,1,21,1070,1,1,6.011,1958,0.0,49,48,0,0,3208.0,0,0.0,0,0,2148.0,5,1527,0.0,5356.0,0.0,3,Aggressive
0.0,0.0,0.0,0,2,100.0,0,0,0,24,0,1,1,11.91,1403,0.0,84,82,1494,0,0.0,0,0.0,0,0,1771.0,4,0,0.7108,1771.0,0.0,2,Aggressive
0.0,0.0,0.0,0,0,0.0,0,0,0,68,0,0,0,0.0,1285,0.0,48,45,1539,0,0.0,0,0.0,0,0,52.58,1,0,0.3191,52.58,0.0,0,Survivalist
0.0,0.0,0.0,0,1,0.0,0,0,2,72,0,0,0,0.0,1932,0.0,28,27,1410,1,0.0,0,0.0,0,0,455.3,5,0,0.2593,455.3,0.0,3,Survivalist
0.0,0.0,0.0,0,1,37.31,0,0,5,67,0,0,0,0.0,1384,0.0,48,47,1500,0,0.0,0,0.0,0,0,239.9,3,0,0.4255,239.9,0.0,6,Survivalist
0.0,0.0,0.0,1,0,7.157,0,0,0,59,1000,0,0,0.0,1389,0.0,50,48,0,0,507.8,0,0.0,0,0,1132.0,3,1500,0.551,1639.8,0.0,0,Survivalist
0.0,0.0,0.0,0,7,403.3,1,1,4,13,0,2,1,46.7,1972,0.0,27,27,1435,0,4386.0,0,0.0,0,1,1706.0,6,0,0.8846,6092.0,0.5,11,Aggressive
0.0,0.0,0.0,0,0,16.94,0,0,0,92,1294,0,0,0.0,1351,0.0,29,29,0,0,0.0,0,0.0,0,0,45.02,3,1480,0.0714,45.02,0.0,0,Survivalist
0.0,0.0,0.0,0,4,80.55,1,0,9,28,1060,1,1,45.06,1950,0.0,28,25,0,0,3439.0,0,0.0,0,0,3119.0,10,1509,0.6296,6558.0,0.0,13,Aggressive
0.0,0.0,0.0,2,4,0.0,3,0,11,4,1587,5,2,31.77,1350,0.0,29,29,0,2,0.0,0,53.6,0,0,2920.0,5,1539,1.0,2973.6,0.0,15,Aggressive
0.0,0.0,0.0,0,1,374.4,2,1,1,10,0,3,1,22.51,1274,0.0,28,27,1500,0,0.0,0,0.0,0,0,408.7,4,0,0.3704,408.7,0.3333333333333333,2,Aggressive
0.0,0.0,0.0,0,0,0.0,2,1,1,8,1297,3,1,33.92,1895,0.0,29,28,0,0,0.0,0,0.0,0,0,562.3,6,1378,0.0,562.3,0.3333333333333333,1,Aggressive
0.0,0.0,0.0,1,0,145.2,1,0,3,79,1350,0,0,0.0,1375,0.0,30,29,0,0,0.0,0,0.0,0,0,125.4,4,1491,0.2069,125.4,0.0,3,Survivalist
0.0,0.0,0.0,1,3,473.9,4,1,2,3,1468,4,1,61.21,1251,0.0,28,28,0,1,365.4,0,0.0,0,0,1625.0,1,1547,0.0,1990.4,0.25,5,Aggressive
0.0,0.0,0.0,0,0,41.2,1,0,0,35,0,1,1,22.98,1454,0.0,27,26,1401,0,0.0,0,0.0,0,0,208.9,4,0,0.2308,208.9,0.0,0,Aggressive
0.0,0.0,0.0,2,4,397.3,1,2,2,8,1000,3,1,75.95,1379,0.0,27,25,0,2,0.0,0,0.0,0,0,1843.0,3,1500,0.5769,1843.0,0.6666666666666666,6,Aggressive
0.0,0.0,0.0,1,4,847.4,2,2,3,1,0,8,2,222.1,1409,0.0,27,25,1531,0,0.0,0,0.0,0,0,3037.0,7,0,1.0,3037.0,0.25,7,Aggressive
0.0,0.0,0.0,0,0,183.7,0,0,0,36,1196,1,1,12.69,1458,0.0,97,92,0,0,0.0,0,0.0,0,0,329.9,3,1458,0.4167,329.9,0.0,0,Aggressive
0.0,0.0,0.0,2,2,51.6,0,0,1,33,1199,1,1,18.73,1297,0.0,27,26,0,1,0.0,0,0.0,0,0,1364.0,4,1477,0.5385,1364.0,0.0,3,Aggressive
0.0,0.0,0.0,0,1,288.7,2,4,1,11,1476,3,2,19.02,1337,0.0,28,25,0,0,0.0,0,0.0,0,0,1927.0,8,1524,0.0,1927.0,1.3333333333333333,2,Aggressive
0.0,0.0,0.0,0,1,172.0,0,1,1,22,0,2,1,22.61,1366,0.0,96,94,1710,0,0.0,0,0.0,0,0,303.8,4,0,0.4,303.8,0.5,2,Aggressive
0.0,0.0,0.0,0,0,67.55,1,0,3,71,0,0,0,0.0,1781,0.0,28,27,1480,0,521.1,0,0.0,0,0,928.0,3,0,0.2963,1449.1,0.0,3,Survivalist
0.0,0.0,0.0,0,0,0.0,0,0,0,88,0,0,0,0.0,1885,0.0,96,88,1480,0,0.0,0,0.0,0,0,0.0,0,0,0.0421,0.0,0.0,0,Survivalist
0.0,0.0,0.0,0,2,0.0,0,0,0,68,0,0,0,0.0,1349,0.0,26,26,1362,0,0.0,0,16.17,0,0,530.1,3,0,0.36,546.27,0.0,2,Survivalist
0.0,0.0,0.0,0,0,0.0,0,0,0,46,0,0,0,0.0,1925,0.0,25,24,1393,0,9.373,0,0.0,0,0,3488.0,6,0,0.0,3497.373,0.0,0,Survivalist
0.0,0.0,0.0,0,0,0.0,0,0,5,67,1008,0,0,0.0,1285,0.0,50,50,0,0,0.0,0,0.0,0,0,101.5,2,1482,0.0,101.5,0.0,5,Survivalist
0.0,0.0,0.0,0,0,0.0,0,0,0,62,1293,0,0,0.0,1855,0.0,93,88,0,0,7052.0,0,0.0,0,0,635.5,4,1603,0.4565,7687.5,0.0,0,Survivalist
0.0,0.0,0.0,0,0,311.0,3,0,0,9,1806,3,1,87.88,1457,0.0,28,27,0,0,0.0,0,0.0,0,0,489.4,3,1613,0.2963,489.4,0.0,0,Aggressive
0.0,0.0,0.0,1,8,729.4,6,3,3,1,1538,9,2,90.95,1406,0.0,29,29,0,0,0.0,0,0.0,0,0,3107.0,6,1486,0.9643,3107.0,0.3333333333333333,11,Aggressive
0.0,0.0,0.0,1,1,79.19,0,0,0,80,1491,0,0,0.0,1372,0.0,49,47,0,0,0.0,0,0.0,0,0,169.0,3,1562,0.2083,169.0,0.0,1,Survivalist
0.0,0.0,0.0,0,0,9.208,0,0,0,97,0,0,0,0.0,1728,0.0,29,29,1350,0,0.0,0,0.0,0,0,99.91,1,0,0.0,99.91,0.0,0,Survivalist
0.0,0.0,0.0,0,0,0.0,0,0,0,80,0,0,0,0.0,1923,0.0,49,46,1495,0,0.0,0,0.0,0,0,45.89,2,0,0.1458,45.89,0.0,0,Survivalist
0.0,0.0,0.0,0,5,774.7,0,0,1,2,1358,7,1,40.47,1445,0.0,97,97,0,0,0.0,0,0.0,0,0,2935.0,4,1526,1.0,2935.0,0.0,6,Aggressive
0.0,0.0,0.0,0,0,51.6,0,0,0,56,0,0,0,0.0,1390,0.0,47,47,1470,0,0.0,0,0.0,0,0,311.2,3,0,0.6739,311.2,0.0,0,Survivalist
0.0,0.0,0.0,0,3,128.8,1,0,4,10,0,3,2,85.64,1871,0.0,47,47,1496,1,744.0,0,0.0,0,0,3480.0,10,0,0.9783,4224.0,0.0,7,Aggressive
0.0,0.0,0.0,2,1,119.9,0,0,1,44,1647,0,0,0.0,1272,0.0,27,26,0,0,1038.0,0,0.0,0,0,2791.0,5,1544,1.0,3829.0,0.0,2,Survivalist
0.0,0.0,0.0,0,0,0.0,0,0,0,81,994,0,0,0.0,1410,0.0,98,96,0,0,0.0,0,0.0,0,0,20.29,2,1471,0.0,20.29,0.0,0,Survivalist
0.0,0.0,0.0,1,3,68.77,1,0,1,26,0,1,1,56.93,1356,0.0,28,26,1478,2,1037.0,0,0.0,0,0,2300.0,4,0,0.8148,3337.0,0.0,4,Aggressive
0.0,0.0,0.0,0,0,70.73,0,0,0,84,1557,0,0,0.0,1960,0.0,28,27,0,0,0.0,0,0.0,0,0,327.4,1,1483,0.1481,327.4,0.0,0,Survivalist
0.0,0.0,0.0,0,0,0.0,1,1,0,37,1125,60,1,7.044,1414,0.0,50,49,0,0,0.0,0,0.0,0,0,0.0,3,1524,0.0,0.0,0.016666666666666666,0,Aggressive
0.0,0.0,0.0,1,3,0.0,2,2,0,6,0,3,2,38.93,1876,0.0,46,45,1493,1,5114.0,0,0.0,0,0,0.0,5,0,0.0,5114.0,0.6666666666666666,3,Aggressive
0.0,0.0,0.0,0,0,217.9,1,1,1,30,0,1,1,45.38,1437,0.0,49,48,1484,0,0.0,0,0.0,0,0,699.3,3,0,0.5,699.3,1.0,1,Aggressive
0.0,0.0,0.0,1,5,413.1,3,0,5,7,1152,3,1,26.29,1358,0.0,29,27,0,2,0.0,0,0.0,0,0,3012.0,7,1494,0.9643,3012.0,0.0,10,Aggressive
0.0,0.0,0.0,1,2,175.2,1,0,0,29,1633,1,1,16.91,1694,0.0,28,28,0,0,0.0,0,0.0,0,0,3807.0,3,1568,0.8519,3807.0,0.0,2,Aggressive
0.0,0.0,0.0,0,0,0.0,0,0,0,91,1464,0,0,0.0,1291,0.0,49,47,0,0,0.0,0,0.0,0,0,0.0,0,1488,0.0208,0.0,0.0,0,Survivalist
0.0,0.0,0.0,0,0,121.9,2,0,0,22,1184,2,1,6.787,1309,0.0,29,29,0,0,0.0,0,0.0,0,0,201.3,2,1501,0.1429,201.3,0.0,0,Aggressive
0.0,0.0,0.0,0,0,23.22,0,0,0,53,0,0,0,0.0,1810,0.0,46,44,1511,0,288.4,0,6.264,0,0,4886.0,4,0,0.5111,5180.664,0.0,0,Survivalist
0.0,0.0,0.0,0,0,0.0,0,0,0,97,1341,0,0,0.0,1844,0.0,29,26,0,0,0.0,0,0.0,0,0,7.872,1,1499,0.0,7.872,0.0,0,Survivalist
0.0,0.0,0.0,0,0,0.0,0,0,0,88,1469,0,0,0.0,1360,0.0,28,28,0,0,0.0,0,0.0,0,0,34.26,0,1566,0.0741,34.26,0.0,0,Survivalist
0.0,0.0,0.0,1,6,555.8,4,2,4,3,0,6,1,176.3,1353,0.0,29,29,1482,0,540.8,0,0.0,0,0,2418.0,4,0,0.75,2958.8,0.3333333333333333,10,Aggressive
0.0,0.0,0.0,0,0,35.28,0,0,0,63,1184,0,0,0.0,1908,0.0,97,94,0,0,2875.0,0,0.0,0,0,591.6,7,1573,0.4479,3466.6,0.0,0,Survivalist
0.0,0.0,0.0,1,2,356.7,1,1,1,20,0,2,1,39.52,1362,0.0,48,44,1519,0,0.0,0,0.0,0,0,426.1,5,0,0.4681,426.1,0.5,3,Aggressive
0.0,0.0,0.0,0,5,466.1,4,2,1,5,1133,5,3,114.7,1896,0.0,27,25,0,0,654.2,0,0.0,0,0,4318.0,5,1464,0.7308,4972.2,0.4,6,Aggressive
0.0,0.0,0.0,1,1,120.1,0,0,1,58,0,0,0,0.0,1372,0.0,28,28,1374,0,0.0,0,0.0,0,0,1389.0,5,0,0.5185,1389.0,0.0,2,Survivalist
0.0,0.0,0.0,0,0,0.0,0,0,0,83,0,0,0,0.0,2186,0.0,27,27,1384,0,0.0,0,0.0,0,0,139.3,1,0,0.1154,139.3,0.0,0,Survivalist
0.0,0.0,0.0,0,0,0.0,0,0,6,78,0,0,0,0.0,2001,0.0,27,26,1510,0,0.0,0,0.0,0,0,316.4,2,0,0.1154,316.4,0.0,6,Survivalist
0.0,0.0,0.0,0,1,200.0,0,0,0,15,1503,2,1,46.39,1398,0.0,97,95,0,0,0.0,0,44.56,0,0,1102.0,3,1525,0.6146,1146.56,0.0,1,Aggressive
0.0,0.0,0.0,0,3,57.76,1,0,7,24,0,1,1,156.5,1854,0.0,48,48,1478,0,2074.0,0,0.0,0,0,2611.0,6,0,1.0,4685.0,0.0,10,Aggressive
0.0,0.0,0.0,0,0,100.0,0,1,0,32,0,1,1,14.94,1365,0.0,27,25,1465,0,0.0,0,0.0,0,0,134.7,4,0,0.1923,134.7,1.0,0,Aggressive
0.0,0.0,0.0,1,2,323.1,1,0,1,9,0,2,2,7.134,1887,0.0,28,28,1583,0,2089.0,0,0.0,0,0,2709.0,7,0,0.8889,4798.0,0.0,3,Aggressive
0.0,0.0,0.0,0,4,243.8,1,0,0,29,0,1,1,7.857,1684,0.0,25,25,1413,2,2447.0,0,0.0,0,0,2673.0,2,0,0.7083,5120.0,0.0,4,Aggressive
0.0,0.0,0.0,0,0,60.72,0,0,1,43,0,0,0,0.0,1263,0.0,30,28,1432,0,0.0,0,0.0,0,0,3285.0,3,0,0.8621,3285.0,0.0,1,Survivalist
0.0,0.0,0.0,0,0,0.0,0,0,0,95,0,0,0,0.0,1379,0.0,29,28,1415,0,0.0,0,0.0,0,0,28.59,1,0,0.0,28.59,0.0,0,Survivalist
0.0,0.0,0.0,0,0,0.0,0,0,0,93,1011,0,0,0.0,1807,0.0,49,45,0,0,0.0,0,0.0,0,0,0.0,0,1446,0.0,0.0,0.0,0,Survivalist
0.0,0.0,0.0,0,1,26.88,0,0,1,61,1377,0,0,0.0,2181,0.0,27,26,0,0,957.3,0,0.0,0,0,3609.0,6,1573,0.0,4566.3,0.0,2,Survivalist
0.0,0.0,0.0,0,1,0.0,0,0,3,46,1138,0,0,0.0,1875,0.0,47,45,0,0,9649.0,0,0.0,0,0,0.0,5,1495,0.0,9649.0,0.0,4,Survivalist
0.0,0.0,0.0,0,0,215.3,2,0,0,10,0,3,2,86.77,1373,0.0,48,44,1593,1,0.0,0,0.0,0,0,220.8,3,0,0.4043,220.8,0.0,0,Aggressive
0.0,0.0,0.0,0,0,0.0,0,0,0,89,1160,0,0,0.0,1382,0.0,46,45,0,0,0.0,0,0.0,0,0,0.0,0,1426,0.0,0.0,0.0,0,Survivalist
0.0,0.0,0.0,0,0,175.7,2,0,0,61,0,0,0,0.0,1955,0.0,29,29,1497,0,5778.0,0,0.0,0,0,939.4,2,0,0.5357,6717.4,0.0,0,Survivalist
0.0,0.0,0.0,0,2,0.0,1,0,2,27,0,1,1,131.4,2027,0.0,28,27,1480,1,1955.0,0,32.63,0,0,2985.0,6,0,0.7037,4972.63,0.0,4,Aggressive
0.0,0.0,0.0,0,2,0.0,0,0,2,43,1000,0,0,0.0,1884,0.0,28,26,0,1,0.0,0,0.0,0,0,5411.0,5,1500,0.8519,5411.0,0.0,4,Survivalist
0.0,0.0,0.0,0,0,225.6,1,0,1,20,0,2,2,1.315,1421,0.0,49,49,1479,0,0.0,0,0.0,0,0,219.8,5,0,0.25,219.8,0.0,1,Aggressive
0.0,0.0,0.0,0,2,100.0,1,0,0,27,0,1,1,3.898,1813,0.0,28,28,1379,0,0.0,0,0.0,0,0,354.2,3,0,0.6667,354.2,0.0,2,Aggressive
0.0,0.0,0.0,0,3,125.3,1,0,1,46,0,0,0,0.0,1873,0.0,27,26,1482,0,3639.0,0,0.0,0,0,2018.0,5,0,0.7692,5657.0,0.0,4,Survivalist
0.0,0.0,0.0,0,2,60.76,0,0,5,49,1160,0,0,0.0,1855,0.0,27,26,0,1,3895.0,0,0.0,0,0,2035.0,5,1534,0.7308,5930.0,0.0,7,Survivalist
0.0,0.0,0.0,0,1,300.0,2,0,5,10,1253,3,2,8.568,1363,0.0,28,28,0,0,0.0,0,0.0,0,0,1084.0,4,1461,0.5185,1084.0,0.0,6,Aggressive
0.0,0.0,0.0,0,0,0.0,0,0,0,66,1154,0,0,0.0,1814,0.0,29,29,0,0,0.0,0,0.0,0,0,48.61,0,1564,0.3214,48.61,0.0,0,Survivalist
0.0,0.0,0.0,0,2,401.6,3,2,1,6,0,4,2,29.34,1442,0.0,29,29,1482,0,0.0,0,0.0,0,0,2021.0,5,0,0.6786,2021.0,0.5,3,Aggressive
0.0,0.0,0.0,0,1,25.8,0,0,4,69,0,0,0,0.0,1912,0.0,29,29,1413,0,1445.0,0,0.0,0,0,1130.0,5,0,0.3214,2575.0,0.0,5,Survivalist
0.0,0.0,0.0,0,5,200.0,2,0,0,36,0,1,1,13.06,1295,0.0,28,27,1238,0,0.0,0,49.91,0,0,2258.0,5,0,0.7778,2307.91,0.0,5,Aggressive
0.0,0.0,0.0,0,0,0.0,0,0,0,79,1159,0,0,0.0,1386,0.0,49,43,0,0,0.0,0,0.0,0,0,97.87,3,1487,0.0625,97.87,0.0,0,Survivalist
0.0,0.0,0.0,0,0,100.0,0,0,1,37,0,1,1,6.316,1448,0.0,97,93,1501,0,0.0,0,0.0,0,0,191.0,3,0,0.5,191.0,0.0,1,Aggressive
0.0,0.0,0.0,0,0,0.0,0,0,0,66,1404,0,0,0.0,1357,0.0,29,28,0,0,0.0,0,0.0,0,0,44.81,2,1519,0.4643,44.81,0.0,0,Survivalist
0.0,0.0,0.0,0,0,0.0,0,0,0,91,0,0,0,0.0,1974,0.0,48,45,1500,0,0.0,0,0.0,0,0,34.55,0,0,0.0213,34.55,0.0,0,Survivalist
0.0,0.0,0.0,0,2,482.4,3,3,4,3,0,5,2,191.0,1760,0.0,50,47,1510,0,1978.0,0,0.0,0,0,2319.0,6,0,0.8776,4297.0,0.6,6,Aggressive
0.0,0.0,0.0,0,1,0.0,0,0,0,55,1246,0,0,0.0,1274,0.0,27,26,0,0,227.4,0,0.0,0,0,1622.0,3,1419,0.6154,1849.4,0.0,1,Survivalist
0.0,0.0,0.0,0,2,0.0,0,0,0,50,0,0,0,0.0,1371,0.0,32,32,1401,0,0.0,0,0.0,0,0,1732.0,8,0,0.5806,1732.0,0.0,2,Survivalist
0.0,0.0,0.0,0,0,0.0,0,0,0,94,0,0,0,0.0,1363,0.0,48,46,1500,0,0.0,0,0.0,0,0,0.0,0,0,0.0,0.0,0.0,0,Survivalist
0.0,0.0,0.0,1,2,221.9,2,0,0,14,0,2,1,35.27,1774,0.0,28,28,1387,1,0.0,0,0.0,0,0,1457.0,4,0,0.0,1457.0,0.0,2,Aggressive
0.0,0.0,0.0,0,0,0.0,0,0,0,83,0,0,0,0.0,1853,0.0,90,85,1501,0,0.0,0,0.0,0,0,14.49,0,0,0.0449,14.49,0.0,0,Survivalist
0.0,0.0,0.0,0,0,0.0,0,0,0,42,0,0,0,0.0,1877,0.0,26,26,1466,0,6102.0,0,0.0,0,0,2201.0,7,0,0.68,8303.0,0.0,0,Survivalist
0.0,0.0,0.0,0,2,293.8,1,1,0,26,0,1,1,19.23,1331,0.0,41,40,1597,0,0.0,0,0.0,0,0,803.3,6,0,0.5,803.3,1.0,2,Aggressive
0.0,0.0,0.0,0,0,44.12,0,0,0,61,0,0,0,0.0,1778,0.0,50,50,1500,0,3832.0,0,0.0,0,0,1342.0,3,0,0.5102,5174.0,0.0,0,Survivalist
0.0,0.0,0.0,0,2,270.2,2,2,0,18,1158,2,2,12.74,1768,0.0,49,49,0,0,4318.0,0,0.0,0,0,1562.0,5,1524,0.6667,5880.0,1.0,2,Aggressive
0.0,0.0,0.0,0,0,0.0,0,0,0,77,0,0,0,0.0,1421,0.0,48,47,1467,0,0.0,0,0.0,0,0,37.98,2,0,0.0,37.98,0.0,0,Survivalist
0.0,0.0,0.0,0,1,0.0,2,0,11,18,1000,2,1,93.76,1893,0.0,30,29,0,0,0.0,0,0.0,0,0,1719.0,2,1500,0.5862,1719.0,0.0,12,Aggressive
0.0,0.0,0.0,0,0,0.0,0,0,0,72,0,0,0,0.0,1300,0.0,26,26,1500,0,0.0,0,0.0,0,0,605.5,2,0,0.28,605.5,0.0,0,Survivalist
0.0,0.0,0.0,0,0,200.0,1,0,1,19,1378,2,2,14.03,1845,0.0,46,45,0,0,0.0,0,0.0,0,0,116.9,2,1515,0.1556,116.9,0.0,1,Aggressive
0.0,0.0,0.0,0,0,0.0,0,0,0,69,1220,0,0,0.0,1370,0.0,27,26,0,0,0.0,0,0.0,0,0,1227.0,2,1530,0.3846,1227.0,0.0,0,Survivalist
0.0,0.0,0.0,0,0,0.0,0,0,0,76,1095,0,0,0.0,1407,0.0,31,29,0,0,0.0,0,0.0,0,0,108.3,1,1493,0.1667,108.3,0.0,0,Survivalist
0.0,0.0,0.0,0,0,0.0,0,0,0,83,0,0,0,0.0,1867,0.0,50,49,1500,0,0.0,0,0.0,0,0,159.7,2,0,0.2041,159.7,0.0,0,Survivalist
0.0,0.0,0.0,1,5,0.0,2,3,2,14,0,3,2,23.93,1357,0.0,31,30,1462,0,0.0,0,0.0,0,0,1689.0,8,0,0.5667,1689.0,1.0,7,Aggressive
0.0,0.0,0.0,0,0,100.0,1,0,0,35,1000,1,1,14.39,1450,0.0,47,44,0,0,0.0,0,0.0,0,0,151.7,3,1500,0.1304,151.7,0.0,0,Aggressive
0.0,0.0,0.0,0,0,100.0,0,0,0,44,0,1,1,18.46,1518,0.0,97,95,1626,0,0.0,0,0.0,0,0,415.3,2,0,0.3542,415.3,0.0,0,Aggressive
0.0,0.0,0.0,0,0,0.0,0,0,0,49,0,0,0,0.0,1404,0.0,48,47,1514,0,636.7,0,0.0,0,0,1960.0,10,0,0.7447,2596.7,0.0,0,Survivalist
0.0,0.0,0.0,1,0,71.25,0,0,0,72,0,0,0,0.0,1365,0.0,28,27,1503,0,0.0,0,0.0,0,0,159.6,2,0,0.2593,159.6,0.0,0,Survivalist
0.0,0.0,0.0,0,1,0.0,1,0,0,42,995,1,1,6.443,1962,0.0,31,31,0,0,0.0,0,0.0,0,0,496.1,3,1494,0.1,496.1,0.0,1,Aggressive
0.0,0.0,0.0,0,1,140.9,1,0,1,18,0,2,2,38.11,1325,0.0,49,46,1561,0,271.4,0,0.0,0,0,913.9,2,0,0.5417,1185.3,0.0,2,Aggressive
0.0,0.0,0.0,1,0,0.0,0,0,0,94,1355,0,0,0.0,1371,0.0,27,27,0,0,0.0,0,0.0,0,0,0.0,1,1519,0.0,0.0,0.0,0,Survivalist
0.0,0.0,0.0,0,0,142.2,0,0,0,22,0,2,2,14.86,1959,0.0,96,93,1500,0,0.0,0,0.0,0,0,127.8,3,0,0.2211,127.8,0.0,0,Aggressive
0.0,0.0,0.0,0,0,0.0,0,0,0,63,1020,0,0,0.0,1897,0.0,26,24,0,0,0.0,0,0.0,0,0,666.7,5,1511,0.24,666.7,0.0,0,Survivalist
0.0,0.0,0.0,0,7,0.0,0,0,0,39,1228,0,0,0.0,1367,0.0,27,27,0,0,0.0,0,0.0,0,0,1995.0,5,1475,0.8462,1995.0,0.0,7,Survivalist
0.0,0.0,0.0,0,2,0.0,1,0,4,36,0,1,1,152.6,1757,0.0,28,27,1465,0,1818.0,0,0.0,0,1,1670.0,3,0,0.0,3488.0,0.0,6,Aggressive
0.0,0.0,0.0,0,0,128.6,1,0,0,34,1546,1,1,10.77,1267,0.0,28,26,0,0,0.0,0,0.0,0,0,189.7,4,1477,0.1481,189.7,0.0,0,Aggressive
0.0,0.0,0.0,0,0,100.0,1,1,0,35,0,1,1,1.527,1280,0.0,27,25,1423,0,0.0,0,0.0,0,0,57.29,2,0,0.0769,57.29,1.0,0,Aggressive
0.0,0.0,0.0,0,0,0.0,0,0,0,60,1150,0,0,0.0,1745,0.0,47,46,0,0,223.5,0,0.0,0,0,1037.0,2,1529,0.0,1260.5,0.0,0,Survivalist
0.0,0.0,0.0,0,0,0.0,0,0,0,52,0,0,0,0.0,1382,0.0,49,48,1580,0,0.0,0,0.0,0,0,1947.0,5,0,0.7917,1947.0,0.0,0,Survivalist
0.0,0.0,0.0,0,5,526.8,3,2,7,3,1354,4,1,160.5,1880,0.0,26,25,0,1,5043.0,0,0.0,0,0,1787.0,4,1512,0.92,6830.0,0.5,12,Aggressive
0.0,0.0,0.0,0,4,144.7,0,1,8,15,0,2,1,212.0,1881,0.0,48,47,1525,0,0.0,0,0.0,0,1,2414.0,5,0,0.7447,2414.0,0.5,12,Aggressive
0.0,0.0,0.0,0,5,102.0,0,0,4,24,0,1,1,144.2,1929,0.0,94,91,1541,0,3172.0,0,0.0,0,0,1629.0,9,0,0.8925,4801.0,0.0,9,Aggressive
0.0,0.0,0.0,0,0,30.1,0,0,0,98,1274,0,0,0.0,1982,0.0,30,30,0,0,0.0,0,0.0,0,0,59.67,1,1463,0.0,59.67,0.0,0,Survivalist
0.0,0.0,0.0,0,0,0.0,0,0,0,95,0,0,0,0.0,1426,0.0,27,26,1392,0,0.0,0,0.0,0,0,34.49,0,0,0.0,34.49,0.0,0,Survivalist
0.0,0.0,0.0,0,0,0.0,0,0,1,65,0,0,0,0.0,1296,0.0,28,28,1418,0,242.3,0,0.0,0,0,1284.0,4,0,0.5556,1526.3,0.0,1,Survivalist
0.0,0.0,0.0,0,0,20.81,0,0,0,82,0,0,0,0.0,1985,0.0,98,96,1500,0,0.0,0,0.0,0,0,84.78,1,0,0.1959,84.78,0.0,0,Survivalist
0.0,0.0,0.0,0,2,89.75,1,0,0,32,0,0,0,0.0,1760,0.0,15,14,1432,0,3963.0,0,0.0,0,0,973.0,4,0,0.5,4936.0,0.0,2,Survivalist
0.0,0.0,0.0,0,0,100.0,1,0,0,45,0,1,1,3.624,1858,0.0,29,27,1500,0,0.0,0,0.0,0,0,53.7,2,0,0.0357,53.7,0.0,0,Aggressive
0.0,0.0,0.0,0,0,0.0,0,0,0,53,0,0,0,0.0,1364,0.0,49,45,1479,0,0.0,0,0.0,0,0,1752.0,5,0,0.625,1752.0,0.0,0,Survivalist
0.0,0.0,0.0,0,2,478.6,0,1,0,11,0,3,1,132.4,1891,0.0,94,91,1873,0,0.0,0,0.0,0,0,1019.0,5,0,0.7634,1019.0,0.3333333333333333,2,Aggressive
0.0,0.0,0.0,0,4,448.1,2,0,3,7,1240,3,1,237.4,1903,0.0,26,25,0,0,2347.0,0,0.0,0,0,3569.0,3,1480,0.96,5916.0,0.0,7,Aggressive
0.0,0.0,0.0,0,2,0.0,0,0,0,51,0,0,0,0.0,1836,0.0,47,47,1500,0,3063.0,0,0.0,0,0,1732.0,7,0,0.7391,4795.0,0.0,2,Survivalist
0.0,0.0,0.0,0,0,100.0,0,0,0,37,0,1,1,29.8,1336,0.0,93,90,1488,0,0.0,0,0.0,1,0,202.9,4,0,0.3804,202.9,0.0,0,Aggressive
0.0,0.0,0.0,0,0,0.0,0,0,0,82,1289,0,0,0.0,1419,0.0,31,31,0,0,0.0,0,0.0,0,0,87.31,2,1468,0.1333,87.31,0.0,0,Survivalist
0.0,0.0,0.0,0,2,100.0,1,0,3,36,0,1,1,0.5287,1342,0.0,50,50,1646,0,0.0,0,0.0,0,0,180.4,1,0,0.4082,180.4,0.0,5,Aggressive
0.0,0.0,0.0,0,0,0.0,0,0,0,85,1028,0,0,0.0,1905,0.0,94,91,0,0,0.0,0,0.0,0,0,45.75,1,1487,0.1075,45.75,0.0,0,Survivalist
0.0,0.0,0.0,0,0,156.8,3,0,0,16,0,2,2,33.55,1379,0.0,27,27,1495,0,201.2,0,0.0,0,0,1904.0,4,0,0.6154,2105.2,0.0,0,Aggressive
0.0,0.0,0.0,0,0,0.0,1,0,2,30,1519,1,1,38.93,1486,0.0,30,30,0,1,0.0,0,0.0,0,0,0.0,4,1431,0.0,0.0,0.0,2,Aggressive
0.0,0.0,0.0,0,0,100.0,1,0,0,79,1000,0,0,0.0,1379,0.0,30,28,0,0,0.0,0,0.0,0,0,110.6,2,1500,0.1724,110.6,0.0,0,Survivalist
0.0,0.0,0.0,0,4,162.1,1,0,0,15,0,2,1,135.5,1835,0.0,50,48,1508,0,743.3,0,24.19,1,0,4181.0,7,0,0.9388,4948.49,0.0,4,Aggressive
0.0,0.0,0.0,0,0,0.0,0,0,0,93,1485,0,0,0.0,1359,0.0,48,48,0,0,0.0,0,0.0,0,0,0.0,2,1483,0.0,0.0,0.0,0,Survivalist
0.0,0.0,0.0,0,0,19.35,0,0,0,73,0,0,0,0.0,1361,0.0,97,97,1489,0,0.0,0,0.0,0,0,281.0,4,0,0.3333,281.0,0.0,0,Survivalist
0.0,0.0,0.0,0,2,100.0,1,0,3,28,1000,1,1,46.18,1404,0.0,48,45,0,1,0.0,0,0.0,0,0,1830.0,6,1500,0.8298,1830.0,0.0,5,Aggressive
0.0,0.0,0.0,3,2,449.7,1,0,1,12,1714,2,1,71.11,1393,0.0,26,26,0,0,0.0,0,69.19,0,0,3179.0,2,1579,0.0,3248.19,0.0,3,Aggressive
0.0,0.0,0.0,0,0,243.2,1,0,1,23,0,2,1,23.72,1440,0.0,26,25,1488,1,0.0,0,0.0,0,0,363.6,2,0,0.28,363.6,0.0,1,Aggressive
0.0,0.0,0.0,0,0,0.0,0,0,0,56,0,0,0,0.0,1403,0.0,29,28,1480,0,0.0,0,0.0,0,0,6.294,1,0,0.5357,6.294,0.0,0,Survivalist
0.0,0.0,0.0,0,0,0.0,0,0,0,73,1465,0,0,0.0,1880,0.0,29,29,0,0,0.0,0,0.0,0,0,275.2,3,1514,0.25,275.2,0.0,0,Survivalist
0.0,0.0,0.0,0,0,0.0,0,0,0,96,0,0,0,0.0,1821,0.0,29,28,1413,0,0.0,0,0.0,0,0,134.3,3,0,0.0,134.3,0.0,0,Survivalist
0.0,0.0,0.0,0,0,0.0,0,0,0,94,1165,0,0,0.0,1860,0.0,49,47,0,0,0.0,0,0.0,0,0,58.21,2,1449,0.0,58.21,0.0,0,Survivalist
0.0,0.0,0.0,0,0,0.0,0,0,0,97,0,0,0,0.0,1888,0.0,28,26,1502,0,0.0,0,0.0,0,0,23.11,1,0,0.0,23.11,0.0,0,Survivalist
0.0,0.0,0.0,0,2,60.2,0,0,1,76,1475,0,0,0.0,1393,0.0,98,95,0,0,0.0,0,0.0,0,0,105.6,2,1521,0.299,105.6,0.0,3,Survivalist
0.0,0.0,0.0,0,2,356.3,0,1,7,9,0,3,1,153.7,1882,0.0,93,90,1586,0,866.4,0,0.0,0,0,3269.0,8,0,0.8152,4135.4,0.3333333333333333,9,Aggressive
0.0,0.0,0.0,0,6,159.4,1,0,3,29,1063,1,1,106.0,1859,0.0,49,48,0,0,0.0,0,0.0,0,0,4912.0,8,1483,0.8958,4912.0,0.0,9,Aggressive
0.0,0.0,0.0,0,0,240.4,0,1,0,7,0,4,1,136.3,1443,0.0,92,91,1510,0,0.0,0,0.0,0,0,1525.0,7,0,0.7582,1525.0,0.25,0,Aggressive
0.0,0.0,0.0,0,2,0.0,2,0,4,23,0,1,1,54.85,1383,0.0,28,27,1500,2,142.7,0,87.73,0,0,2879.0,11,0,0.9259,3109.43,0.0,6,Aggressive
0.0,0.0,0.0,0,0,72.42,0,0,0,51,0,0,0,0.0,1971,0.0,94,93,1500,0,0.0,0,0.0,0,0,2005.0,4,0,0.6452,2005.0,0.0,0,Survivalist
0.0,0.0,0.0,0,0,0.0,0,0,0,81,0,0,0,0.0,1366,0.0,29,29,1498,0,0.0,0,0.0,0,0,27.24,1,0,0.2143,27.24,0.0,0,Survivalist
0.0,0.0,0.0,2,3,59.77,0,0,2,54,1492,0,0,0.0,1881,0.0,27,26,0,4,1072.0,0,0.0,0,0,1883.0,5,1537,0.6154,2955.0,0.0,5,Survivalist
0.0,0.0,0.0,0,0,0.0,0,0,0,75,0,0,0,0.0,1352,0.0,29,28,1325,0,0.0,0,0.0,0,0,153.3,4,0,0.2143,153.3,0.0,0,Survivalist
0.0,0.0,0.0,0,0,168.5,1,0,0,82,1161,0,0,0.0,1963,0.0,49,48,0,1,0.0,0,0.0,0,0,85.33,1,1522,0.125,85.33,0.0,0,Survivalist
0.0,0.0,0.0,1,2,313.4,2,0,1,9,0,3,1,69.24,1401,0.0,30,30,1465,0,0.0,0,0.0,0,0,382.9,3,0,0.6552,382.9,0.0,3,Aggressive
0.0,0.0,0.0,0,3,203.7,1,0,2,48,0,0,0,0.0,1805,0.0,47,45,1488,0,6754.0,0,0.0,0,0,1978.0,4,0,0.6522,8732.0,0.0,5,Survivalist
0.0,0.0,0.0,0,0,11.6,0,0,0,46,1016,0,0,0.0,1733,0.0,29,27,0,1,1710.0,0,0.0,0,0,1952.0,11,1507,0.75,3662.0,0.0,0,Survivalist
0.0,0.0,0.0,0,0,19.38,0,0,0,68,0,0,0,0.0,1339,0.0,49,48,1499,0,0.0,0,0.0,0,0,484.0,3,0,0.375,484.0,0.0,0,Survivalist
0.0,0.0,0.0,0,0,0.0,0,0,0,66,992,0,0,0.0,1925,0.0,92,90,0,0,0.0,0,0.0,0,0,478.5,3,1480,0.3077,478.5,0.0,0,Survivalist
0.0,0.0,0.0,0,2,121.3,1,2,0,26,1297,1,1,31.17,1352,0.0,47,44,0,0,0.0,0,0.0,0,0,467.4,2,1537,0.5217,467.4,2.0,2,Aggressive
0.0,0.0,0.0,0,3,0.0,0,0,0,43,0,0,0,0.0,1262,0.0,30,29,1505,0,0.0,0,0.0,0,0,2968.0,7,0,0.931,2968.0,0.0,3,Survivalist
0.0,0.0,0.0,0,1,189.1,2,1,1,22,0,2,2,11.92,1521,0.0,28,26,1488,0,0.0,0,0.0,0,0,654.9,3,0,0.3333,654.9,0.5,2,Aggressive
0.0,0.0,0.0,0,3,40.6,0,0,0,55,1473,0,0,0.0,1424,0.0,96,94,0,0,0.0,0,0.0,0,0,1645.0,3,1522,0.6737,1645.0,0.0,3,Survivalist
0.0,0.0,0.0,0,0,172.6,2,0,0,40,0,1,1,7.481,1327,0.0,26,26,1362,1,0.0,0,0.0,0,0,219.7,3,0,0.2,219.7,0.0,0,Aggressive
0.0,0.0,0.0,0,2,108.1,2,0,3,13,0,2,2,39.26,1423,0.0,24,24,1469,0,0.0228,0,275.0,0,0,4877.0,7,0,1.0,5152.0228,0.0,5,Aggressive
0.0,0.0,0.0,0,0,25.8,0,0,0,58,1443,0,0,0.0,1418,0.0,97,95,0,0,0.0,0,0.0,0,0,742.2,4,1540,0.6146,742.2,0.0,0,Survivalist
0.0,0.0,0.0,1,1,115.6,1,1,4,15,1005,1,1,43.6,1342,0.0,18,17,0,0,870.3,0,0.0,0,0,2274.0,6,1503,0.8235,3144.3,1.0,5,Aggressive
0.0,0.0,0.0,0,3,181.9,0,0,8,30,0,1,1,0.0,1331,0.0,98,94,1629,0,937.5,0,0.0,0,0,2632.0,5,0,0.8866,3569.5,0.0,11,Aggressive
0.0,0.0,0.0,1,3,61.01,1,0,2,23,1431,1,1,127.2,1368,0.0,26,25,0,0,0.0,0,36.35,0,0,3088.0,6,1589,0.96,3124.35,0.0,5,Aggressive
0.0,0.0,0.0,0,0,0.0,0,0,0,47,0,0,0,0.0,1385,0.0,30,29,1501,0,0.0,0,0.0,0,0,46.06,1,0,0.8621,46.06,0.0,0,Survivalist
0.0,0.0,0.0,0,0,75.46,0,0,0,82,0,0,0,0.0,1338,0.0,29,27,1460,0,0.0,0,0.0,0,0,73.73,1,0,0.0714,73.73,0.0,0,Survivalist
0.0,0.0,0.0,0,2,17.59,0,0,2,40,1209,0,0,0.0,1919,0.0,26,25,0,0,4603.0,0,0.0,0,0,2335.0,7,1560,0.88,6938.0,0.0,4,Survivalist
0.0,0.0,0.0,0,0,0.0,0,0,0,78,1518,0,0,0.0,1299,0.0,29,28,0,0,0.0,0,0.0,0,0,0.0,5,1537,0.0,0.0,0.0,0,Survivalist
0.0,0.0,0.0,0,1,25.5,0,0,1,52,1158,0,0,0.0,1336,0.0,50,47,0,0,0.0,0,0.0,0,0,1031.0,6,1546,0.6939,1031.0,0.0,2,Survivalist
0.0,0.0,0.0,0,3,0.0,0,0,0,46,0,0,0,0.0,1406,0.0,95,91,1493,0,1125.0,0,0.0,0,0,2045.0,8,0,0.7766,3170.0,0.0,3,Survivalist
0.0,0.0,0.0,0,2,132.8,0,0,0,31,0,1,1,29.23,1869,0.0,95,94,1543,0,5067.0,0,0.0,0,0,1794.0,8,0,0.617,6861.0,0.0,2,Aggressive
0.0,0.0,0.0,0,0,0.0,0,0,0,84,1162,0,0,0.0,1951,0.0,30,29,0,0,0.0,0,0.0,0,0,89.5,2,1474,0.0,89.5,0.0,0,Survivalist
0.0,0.0,0.0,0,0,79.4,0,0,1,26,0,1,1,93.22,1448,0.0,28,28,1514,0,0.0,0,2.992,0,0,2675.0,3,0,0.7778,2677.992,0.0,1,Aggressive
0.0,0.0,0.0,0,0,437.8,2,0,0,22,1157,2,2,7.729,1382,0.0,47,46,0,0,0.0,0,0.0,0,0,1462.0,5,1510,0.5652,1462.0,0.0,0,Aggressive
0.0,0.0,0.0,0,4,0.0,0,0,7,42,0,0,0,0.0,1869,0.0,47,41,1528,0,651.1,0,0.0,0,0,2578.0,8,0,0.8043,3229.1,0.0,11,Survivalist
0.0,0.0,0.0,0,0,142.9,0,0,0,34,0,1,1,2.897,1880,0.0,94,92,1486,0,0.0,0,0.0,0,0,387.3,4,0,0.4086,387.3,0.0,0,Aggressive
0.0,0.0,0.0,0,4,585.0,6,1,3,5,0,5,2,224.9,1880,0.0,29,28,1461,0,145.9,0,0.0,0,0,2357.0,6,0,0.5714,2502.9,0.2,7,Aggressive
0.0,0.0,0.0,0,1,143.1,0,0,1,77,0,0,0,0.0,1702,0.0,27,25,1403,0,0.0,0,0.0,0,0,300.4,3,0,0.0769,300.4,0.0,2,Survivalist
0.0,0.0,0.0,0,0,100.0,1,0,1,32,1082,1,1,6.253,1383,0.0,27,27,0,0,0.0,0,0.0,0,0,374.7,6,1294,0.3077,374.7,0.0,1,Aggressive
0.0,0.0,0.0,0,1,511.3,3,2,1,8,0,3,1,98.3,1837,0.0,27,26,1586,0,0.0,0,0.0,0,0,943.7,7,0,0.6923,943.7,0.6666666666666666,2,Aggressive
0.0,0.0,0.0,0,0,0.0,0,0,0,87,0,0,0,0.0,1870,0.0,27,26,1500,0,0.0,0,0.0,0,0,282.0,5,0,0.1154,282.0,0.0,0,Survivalist
0.0,0.0,0.0,0,0,0.0,0,0,0,53,1093,0,0,0.0,1335,0.0,49,47,0,0,1147.0,0,0.0,0,0,1001.0,2,1487,0.0,2148.0,0.0,0,Survivalist
0.0,0.0,0.0,1,1,288.1,3,0,1,17,0,2,1,73.33,1985,0.0,30,28,1531,0,4178.0,0,0.0,0,0,1426.0,4,0,0.4828,5604.0,0.0,2,Aggressive
0.0,0.0,0.0,0,0,0.0,0,0,0,72,1333,0,0,0.0,1279,0.0,29,28,0,0,0.0,0,0.0,0,0,405.7,2,1508,0.3214,405.7,0.0,0,Survivalist
0.0,0.0,0.0,0,0,0.0,0,1,2,24,0,1,1,9.508,1901,0.0,97,94,1500,0,1702.0,0,0.0,0,0,0.0,6,0,0.0,1702.0,1.0,2,Aggressive
0.0,0.0,0.0,0,1,0.0,0,0,3,49,0,0,0,0.0,1865,0.0,28,28,1477,0,0.0,0,0.0,1,0,4208.0,4,0,0.7037,4208.0,0.0,4,Survivalist
0.0,0.0,0.0,0,0,135.8,1,0,1,47,0,0,0,0.0,1299,0.0,49,47,1522,0,0.0,0,0.0,0,0,1715.0,5,0,0.7083,1715.0,0.0,1,Survivalist
0.0,0.0,0.0,1,5,0.0,1,0,3,4,0,4,2,97.65,1887,0.0,46,45,1510,1,7661.0,0,0.0,0,0,0.0,5,0,0.0,7661.0,0.0,8,Aggressive
0.0,0.0,0.0,2,1,236.8,2,0,11,24,0,1,1,94.95,1810,0.0,41,40,1503,0,4337.0,0,0.0,0,0,1355.0,8,0,0.8,5692.0,0.0,12,Aggressive
0.0,0.0,0.0,0,0,0.0,0,0,0,84,0,0,0,0.0,1538,0.0,91,91,1497,0,0.0,0,0.0,0,0,61.77,1,0,0.0,61.77,0.0,0,Survivalist
0.0,0.0,0.0,0,0,87.27,0,0,0,53,0,0,0,0.0,1440,0.0,96,95,1560,0,0.0,0,0.0,0,0,1623.0,2,0,0.8421,1623.0,0.0,0,Survivalist
0.0,0.0,0.0,0,0,0.0,0,0,0,52,0,0,0,0.0,1384,0.0,48,47,1499,0,0.0,0,3.535,0,0,1553.0,9,0,0.7021,1556.535,0.0,0,Survivalist
0.0,0.0,0.0,0,0,0.0,0,0,0,88,0,0,0,0.0,1376,0.0,29,28,1500,0,0.0,0,0.0,0,0,45.9,1,0,0.0,45.9,0.0,0,Survivalist
0.0,0.0,0.0,0,0,59.26,0,0,1,61,0,0,0,0.0,1423,0.0,48,47,1551,0,0.0,0,0.0,0,0,1011.0,1,0,0.4468,1011.0,0.0,1,Survivalist
0.0,0.0,0.0,0,0,0.0,0,0,0,48,0,0,0,0.0,1789,0.0,27,27,1505,0,3802.0,0,0.0,0,0,2393.0,3,0,0.7308,6195.0,0.0,0,Survivalist
0.0,0.0,0.0,0,1,29.97,0,0,1,44,0,0,0,0.0,1763,0.0,45,44,1481,0,1131.0,0,0.0,0,0,2893.0,11,0,0.75,4024.0,0.0,2,Survivalist
0.0,0.0,0.0,1,1,153.1,2,1,4,36,1205,1,1,4.421,1879,0.0,28,27,0,1,934.3,0,0.0,0,0,2553.0,4,1496,0.5185,3487.3,1.0,5,Aggressive
0.0,0.0,0.0,0,0,0.0,0,0,0,89,1086,0,0,0.0,1340,0.0,28,28,0,0,0.0,0,0.0,0,0,138.3,2,1475,0.0741,138.3,0.0,0,Survivalist
0.0,0.0,0.0,0,0,0.0,0,0,0,95,0,0,0,0.0,1871,0.0,28,27,1510,0,0.0,0,0.0,0,0,0.0,0,0,0.0,0.0,0.0,0,Survivalist
0.0,0.0,0.0,0,2,72.22,0,0,5,52,0,0,0,0.0,1379,0.0,94,92,1620,0,0.0,0,0.0,0,0,537.3,5,0,0.5806,537.3,0.0,7,Survivalist
0.0,0.0,0.0,0,0,110.0,1,0,0,22,0,2,2,19.06,1354,0.0,49,49,1530,1,0.0,0,0.0,0,0,94.31,1,0,0.3125,94.31,0.0,0,Aggressive
0.0,0.0,0.0,0,0,0.0,0,0,0,81,0,0,0,0.0,2010,0.0,27,27,1517,0,0.0,0,0.0,0,0,95.25,1,0,0.0,95.25,0.0,0,Survivalist
0.0,0.0,0.0,0,0,29.4,0,0,0,61,1059,0,0,0.0,1431,0.0,97,96,0,0,0.0,0,0.0,0,0,100.4,2,1486,0.5,100.4,0.0,0,Survivalist
0.0,0.0,0.0,0,0,36.36,0,0,0,83,1253,0,0,0.0,1352,0.0,27,27,0,0,0.0,0,0.0,0,0,108.8,2,1542,0.1538,108.8,0.0,0,Survivalist
0.0,0.0,0.0,0,1,0.0,0,0,7,45,0,0,0,0.0,1894,0.0,28,27,1412,0,955.6,0,0.0,0,0,3294.0,2,0,0.7407,4249.6,0.0,8,Survivalist
0.0,0.0,0.0,0,0,0.0,0,0,0,87,1346,0,0,0.0,1821,0.0,28,27,0,0,0.0,0,0.0,0,0,24.24,1,1459,0.1111,24.24,0.0,0,Survivalist
0.0,0.0,0.0,0,3,24.51,0,0,5,57,0,0,0,0.0,1358,0.0,29,29,1841,0,1470.0,0,0.0,0,0,1660.0,3,0,0.5357,3130.0,0.0,8,Survivalist
0.0,0.0,0.0,0,0,0.0,0,0,0,95,0,0,0,0.0,1955,0.0,49,47,1500,0,0.0,0,0.0,0,0,29.63,0,0,0.0,29.63,0.0,0,Survivalist
0.0,0.0,0.0,0,1,295.3,2,0,1,21,1167,2,2,18.6,1454,0.0,50,47,0,0,0.0,0,0.0,0,0,2223.0,4,1507,0.6735,2223.0,0.0,2,Aggressive
0.0,0.0,0.0,0,0,44.41,0,0,0,63,0,0,0,0.0,1894,0.0,43,41,1480,1,0.0,0,0.0,0,0,542.5,3,0,0.3095,542.5,0.0,0,Survivalist
0.0,0.0,0.0,0,0,79.71,0,0,0,69,1008,0,0,0.0,1465,0.0,99,97,0,0,0.0,0,0.0,0,0,297.0,3,1501,0.4184,297.0,0.0,0,Survivalist
0.0,0.0,0.0,1,5,173.6,1,0,5,50,0,0,0,0.0,1382,0.0,48,46,1489,0,1137.0,0,0.0,0,0,2245.0,6,0,0.6809,3382.0,0.0,10,Survivalist
0.0,0.0,0.0,2,1,56.16,0,0,5,44,0,0,0,0.0,1752,0.0,28,27,1497,0,2637.0,0,0.0,0,0,2500.0,5,0,0.9259,5137.0,0.0,6,Survivalist
0.0,0.0,0.0,0,0,0.0,0,0,0,49,1041,0,0,0.0,1465,0.0,49,47,0,0,0.0,0,0.0,0,0,2481.0,6,1509,0.8125,2481.0,0.0,0,Survivalist
0.0,0.0,0.0,0,0,0.0,0,0,0,97,0,0,0,0.0,1462,0.0,98,97,1478,0,0.0,0,0.0,0,0,0.0,3,0,0.0103,0.0,0.0,0,Survivalist
0.0,0.0,0.0,0,1,57.0,0,0,0,46,0,0,0,0.0,1374,0.0,49,47,1505,0,144.9,0,0.0,0,0,3188.0,5,0,0.9583,3332.9,0.0,1,Survivalist
0.0,0.0,0.0,0,0,0.0,0,0,0,72,0,0,0,0.0,2032,0.0,49,47,1490,0,0.0,0,0.0,0,0,258.8,3,0,0.25,258.8,0.0,0,Survivalist
0.0,0.0,0.0,0,0,154.9,1,0,0,91,1456,0,0,0.0,1442,0.0,29,28,0,0,0.0,0,0.0,0,0,33.44,1,1498,0.0,33.44,0.0,0,Survivalist
0.0,0.0,0.0,0,0,40.0,0,0,1,83,0,0,0,0.0,1890,0.0,31,31,1500,0,0.0,0,0.0,0,0,435.6,2,0,0.1,435.6,0.0,1,Survivalist
0.0,0.0,0.0,0,2,0.0,0,0,1,47,1077,0,0,0.0,1389,0.0,28,27,0,0,0.0,0,60.6,0,0,1997.0,5,1521,0.0,2057.6,0.0,3,Survivalist
0.0,0.0,0.0,1,4,239.1,1,1,1,20,0,1,1,116.9,1320,0.0,27,25,1527,0,1710.0,0,2.106,0,0,2216.0,7,0,1.0,3928.106,1.0,5,Aggressive
0.0,0.0,0.0,0,0,0.0,0,0,0,97,0,0,0,0.0,1372,0.0,98,96,1645,0,0.0,0,0.0,0,0,0.0,0,0,0.0,0.0,0.0,0,Survivalist
0.0,0.0,0.0,0,0,0.0,0,0,0,48,1183,0,0,0.0,1886,0.0,28,27,0,1,4748.0,0,0.0,0,0,1897.0,3,1474,0.7778,6645.0,0.0,0,Survivalist
0.0,0.0,0.0,0,2,388.8,3,2,9,4,0,5,2,70.76,1324,0.0,28,28,1537,0,0.0,0,2.222,0,0,3033.0,7,0,1.0,3035.222,0.4,11,Aggressive
0.0,0.0,0.0,0,6,0.0,2,0,2,5,0,3,1,82.86,1176,0.0,29,27,1480,0,0.0,0,0.3467,0,0,3351.0,6,0,1.0,3351.3467,0.0,8,Aggressive
0.0,0.0,0.0,0,0,45.81,0,0,0,46,1230,0,0,0.0,1252,0.0,26,25,0,0,0.0,0,0.0,0,0,1694.0,3,1533,0.68,1694.0,0.0,0,Survivalist
0.0,0.0,0.0,0,0,0.0,0,0,0,92,1259,0,0,0.0,1388,0.0,28,27,0,0,0.0,0,0.0,0,0,47.12,1,1429,0.0,47.12,0.0,0,Survivalist
0.0,0.0,0.0,1,0,80.86,0,0,0,86,1215,0,0,0.0,1380,0.0,26,26,0,0,0.0,0,0.0,0,0,84.09,2,1563,0.08,84.09,0.0,0,Survivalist
0.0,0.0,0.0,0,1,150.0,1,0,1,34,1699,1,1,17.66,1396,0.0,29,28,0,0,0.0,0,0.0,0,0,243.4,3,1488,0.2857,243.4,0.0,2,Aggressive
0.0,0.0,0.0,0,0,201.8,1,0,1,35,1466,1,1,34.47,1346,0.0,49,48,0,1,0.0,0,0.0,0,0,256.1,3,1502,0.375,256.1,0.0,1,Aggressive
0.0,0.0,0.0,0,0,71.37,0,0,0,75,1297,0,0,0.0,1355,0.0,49,47,0,0,0.0,0,0.0,0,0,106.8,1,1623,0.2292,106.8,0.0,0,Survivalist
0.0,0.0,0.0,0,0,0.0,0,0,0,92,1211,0,0,0.0,1378,0.0,99,96,0,0,0.0,0,0.0,0,0,2.069,1,1486,0.0612,2.069,0.0,0,Survivalist
0.0,0.0,0.0,0,0,217.8,0,0,0,45,1812,1,1,14.97,1359,0.0,29,29,0,0,0.0,0,0.0,0,0,159.3,1,1583,0.2143,159.3,0.0,0,Aggressive
0.0,0.0,0.0,1,6,0.0,5,1,4,4,1414,6,1,68.17,1894,0.0,49,45,0,1,0.0,0,29.9,0,0,0.0,5,1537,0.0,29.9,0.16666666666666666,10,Aggressive
0.0,0.0,0.0,1,2,559.8,3,1,1,11,0,2,1,136.6,1945,0.0,27,23,1479,2,5396.0,0,0.0,0,0,2445.0,7,0,1.0,7841.0,0.5,3,Aggressive
0.0,0.0,0.0,0,0,0.0,0,0,0,79,1468,0,0,0.0,1881,0.0,91,87,0,0,0.0,0,0.0,0,0,60.6,2,1520,0.1333,60.6,0.0,0,Survivalist
0.0,0.0,0.0,0,1,281.8,3,1,8,10,1650,3,3,34.97,1340,0.0,32,32,0,0,0.0,0,0.0,0,0,2779.0,4,1461,0.8387,2779.0,0.3333333333333333,9,Aggressive
0.0,0.0,0.0,0,0,0.0,0,0,0,44,1125,0,0,0.0,1343,0.0,28,28,0,0,0.0,0,0.0,0,0,2480.0,3,1469,0.8519,2480.0,0.0,0,Survivalist
0.0,0.0,0.0,0,1,0.0,1,1,11,12,0,2,1,13.39,1370,0.0,48,47,1484,0,0.0,0,0.0,0,0,1818.0,6,0,0.0,1818.0,0.5,12,Aggressive
0.0,0.0,0.0,0,4,0.0,0,0,0,47,1037,0,0,0.0,1266,0.0,95,92,0,0,0.0,0,0.0,0,0,1637.0,4,1515,0.9149,1637.0,0.0,4,Survivalist
0.0,0.0,0.0,0,0,25.87,0,0,0,72,1224,0,0,0.0,1827,0.0,28,28,0,0,269.6,0,0.0,0,0,1564.0,6,1472,0.2963,1833.6,0.0,0,Survivalist
0.0,0.0,0.0,0,0,0.0,0,0,0,69,0,0,0,0.0,1781,0.0,28,27,1394,0,0.0,0,0.0,0,0,582.0,4,0,0.2963,582.0,0.0,0,Survivalist
0.0,0.0,0.0,0,0,0.0,0,0,0,81,0,0,0,0.0,1919,0.0,48,45,1506,0,0.0,0,0.0,0,0,63.58,2,0,0.1064,63.58,0.0,0,Survivalist
0.0,0.0,0.0,0,0,0.0,0,0,0,67,0,0,0,0.0,1291,0.0,28,28,1401,0,0.0,0,0.0,0,0,626.1,3,0,0.3333,626.1,0.0,0,Survivalist
0.0,0.0,0.0,1,0,199.2,1,0,0,33,0,1,1,48.49,1344,0.0,27,27,1207,0,0.0,0,0.0,0,0,1807.0,8,0,0.6538,1807.0,0.0,0,Aggressive
0.0,0.0,0.0,0,4,254.2,0,0,7,13,0,2,1,31.12,1953,0.0,97,96,1507,0,782.2,0,0.0,0,0,2165.0,7,0,0.9479,2947.2,0.0,11,Aggressive
0.0,0.0,0.0,0,1,87.15,1,0,1,24,0,1,1,116.1,1735,0.0,25,22,1508,0,1717.0,0,0.0,0,0,1268.0,3,0,0.375,2985.0,0.0,2,Aggressive
0.0,0.0,0.0,0,0,55.0,0,0,0,76,0,0,0,0.0,1894,0.0,96,89,1498,0,0.0,0,0.0,0,0,465.4,4,0,0.2421,465.4,0.0,0,Survivalist
0.0,0.0,0.0,0,0,25.74,0,0,0,63,0,0,0,0.0,1746,0.0,26,25,1421,0,70.15,0,0.0,0,0,1013.0,3,0,0.4,1083.15,0.0,0,Survivalist
0.0,0.0,0.0,0,0,0.0,0,0,1,78,0,0,0,0.0,1385,0.0,26,26,1486,0,0.0,0,0.0,0,0,190.2,2,0,0.16,190.2,0.0,1,Survivalist
0.0,0.0,0.0,0,0,0.0,0,0,0,91,0,0,0,0.0,1391,0.0,28,27,1515,0,0.0,0,0.0,0,0,29.11,1,0,0.0,29.11,0.0,0,Survivalist
0.0,0.0,0.0,0,0,26.46,0,0,2,81,1450,0,0,0.0,1257,0.0,28,26,0,0,0.0,0,0.0,0,0,117.7,1,1542,0.0,117.7,0.0,2,Survivalist
0.0,0.0,0.0,0,0,129.0,1,0,11,29,991,1,1,42.78,1457,0.0,30,29,0,0,864.9,0,0.0,0,0,1983.0,6,1447,0.5517,2847.9,0.0,11,Aggressive
0.0,0.0,0.0,0,0,200.0,0,0,0,17,1390,2,1,63.99,1834,0.0,93,92,0,0,0.0,0,0.0,0,0,1012.0,4,1537,0.5543,1012.0,0.0,0,Aggressive
0.0,0.0,0.0,0,0,202.3,1,0,0,44,0,0,0,0.0,1798,0.0,48,47,1500,0,1184.0,0,0.0,0,0,2857.0,5,0,0.8298,4041.0,0.0,0,Survivalist
0.0,0.0,0.0,1,0,306.9,3,1,0,16,0,3,3,61.54,1816,0.0,31,31,1508,1,956.0,0,0.0,0,0,2049.0,6,0,0.4,3005.0,0.3333333333333333,0,Aggressive
0.0,0.0,0.0,0,0,0.0,0,0,0,91,1310,0,0,0.0,1403,0.0,97,96,0,0,0.0,0,0.0,0,0,8.016,1,1514,0.0521,8.016,0.0,0,Survivalist
0.0,0.0,0.0,0,1,182.6,0,0,6,29,0,1,1,11.85,1810,0.0,49,49,1491,2,0.0,0,0.0,0,0,1522.0,3,0,0.6667,1522.0,0.0,7,Aggressive
0.0,0.0,0.0,0,2,104.4,0,0,1,39,0,0,0,0.0,1798,0.0,25,22,1497,0,1539.0,0,0.0,0,0,3881.0,10,0,0.75,5420.0,0.0,3,Survivalist
0.0,0.0,0.0,0,0,200.0,1,0,0,19,0,2,2,10.48,1341,0.0,45,44,1515,0,0.0,0,0.0,0,0,191.2,1,0,0.2273,191.2,0.0,0,Aggressive
0.0,0.0,0.0,0,0,4.45,0,2,7,36,1005,1,1,1.706,1514,0.0,30,28,0,0,0.0,0,0.0,0,0,179.0,2,1500,0.3103,179.0,2.0,7,Aggressive
0.0,0.0,0.0,0,1,326.6,2,0,0,18,0,2,1,26.8,1345,0.0,49,49,1542,0,0.0,0,0.0,0,0,2176.0,4,0,0.875,2176.0,0.0,1,Aggressive
0.0,0.0,0.0,0,0,225.4,2,0,0,35,0,1,1,6.957,1365,0.0,29,29,1440,0,0.0,0,0.0,0,0,582.3,2,0,0.2857,582.3,0.0,0,Aggressive
0.0,0.0,0.0,0,0,0.0,0,0,0,68,1338,0,0,0.0,1867,0.0,44,39,0,0,0.0,0,0.0,0,0,13.05,1,1540,0.186,13.05,0.0,0,Survivalist
0.0,0.0,0.0,0,0,60.2,0,0,0,94,1335,0,0,0.0,1883,0.0,49,49,0,0,0.0,0,0.0,0,0,4.536,1,1497,0.0417,4.536,0.0,0,Survivalist
0.0,0.0,0.0,0,0,16.83,0,0,0,84,0,0,0,0.0,1286,0.0,28,28,1496,0,0.0,0,0.0,0,0,660.2,1,0,0.1852,660.2,0.0,0,Survivalist
0.0,0.0,0.0,0,2,445.0,1,3,1,9,0,2,1,25.92,1439,0.0,48,45,1528,0,0.0,0,0.0,0,0,2633.0,6,0,0.9574,2633.0,1.5,3,Aggressive
0.0,0.0,0.0,0,0,19.31,0,0,0,76,1265,0,0,0.0,1798,0.0,29,28,0,0,0.0,0,0.0,0,0,582.1,3,1471,0.2857,582.1,0.0,0,Survivalist
0.0,0.0,0.0,2,4,294.1,2,0,8,14,1329,2,1,10.18,1354,0.0,47,43,0,1,0.0,0,32.9,0,0,1373.0,4,1542,0.8913,1405.9,0.0,12,Aggressive
0.0,0.0,0.0,0,5,102.0,0,0,6,23,0,1,1,32.66,1338,0.0,26,24,1470,0,0.0,0,0.0,0,0,3618.0,2,0,0.96,3618.0,0.0,11,Aggressive
0.0,0.0,0.0,0,2,0.0,1,0,3,52,0,0,0,0.0,1943,0.0,48,46,1502,0,2443.0,0,0.0,0,0,1840.0,4,0,0.6596,4283.0,0.0,5,Survivalist
0.0,0.0,0.0,0,2,19.04,0,0,4,51,0,0,0,0.0,1315,0.0,29,28,1502,0,0.0,0,0.0,0,0,2174.0,3,0,0.8214,2174.0,0.0,6,Survivalist
0.0,0.0,0.0,0,4,340.3,1,0,2,43,0,0,0,0.0,2192,0.0,27,26,1623,0,2332.0,0,0.0,0,0,3657.0,8,0,1.0,5989.0,0.0,6,Survivalist
0.0,0.0,0.0,0,0,86.24,0,0,0,65,0,0,0,0.0,1941,0.0,95,93,1515,0,0.0,0,0.0,0,0,446.8,4,0,0.0,446.8,0.0,0,Survivalist
0.0,0.0,0.0,0,0,0.0,0,0,0,69,0,0,0,0.0,1303,0.0,29,28,1500,0,0.0,0,0.0,0,0,626.9,3,0,0.0,626.9,0.0,0,Survivalist
0.0,0.0,0.0,0,2,371.6,2,1,4,10,0,3,1,32.42,2060,0.0,48,45,1521,0,0.0,0,0.0,0,0,938.1,6,0,0.5106,938.1,0.3333333333333333,6,Aggressive
0.0,0.0,0.0,0,0,0.0,0,0,0,70,1149,0,0,0.0,1841,0.0,48,48,0,0,681.7,0,0.0,0,0,368.1,3,1481,0.2766,1049.8000000000002,0.0,0,Survivalist
0.0,0.0,0.0,0,0,69.93,0,0,0,79,1198,0,0,0.0,1924,0.0,29,29,0,0,0.0,0,0.0,0,0,289.2,3,1501,0.2143,289.2,0.0,0,Survivalist
0.0,0.0,0.0,0,0,0.0,0,0,0,91,0,0,0,0.0,1360,0.0,31,30,1412,0,0.0,0,0.0,0,0,44.18,1,0,0.0333,44.18,0.0,0,Survivalist
0.0,0.0,0.0,1,3,121.5,1,0,2,20,0,1,1,14.89,1804,0.0,45,44,1500,0,5128.0,0,0.0,0,1,3820.0,4,0,0.9773,8948.0,0.0,5,Aggressive
0.0,0.0,0.0,1,2,15.11,0,0,0,39,0,0,0,0.0,1326,0.0,30,29,1448,0,0.0,0,0.0,0,0,3844.0,7,0,0.9655,3844.0,0.0,2,Survivalist
0.0,0.0,0.0,0,0,0.0,0,0,0,54,0,0,0,0.0,1343,0.0,50,49,1491,0,0.0,0,0.0,0,0,689.9,3,0,0.551,689.9,0.0,0,Survivalist
0.0,0.0,0.0,0,0,0.0,0,0,0,79,0,0,0,0.0,1376,0.0,27,26,1459,0,0.0,0,0.0,0,0,14.4,1,0,0.0385,14.4,0.0,0,Survivalist
0.0,0.0,0.0,0,0,13.29,0,0,0,89,0,0,0,0.0,1871,0.0,47,46,1497,0,0.0,0,0.0,0,0,38.07,2,0,0.0217,38.07,0.0,0,Survivalist
0.0,0.0,0.0,0,1,5.328,0,0,1,57,1383,0,0,0.0,1325,0.0,28,28,0,0,1040.0,0,0.0,0,0,432.2,3,1485,0.4815,1472.2,0.0,2,Survivalist
0.0,0.0,0.0,0,3,0.0,0,0,1,44,0,0,0,0.0,1381,0.0,48,47,1479,0,0.0,0,0.0,0,0,2785.0,12,0,0.9362,2785.0,0.0,4,Survivalist
0.0,0.0,0.0,0,1,22.05,0,0,1,69,1278,0,0,0.0,1890,0.0,29,28,0,0,0.0,0,0.0,0,0,700.0,8,1519,0.2857,700.0,0.0,2,Survivalist
0.0,0.0,0.0,0,2,0.0,0,0,0,24,0,60,1,12.59,1397,0.0,48,47,1500,0,0.0,0,71.71,0,0,0.0,4,0,0.0,71.71,0.0,2,Aggressive
0.0,0.0,0.0,2,3,0.0,1,1,3,32,0,1,1,1.629,1340,0.0,29,29,1357,0,1707.0,0,0.0,0,0,1195.0,7,0,0.75,2902.0,1.0,6,Aggressive
0.0,0.0,0.0,0,0,0.0,0,0,0,64,0,0,0,0.0,1416,0.0,94,89,1500,0,0.0,0,0.0,0,0,0.0,0,0,0.3656,0.0,0.0,0,Survivalist
0.0,0.0,0.0,0,6,29.15,0,0,5,48,0,0,0,0.0,1357,0.0,28,26,1500,0,0.0,0,0.0,0,0,3701.0,8,0,0.8519,3701.0,0.0,11,Survivalist
0.0,0.0,0.0,1,1,27.15,0,0,1,68,1143,0,0,0.0,1442,0.0,48,43,0,0,0.0,0,0.0,0,0,169.5,1,1520,0.3191,169.5,0.0,2,Survivalist
0.0,0.0,0.0,0,3,341.1,5,1,0,4,0,5,2,11.31,1357,0.0,29,28,1438,1,0.0,0,0.0,0,0,354.8,3,0,0.25,354.8,0.2,3,Aggressive
0.0,0.0,0.0,2,1,113.3,0,0,1,51,1773,0,0,0.0,1895,0.0,26,26,0,0,2613.0,0,0.0,0,0,1251.0,3,1812,0.6,3864.0,0.0,2,Survivalist
0.0,0.0,0.0,0,0,0.0,0,0,0,60,1428,0,0,0.0,1420,0.0,97,93,0,0,0.0,0,0.0,0,0,580.4,6,1523,0.5208,580.4,0.0,0,Survivalist
0.0,0.0,0.0,0,3,42.75,0,0,2,39,0,0,0,0.0,1457,0.0,47,46,1575,0,0.0,0,0.0,0,0,2641.0,6,0,0.9565,2641.0,0.0,5,Survivalist
0.0,0.0,0.0,0,3,0.0,0,0,11,60,0,0,0,0.0,1756,0.0,24,24,1498,0,935.9,0,0.0,0,0,1294.0,4,0,0.0,2229.9,0.0,14,Survivalist
0.0,0.0,0.0,0,0,0.0,0,0,0,73,0,0,0,0.0,1385,0.0,26,25,1417,0,0.0,0,0.0,0,0,209.5,2,0,0.16,209.5,0.0,0,Survivalist
0.0,0.0,0.0,0,0,122.7,1,2,0,21,0,2,1,15.97,1888,0.0,27,27,1489,0,0.0,0,0.0,0,0,269.5,2,0,0.2692,269.5,1.0,0,Aggressive
0.0,0.0,0.0,0,0,0.0,0,0,0,88,0,0,0,0.0,1801,0.0,45,42,1514,0,0.0,0,0.0,0,0,10.44,0,0,0.0,10.44,0.0,0,Survivalist
0.0,0.0,0.0,0,3,113.8,2,1,1,12,0,2,1,158.6,1385,0.0,29,28,1447,0,921.3,0,0.0,0,0,1365.0,5,0,0.6071,2286.3,0.5,4,Aggressive
0.0,0.0,0.0,1,3,84.58,1,0,10,25,0,1,1,3.554,1916,0.0,27,25,1500,0,2414.0,0,0.0,0,0,2502.0,6,0,0.7308,4916.0,0.0,13,Aggressive
0.0,0.0,0.0,0,3,382.7,4,0,2,9,0,3,1,74.16,1386,0.0,25,25,1222,0,280.7,0,5.323,0,0,1225.0,6,0,0.625,1511.0230000000001,0.0,5,Aggressive
0.0,0.0,0.0,0,0,100.0,0,0,1,33,0,1,1,32.28,1337,0.0,96,95,1572,0,0.0,0,0.0,0,0,873.1,4,0,0.5579,873.1,0.0,1,Aggressive
0.0,0.0,0.0,0,0,0.0,0,0,0,80,0,0,0,0.0,1973,0.0,49,47,1504,0,0.0,0,0.0,0,0,16.34,2,0,0.1875,16.34,0.0,0,Survivalist
0.0,0.0,0.0,0,0,57.85,0,0,0,82,1460,0,0,0.0,1358,0.0,87,87,0,0,0.0,0,0.0,0,0,38.62,2,1510,0.0581,38.62,0.0,0,Survivalist
0.0,0.0,0.0,1,0,242.5,1,0,0,82,0,0,0,0.0,1761,0.0,30,29,1377,0,0.0,0,0.0,0,0,239.1,1,0,0.1724,239.1,0.0,0,Survivalist
0.0,0.0,0.0,0,2,0.0,0,0,0,57,0,0,0,0.0,1981,0.0,48,46,1566,0,4098.0,0,0.0,0,0,922.5,5,0,0.4894,5020.5,0.0,2,Survivalist
0.0,0.0,0.0,0,9,100.0,0,1,0,21,1195,1,1,88.36,1365,0.0,97,96,0,0,0.0,0,0.0,0,0,2395.0,5,1498,0.875,2395.0,1.0,9,Aggressive
0.0,0.0,0.0,0,1,15.3,0,0,1,45,1000,0,0,0.0,1324,0.0,50,46,0,0,0.0,0,0.0,0,0,2259.0,4,1500,0.0,2259.0,0.0,2,Survivalist
0.0,0.0,0.0,0,1,0.0,0,0,1,59,0,0,0,0.0,1957,0.0,94,92,1593,0,2772.0,0,0.0,0,0,544.6,3,0,0.4839,3316.6,0.0,2,Survivalist
0.0,0.0,0.0,0,0,0.0,0,0,0,99,0,0,0,0.0,1985,0.0,30,26,1500,0,0.0,0,0.0,0,0,20.31,0,0,0.0,20.31,0.0,0,Survivalist
0.0,0.0,0.0,0,0,0.0,0,0,0,86,0,0,0,0.0,1388,0.0,94,94,1494,0,0.0,0,0.0,0,0,0.0,1,0,0.0,0.0,0.0,0,Survivalist
0.0,0.0,0.0,0,0,59.57,0,0,0,61,0,0,0,0.0,1462,0.0,28,28,1454,0,0.0,0,0.0,0,0,1550.0,3,0,0.5556,1550.0,0.0,0,Survivalist
0.0,0.0,0.0,1,2,0.0,10,3,4,1,0,10,2,361.6,1961,0.0,26,25,1670,4,0.0,0,95.41,0,0,4063.0,7,0,0.84,4158.41,0.3,6,Aggressive
0.0,0.0,0.0,0,0,136.7,2,0,1,11,1321,2,1,121.4,1239,0.0,28,27,0,0,1340.0,0,0.0,0,0,1586.0,5,1443,0.0,2926.0,0.0,1,Aggressive
0.0,0.0,0.0,0,0,29.36,0,0,0,92,0,0,0,0.0,1864,0.0,99,97,1500,0,0.0,0,0.0,0,0,25.3,1,0,0.0714,25.3,0.0,0,Survivalist
0.0,0.0,0.0,0,0,150.3,1,0,0,69,1146,0,0,0.0,1546,0.0,47,44,0,0,0.0,0,0.0,0,0,257.4,3,1530,0.3478,257.4,0.0,0,Survivalist
0.0,0.0,0.0,0,3,85.21,1,0,4,47,0,0,0,0.0,1821,0.0,25,25,1765,0,1145.0,0,33.06,0,0,3942.0,4,0,0.6667,5120.06,0.0,7,Survivalist
0.0,0.0,0.0,1,2,39.67,0,0,0,46,0,0,0,0.0,1381,0.0,48,45,1475,0,0.0,0,0.0,0,0,2038.0,4,0,0.9362,2038.0,0.0,2,Survivalist
0.0,0.0,0.0,1,1,295.1,4,2,4,3,0,5,1,140.9,1371,0.0,28,26,1453,3,1456.0,0,0.0,0,0,1883.0,12,0,0.7037,3339.0,0.4,5,Aggressive
0.0,0.0,0.0,0,0,24.67,0,0,0,62,1473,0,0,0.0,1772,0.0,48,45,0,0,3915.0,0,0.0,0,0,1120.0,3,1546,0.4681,5035.0,0.0,0,Survivalist
0.0,0.0,0.0,0,2,185.6,2,0,12,13,1294,2,1,45.38,1793,0.0,30,29,0,1,1598.0,0,0.0,2,0,1860.0,5,1532,0.5172,3458.0,0.0,14,Aggressive
0.0,0.0,0.0,0,0,200.0,2,1,0,15,1078,2,2,25.06,1370,0.0,28,28,0,0,0.0,0,0.0,0,0,148.6,3,1501,0.963,148.6,0.5,0,Aggressive
0.0,0.0,0.0,0,0,0.0,0,0,0,89,0,0,0,0.0,1234,0.0,28,28,1461,0,0.0,0,0.0,0,0,48.22,1,0,0.037,48.22,0.0,0,Survivalist
0.0,0.0,0.0,0,0,0.0,0,0,0,94,995,0,0,0.0,1404,0.0,31,31,0,0,0.0,0,0.0,0,0,0.0,0,1489,0.0,0.0,0.0,0,Survivalist
0.0,0.0,0.0,0,0,37.73,0,0,0,75,0,0,0,0.0,1306,0.0,47,46,1452,0,0.0,0,0.0,0,0,163.3,4,0,0.1957,163.3,0.0,0,Survivalist
0.0,0.0,0.0,0,0,0.0,0,0,0,79,1207,0,0,0.0,1357,0.0,27,27,0,0,0.0,0,0.0,0,0,179.5,2,1427,0.2308,179.5,0.0,0,Survivalist
0.0,0.0,0.0,0,3,15.24,0,0,4,42,1332,0,0,0.0,1926,0.0,49,49,0,0,365.0,0,0.0,0,0,3303.0,8,1621,0.875,3668.0,0.0,7,Survivalist
0.0,0.0,0.0,1,2,62.51,0,0,0,59,1445,0,0,0.0,1330,0.0,33,33,0,0,582.6,0,0.0,0,0,494.8,4,1416,0.375,1077.4,0.0,2,Survivalist
0.0,0.0,0.0,0,0,146.7,1,0,0,29,0,1,1,20.08,1379,0.0,48,45,1480,0,0.0,0,0.0,0,0,806.9,4,0,0.5532,806.9,0.0,0,Aggressive
0.0,0.0,0.0,0,0,25.71,0,0,0,83,0,0,0,0.0,1425,0.0,46,45,1485,0,0.0,0,0.0,0,0,100.7,1,0,0.1111,100.7,0.0,0,Survivalist
0.0,0.0,0.0,0,0,0.0,0,0,0,85,1183,0,0,0.0,1262,0.0,27,27,0,0,0.0,0,0.0,0,0,184.0,3,1474,0.0,184.0,0.0,0,Survivalist
0.0,0.0,0.0,0,3,580.0,0,2,5,1,0,6,2,56.73,1395,0.0,97,96,1508,0,0.0,0,0.0,0,0,2380.0,7,0,1.0,2380.0,0.3333333333333333,8,Aggressive
0.0,0.0,0.0,0,0,147.0,2,1,2,13,0,2,1,26.95,1297,0.0,27,26,1480,0,0.0,0,0.0,0,0,942.1,5,0,0.8846,942.1,0.5,2,Aggressive
0.0,0.0,0.0,0,0,185.6,1,0,1,40,0,1,1,0.7985,1802,0.0,26,26,1487,0,0.0,0,0.0,0,0,50.04,2,0,0.0,50.04,0.0,1,Aggressive
0.0,0.0,0.0,0,4,0.0,0,0,6,48,0,0,0,0.0,1860,0.0,27,27,1490,0,6569.0,0,152.2,0,0,1173.0,7,0,0.6538,7894.2,0.0,10,Survivalist
0.0,0.0,0.0,0,2,130.3,1,0,1,34,0,1,1,13.41,1248,0.0,32,30,1500,0,80.53,0,0.0,0,0,1944.0,8,0,0.6774,2024.53,0.0,3,Aggressive
0.0,0.0,0.0,0,0,0.0,0,0,0,54,0,0,0,0.0,1834,0.0,96,94,1651,0,0.0,0,0.0,0,0,499.7,8,0,0.5579,499.7,0.0,0,Survivalist
0.0,0.0,0.0,0,0,200.0,1,1,1,21,1417,2,1,10.78,1351,0.0,29,29,0,0,0.0,0,0.0,0,0,73.29,2,1420,0.1786,73.29,0.5,1,Aggressive
0.0,0.0,0.0,0,1,0.0,2,0,1,9,1030,3,2,10.71,1338,0.0,28,26,0,0,0.0,0,0.0,0,0,0.0,4,1510,0.0,0.0,0.0,2,Aggressive
0.0,0.0,0.0,1,2,0.0,1,0,0,36,1188,1,1,17.24,1303,0.0,29,29,0,0,0.0,0,0.0,0,0,772.5,5,1504,0.3571,772.5,0.0,2,Aggressive
0.0,0.0,0.0,0,0,90.3,0,0,0,92,0,0,0,0.0,1781,0.0,31,30,1454,0,0.0,0,0.0,0,0,190.4,3,0,0.0667,190.4,0.0,0,Survivalist
0.0,0.0,0.0,2,0,197.9,1,0,0,34,0,1,1,13.5,1321,0.0,27,26,1494,0,0.0,0,0.0,0,0,1997.0,2,0,0.4615,1997.0,0.0,0,Aggressive
0.0,0.0,0.0,0,1,302.8,1,1,8,16,1325,2,1,25.66,1791,0.0,27,26,0,0,5768.0,0,19.92,0,0,2227.0,7,1460,0.7308,8014.92,0.5,9,Aggressive
0.0,0.0,0.0,1,1,189.9,2,0,1,17,1567,2,1,47.48,1849,0.0,27,25,0,0,0.0,0,0.0,0,0,1696.0,6,1493,0.3846,1696.0,0.0,2,Aggressive
0.0,0.0,0.0,0,0,28.38,0,0,0,55,0,0,0,0.0,1919,0.0,99,93,1609,0,0.0,0,0.0,0,0,2001.0,5,0,0.4796,2001.0,0.0,0,Survivalist
0.0,0.0,0.0,0,4,188.2,0,0,6,21,1000,1,1,4.434,1896,0.0,83,78,0,0,5094.0,0,0.0,0,0,677.5,8,1500,0.7927,5771.5,0.0,10,Aggressive
0.0,0.0,0.0,0,1,325.7,1,0,2,9,1469,2,1,6.947,1875,0.0,46,44,0,0,0.0,0,0.0,0,0,2604.0,3,1613,0.9778,2604.0,0.0,3,Aggressive
0.0,0.0,0.0,0,0,0.0,0,0,0,67,1371,0,0,0.0,1950,0.0,29,27,0,0,0.0,0,0.0,0,0,1353.0,7,1460,0.25,1353.0,0.0,0,Survivalist
0.0,0.0,0.0,0,2,117.6,0,0,1,42,1197,0,0,0.0,1325,0.0,29,28,0,0,0.0,0,0.0,0,0,2233.0,7,1473,0.7857,2233.0,0.0,3,Survivalist
0.0,0.0,0.0,1,3,293.6,0,1,1,12,0,2,1,140.7,1390,0.0,27,26,1463,0,568.8,0,0.0,0,0,2817.0,6,0,0.9615,3385.8,0.5,4,Aggressive
0.0,0.0,0.0,1,0,90.01,0,0,0,71,0,0,0,0.0,1372,0.0,28,27,1483,0,0.0,0,0.0,0,0,557.9,3,0,0.2963,557.9,0.0,0,Survivalist
0.0,0.0,0.0,1,5,536.3,3,0,1,3,1774,4,2,39.57,1934,0.0,30,28,0,0,0.0,0,0.0,0,0,5701.0,4,1536,1.0,5701.0,0.0,6,Aggressive
0.0,0.0,0.0,0,0,200.0,2,0,0,22,1510,2,2,38.22,1432,0.0,29,28,0,0,0.0,0,0.0,0,0,205.3,1,1400,0.1786,205.3,0.0,0,Aggressive
0.0,0.0,0.0,1,2,32.77,0,0,0,44,0,0,0,0.0,1391,0.0,29,26,1473,0,0.0,0,0.0,0,0,3426.0,6,0,1.0,3426.0,0.0,2,Survivalist
0.0,0.0,0.0,0,0,0.0,0,0,0,90,0,0,0,0.0,1930,0.0,29,26,1464,0,0.0,0,0.0,0,0,0.0,0,0,0.0,0.0,0.0,0,Survivalist
0.0,0.0,0.0,0,4,174.0,0,0,9,20,0,1,1,33.37,1949,0.0,45,44,1624,1,1306.0,0,0.0,0,0,2059.0,3,0,0.9773,3365.0,0.0,13,Aggressive
0.0,0.0,0.0,0,1,31.32,0,0,1,40,1265,1,1,11.02,1803,0.0,29,29,0,0,0.0,0,0.0,0,0,265.1,1,1455,0.2143,265.1,0.0,2,Aggressive
0.0,0.0,0.0,0,1,275.0,2,1,1,8,1000,3,2,31.24,1867,0.0,28,25,0,0,0.0,0,0.0,0,0,359.2,4,1500,0.2963,359.2,0.3333333333333333,2,Aggressive
0.0,0.0,0.0,0,1,0.0,0,0,2,45,0,0,0,0.0,1836,0.0,48,48,1480,0,5443.0,0,0.0,0,0,1877.0,4,0,0.766,7320.0,0.0,3,Survivalist
0.0,0.0,0.0,0,0,99.06,0,0,0,98,1430,0,0,0.0,1379,0.0,98,96,0,0,0.0,0,0.0,0,0,10.3,1,1536,0.0,10.3,0.0,0,Survivalist
0.0,0.0,0.0,0,0,0.0,0,0,0,80,0,0,0,0.0,1844,0.0,29,29,1471,0,0.0,0,0.0,0,0,201.2,2,0,0.25,201.2,0.0,0,Survivalist
0.0,0.0,0.0,0,0,0.0,0,0,0,66,0,0,0,0.0,1417,0.0,98,95,1509,0,0.0,0,0.0,0,0,260.9,3,0,0.4021,260.9,0.0,0,Survivalist
0.0,0.0,0.0,0,0,0.0,0,0,0,51,1374,0,0,0.0,1796,0.0,44,42,0,0,0.0,0,0.0,0,0,472.6,5,1469,0.4884,472.6,0.0,0,Survivalist
0.0,0.0,0.0,2,3,169.1,0,1,6,6,0,2,1,247.3,1858,0.0,19,19,1549,0,4389.0,0,0.0,0,0,2979.0,12,0,0.8889,7368.0,0.5,9,Aggressive
0.0,0.0,0.0,0,2,0.0,0,0,2,49,0,0,0,0.0,1633,0.0,98,91,1486,0,5587.0,0,0.0,0,0,0.0,3,0,0.0,5587.0,0.0,4,Survivalist
0.0,0.0,0.0,0,0,132.3,1,0,0,42,0,1,1,7.249,1317,0.0,31,31,1371,0,0.0,0,0.0,0,0,109.1,2,0,0.2,109.1,0.0,0,Aggressive
0.0,0.0,0.0,0,6,0.0,2,1,10,8,0,3,1,95.62,1773,0.0,28,27,1483,2,2866.0,0,0.0,0,0,2278.0,5,0,0.7407,5144.0,0.3333333333333333,16,Aggressive
0.0,0.0,0.0,1,2,246.6,0,0,6,20,0,1,1,3.027,1847,0.0,45,45,1812,1,0.0,0,0.0,0,0,2116.0,9,0,1.0,2116.0,0.0,8,Aggressive
0.0,0.0,0.0,0,5,86.0,0,1,0,25,1397,1,1,49.53,1350,0.0,94,90,0,0,0.0,0,0.0,0,0,3028.0,8,1621,0.8817,3028.0,1.0,5,Aggressive
0.0,0.0,0.0,0,4,130.2,1,0,5,23,0,1,1,80.62,1449,0.0,47,46,1498,0,0.0,0,66.87,0,0,2669.0,6,0,1.0,2735.87,0.0,9,Aggressive
0.0,0.0,0.0,0,4,261.0,0,1,0,15,0,2,1,51.54,1373,0.0,100,99,1528,0,0.0,0,0.0,0,0,1611.0,6,0,0.7879,1611.0,0.5,4,Aggressive
0.0,0.0,0.0,1,0,72.34,0,0,0,54,1016,0,0,0.0,1309,0.0,48,45,0,0,0.0043,0,26.56,0,0,3090.0,4,1490,0.6383,3116.5643,0.0,0,Survivalist
0.0,0.0,0.0,0,0,0.0,0,0,0,56,0,0,0,0.0,1877,0.0,46,42,1512,0,813.3,0,0.0,0,0,1419.0,3,0,0.3778,2232.3,0.0,0,Survivalist
0.0,0.0,0.0,0,0,0.0,0,0,0,81,0,0,0,0.0,1298,0.0,99,97,1559,0,0.0,0,0.0,0,0,34.04,1,0,0.2245,34.04,0.0,0,Survivalist
0.0,0.0,0.0,0,0,97.43,0,0,0,85,0,0,0,0.0,1480,0.0,49,47,1497,0,0.0,0,0.0,0,0,178.8,2,0,0.1042,178.8,0.0,0,Survivalist
0.0,0.0,0.0,0,0,0.0,0,0,0,47,0,0,0,0.0,1365,0.0,47,47,1531,0,0.0,0,0.0,0,0,49.27,2,0,0.7826,49.27,0.0,0,Survivalist
0.0,0.0,0.0,0,4,20.0,0,0,0,16,0,1,1,4.888,888,0.0,51,46,1500,0,3940.0,1,0.0,0,0,655.8,2,0,1.0,4595.8,0.0,4,Aggressive
0.0,0.0,0.0,0,0,25.8,0,0,0,79,1033,0,0,0.0,1868,0.0,27,26,0,0,0.0,0,0.0,0,0,916.7,3,1491,0.1538,916.7,0.0,0,Survivalist
0.0,0.0,0.0,0,0,79.98,0,0,4,65,0,0,0,0.0,1893,0.0,48,47,1500,0,0.0,0,0.0,0,0,443.0,4,0,0.4894,443.0,0.0,4,Survivalist
0.0,0.0,0.0,0,0,0.0,0,0,0,75,1288,0,0,0.0,1512,0.0,99,97,0,0,0.0,0,0.0,0,0,107.5,2,1481,0.2653,107.5,0.0,0,Survivalist
0.0,0.0,0.0,1,5,0.0,2,0,6,16,0,2,1,28.83,1891,0.0,49,48,1491,0,758.0,0,0.0,0,0,4816.0,7,0,0.0,5574.0,0.0,11,Aggressive
0.0,0.0,0.0,0,1,68.97,0,0,0,73,0,0,0,0.0,1442,0.0,97,96,1478,0,0.0,0,0.0,0,0,98.86,2,0,0.3229,98.86,0.0,1,Survivalist
0.0,0.0,0.0,0,1,0.0,0,0,0,75,0,0,0,0.0,1372,0.0,28,26,1470,0,0.0,0,0.0,0,0,156.1,1,0,0.1481,156.1,0.0,1,Survivalist
0.0,0.0,0.0,0,0,0.0,0,0,0,94,998,0,0,0.0,1379,0.0,27,27,0,0,0.0,0,0.0,0,0,51.9,0,1479,0.0,51.9,0.0,0,Survivalist
0.0,0.0,0.0,1,0,198.9,0,0,0,82,0,0,0,0.0,1507,0.0,28,27,1465,0,0.0,0,0.0,0,0,48.57,1,0,0.0741,48.57,0.0,0,Survivalist
0.0,0.0,0.0,1,1,0.0,0,0,0,70,1261,60,0,0.0,1382,0.0,48,47,0,0,0.0,0,0.0,0,0,0.0,2,1497,0.0,0.0,0.0,1,Aggressive
0.0,0.0,0.0,0,0,0.0,0,0,0,60,988,0,0,0.0,1482,0.0,88,77,0,0,0.0,0,0.0,0,0,255.2,4,1485,0.3678,255.2,0.0,0,Survivalist
0.0,0.0,0.0,0,3,0.0,0,0,15,47,0,0,0,0.0,1381,0.0,26,26,1523,1,555.1,0,53.31,0,0,0.0,4,0,0.0,608.4100000000001,0.0,18,Survivalist
0.0,0.0,0.0,1,5,0.0,0,0,12,25,1217,1,1,0.0,1379,0.0,27,27,0,0,47.86,0,0.0,0,0,1290.0,5,1513,0.6538,1337.86,0.0,17,Aggressive
0.0,0.0,0.0,0,0,0.0,0,0,0,89,0,0,0,0.0,1324,0.0,30,30,1480,0,0.0,0,0.0,0,0,55.25,4,0,0.069,55.25,0.0,0,Survivalist
0.0,0.0,0.0,0,0,0.0,0,0,0,69,0,0,0,0.0,1858,0.0,31,30,1500,0,408.6,0,0.0,0,0,802.0,2,0,0.3333,1210.6,0.0,0,Survivalist
0.0,0.0,0.0,0,0,157.3,1,1,0,35,1441,1,1,11.16,1781,0.0,27,26,0,0,0.0,0,0.0,0,0,245.9,2,1492,0.0,245.9,1.0,0,Aggressive
0.0,0.0,0.0,0,1,100.0,0,0,2,31,1298,1,1,6.791,1401,0.0,30,28,0,0,0.0,0,0.0,0,0,1356.0,4,1500,0.5517,1356.0,0.0,3,Aggressive
0.0,0.0,0.0,0,4,0.0,0,0,5,13,0,2,1,49.52,1882,0.0,91,88,1630,0,0.0,0,0.0,0,0,0.0,4,0,0.0,0.0,0.0,9,Aggressive
0.0,0.0,0.0,0,0,0.0,0,0,1,83,1193,0,0,0.0,1430,0.0,28,28,0,0,0.0,0,0.0,0,0,184.7,4,1531,0.1481,184.7,0.0,1,Survivalist
0.0,0.0,0.0,1,2,658.0,6,2,9,8,0,4,1,23.1,1355,0.0,28,27,1500,0,0.0,0,0.0,0,0,979.8,3,0,0.5556,979.8,0.5,11,Aggressive
0.0,0.0,0.0,0,0,0.0,0,0,0,63,0,0,0,0.0,1423,0.0,48,43,1454,0,0.0,0,0.0,0,0,122.7,3,0,0.3617,122.7,0.0,0,Survivalist
0.0,0.0,0.0,0,1,0.0,0,0,1,77,0,0,0,0.0,1283,0.0,27,27,1386,0,0.0,0,0.0,0,0,92.13,0,0,0.1538,92.13,0.0,2,Survivalist
0.0,0.0,0.0,0,0,0.0,0,0,0,80,1000,0,0,0.0,1814,0.0,90,88,0,0,299.3,0,0.0,0,0,118.3,1,1500,0.0,417.6,0.0,0,Survivalist
0.0,0.0,0.0,0,0,24.39,0,0,0,62,1131,0,0,0.0,1967,0.0,45,42,0,0,0.0,0,0.0,0,0,1122.0,3,1493,0.3636,1122.0,0.0,0,Survivalist
0.0,0.0,0.0,0,6,205.4,3,0,8,15,1089,1,1,267.3,1873,0.0,24,22,0,1,2860.0,0,0.0,0,0,2501.0,7,1532,0.8261,5361.0,0.0,14,Aggressive
0.0,0.0,0.0,0,0,0.0,0,0,0,89,1177,0,0,0.0,1940,0.0,97,97,0,0,0.0,0,0.0,0,0,44.28,2,1504,0.0833,44.28,0.0,0,Survivalist
0.0,0.0,0.0,0,0,128.0,2,0,0,20,0,2,2,9.22,1272,0.0,29,28,1491,0,0.0,0,0.0,0,0,212.3,3,0,0.5357,212.3,0.0,0,Aggressive
0.0,0.0,0.0,1,1,533.4,3,2,1,3,0,5,4,63.58,1363,0.0,28,27,1511,0,872.5,0,0.0,0,0,2619.0,5,0,0.9259,3491.5,0.4,2,Aggressive
0.0,0.0,0.0,1,2,320.4,3,1,1,10,1603,3,2,81.31,1399,0.0,50,50,0,0,0.0,0,0.0,0,0,2099.0,5,1528,0.7143,2099.0,0.3333333333333333,3,Aggressive
0.0,0.0,0.0,1,2,473.6,3,0,6,12,0,3,1,41.68,1387,0.0,47,46,1521,0,469.0,0,0.0,0,0,1876.0,5,0,0.7174,2345.0,0.0,8,Aggressive
0.0,0.0,0.0,0,0,0.0,2,1,2,8,0,3,1,34.24,1870,0.0,28,28,1474,0,0.0,0,0.0,0,0,0.0,5,0,0.0,0.0,0.3333333333333333,2,Aggressive
0.0,0.0,0.0,0,1,289.4,1,0,2,32,1306,1,1,10.08,1791,0.0,47,45,0,0,0.0,0,0.0,0,0,349.4,2,1419,0.3043,349.4,0.0,3,Aggressive
0.0,3.187090469e+304,0.0,0,0,196.6,2,0,0,20,1084,2,1,13.51,1983,0.0,30,30,0,1,0.0,0,0.0,0,0,484.1,4,1477,0.2069,484.1,0.0,0,Aggressive
0.0,0.0,0.0,0,0,0.0,0,0,0,98,1045,0,0,0.0,1349,0.0,30,30,0,0,0.0,0,0.0,0,0,1.929,0,1486,0.0,1.929,0.0,0,Survivalist
0.0,0.0,0.0,0,1,150.3,1,0,1,69,0,0,0,0.0,1366,0.0,48,47,1808,0,0.0,0,0.0,0,0,84.37,3,0,0.0,84.37,0.0,2,Survivalist
0.0,0.0,0.0,0,1,57.63,0,0,1,50,1277,0,0,0.0,1842,0.0,45,40,0,1,3394.0,0,0.0,0,0,1685.0,8,1556,0.6591,5079.0,0.0,2,Survivalist
0.0,0.0,0.0,0,0,0.0,0,0,0,56,1190,0,0,0.0,1373,0.0,30,29,0,0,0.0,0,0.0,0,0,1562.0,7,1408,0.6207,1562.0,0.0,0,Survivalist
0.0,0.0,0.0,1,2,426.9,0,0,6,6,1349,3,1,128.1,1749,0.0,92,86,0,0,0.0,0,0.0,0,0,2623.0,4,1574,0.989,2623.0,0.0,8,Aggressive
0.0,0.0,0.0,0,1,162.8,0,0,3,53,1122,0,0,0.0,1428,0.0,97,94,0,0,1904.0,0,0.0,0,0,427.9,2,1520,0.75,2331.9,0.0,4,Survivalist
0.0,0.0,0.0,2,5,450.8,2,2,2,7,1530,3,2,131.4,1280,0.0,28,28,0,0,0.0,0,0.0,0,0,3744.0,5,1774,1.0,3744.0,0.6666666666666666,7,Aggressive
0.0,0.0,0.0,0,0,100.0,1,0,0,40,0,1,1,7.604,1335,0.0,29,27,1428,0,0.0,0,0.0,0,0,100.6,1,0,0.1071,100.6,0.0,0,Aggressive
0.0,0.0,0.0,0,5,343.9,0,0,4,13,0,2,1,32.07,1777,0.0,49,48,1594,0,5477.0,0,0.0,0,0,1938.0,7,0,0.9792,7415.0,0.0,9,Aggressive
0.0,0.0,0.0,0,0,0.0,0,0,0,73,0,0,0,0.0,1447,0.0,48,46,1477,0,0.0,0,0.0,0,0,221.9,3,0,0.234,221.9,0.0,0,Survivalist
0.0,0.0,0.0,0,0,0.0,0,0,0,48,0,0,0,0.0,1872,0.0,49,47,1461,0,4467.0,0,0.0,0,0,1739.0,3,0,0.6667,6206.0,0.0,0,Survivalist
0.0,0.0,0.0,1,0,49.99,1,0,0,23,1453,1,1,91.42,1371,0.0,27,26,0,0,0.0,0,0.0,0,0,2951.0,4,1555,1.0,2951.0,0.0,0,Aggressive
0.0,0.0,0.0,0,1,123.5,0,0,6,77,0,0,0,0.0,1379,0.0,31,30,1504,0,0.0,0,0.0,0,0,1049.0,2,0,0.2333,1049.0,0.0,7,Survivalist
0.0,0.0,0.0,0,1,36.14,0,0,0,47,0,0,0,0.0,1897,0.0,97,93,1539,0,0.0,0,0.0,0,0,1280.0,6,0,0.8229,1280.0,0.0,1,Survivalist
0.0,0.0,0.0,0,0,100.0,1,0,0,75,0,0,0,0.0,1292,0.0,44,42,1488,0,0.0,0,0.0,0,0,113.6,3,0,0.1395,113.6,0.0,0,Survivalist
0.0,0.0,0.0,0,0,147.3,1,1,0,31,0,1,1,39.2,1736,0.0,27,24,1417,0,0.0,0,0.0,0,0,389.1,4,0,0.0,389.1,1.0,0,Aggressive
0.0,0.0,0.0,0,3,3.125,0,0,1,47,1044,0,0,0.0,1882,0.0,90,86,0,0,1432.0,0,0.0,0,0,1555.0,7,1516,0.6517,2987.0,0.0,4,Survivalist
0.0,0.0,0.0,0,0,0.0,0,0,0,72,0,0,0,0.0,2109,0.0,98,91,1500,0,0.0,0,0.0,0,0,37.37,1,0,0.268,37.37,0.0,0,Survivalist
0.0,0.0,0.0,0,0,134.3,1,0,0,93,0,0,0,0.0,1401,0.0,28,28,1500,0,0.0,0,0.0,0,0,60.01,2,0,0.037,60.01,0.0,0,Survivalist
0.0,0.0,0.0,0,0,71.62,0,0,0,37,1000,1,1,3.955,1921,0.0,30,27,0,0,0.0,0,0.0,0,0,338.9,3,1500,0.1724,338.9,0.0,0,Aggressive
0.0,0.0,0.0,1,4,82.72,0,0,0,44,0,0,0,0.0,1372,0.0,48,43,1529,1,285.2,0,0.0,0,0,1756.0,6,0,0.7447,2041.2,0.0,4,Survivalist
0.0,0.0,0.0,0,0,65.16,0,0,1,69,1601,0,0,0.0,1382,0.0,98,97,0,0,0.0,0,0.0,0,0,178.4,3,1392,0.3814,178.4,0.0,1,Survivalist
0.0,0.0,0.0,1,0,142.3,0,0,0,32,0,1,1,43.88,1449,0.0,95,91,1500,0,0.0,0,0.0,0,0,1206.0,2,0,0.4574,1206.0,0.0,0,Aggressive
0.0,0.0,0.0,0,0,0.0,0,0,0,69,1000,0,0,0.0,1479,0.0,96,94,0,0,0.0,0,0.0,0,0,159.0,2,1500,0.3368,159.0,0.0,0,Survivalist
0.0,0.0,0.0,0,0,119.9,0,0,0,36,1494,1,1,29.64,2195,0.0,97,94,0,0,1656.0,0,0.0,0,0,246.2,3,1602,0.3333,1902.2,0.0,0,Aggressive
0.0,0.0,0.0,0,0,0.0,0,0,0,76,1771,0,0,0.0,1435,0.0,29,28,0,0,0.0,0,0.0,0,0,93.54,3,1590,0.2857,93.54,0.0,0,Survivalist
0.0,0.0,0.0,0,0,0.0,0,0,0,78,0,0,0,0.0,1444,0.0,93,91,1507,0,0.0,0,0.0,0,0,95.41,1,0,0.1848,95.41,0.0,0,Survivalist
0.0,0.0,0.0,0,0,406.2,3,2,0,6,0,4,2,37.35,1924,0.0,26,24,1567,0,5264.0,0,0.0,0,0,1726.0,5,0,0.52,6990.0,0.5,0,Aggressive
0.0,0.0,0.0,0,4,0.0,0,0,1,15,1398,2,1,38.21,1358,0.0,97,95,0,0,1147.0,0,1.494,0,0,0.0,5,1507,0.0,1148.494,0.0,5,Aggressive
0.0,0.0,0.0,0,2,0.0,0,0,1,35,1662,0,0,0.0,1783,0.0,29,25,0,0,871.3,0,0.0,0,0,2816.0,8,1533,0.8571,3687.3,0.0,3,Survivalist
0.0,0.0,0.0,0,0,0.0,0,0,0,61,0,0,0,0.0,1920,0.0,98,95,1490,0,0.0,0,0.0,0,0,1758.0,6,0,0.4948,1758.0,0.0,0,Survivalist
0.0,0.0,0.0,1,5,172.9,3,1,2,8,1660,3,1,68.13,1360,0.0,28,28,0,1,0.0,0,0.0,0,0,2314.0,5,1580,0.8148,2314.0,0.3333333333333333,7,Aggressive
0.0,0.0,0.0,0,2,0.0,0,0,1,37,1194,0,0,0.0,1377,0.0,26,26,0,0,1264.0,0,0.0,0,0,1585.0,5,1587,0.92,2849.0,0.0,3,Survivalist
0.0,0.0,0.0,0,0,23.8,0,0,1,58,0,0,0,0.0,1396,0.0,30,30,1475,0,0.0,0,0.0,0,0,715.0,6,0,0.6552,715.0,0.0,1,Survivalist
0.0,0.0,0.0,0,0,0.0,0,1,0,18,1410,3,1,49.94,1305,0.0,96,92,0,0,0.0,0,0.0,0,0,848.9,3,1573,0.0,848.9,0.3333333333333333,0,Aggressive
0.0,0.0,0.0,0,2,286.2,1,0,2,15,1360,2,1,34.9,1944,0.0,45,42,0,0,1063.0,0,0.0,0,0,4209.0,6,1514,0.9318,5272.0,0.0,4,Aggressive
0.0,0.0,0.0,0,0,0.0,0,0,0,41,0,0,0,0.0,1929,0.0,94,91,1740,0,0.0,0,0.0,0,0,1578.0,5,0,0.8495,1578.0,0.0,0,Survivalist
0.0,0.0,0.0,0,0,0.0,1,0,0,94,0,0,0,0.0,1413,0.0,50,48,1480,0,0.0,0,0.0,0,0,81.86,1,0,0.0,81.86,0.0,0,Survivalist
0.0,0.0,0.0,0,0,0.0,0,0,0,61,1014,0,0,0.0,1358,0.0,49,47,0,0,23.74,0,0.0,0,0,276.6,2,1498,0.4375,300.34000000000003,0.0,0,Survivalist
0.0,0.0,0.0,1,2,279.9,1,1,3,9,0,3,2,131.7,1804,0.0,48,47,1477,3,3898.0,0,0.0,0,0,1993.0,5,0,0.8511,5891.0,0.3333333333333333,5,Aggressive
0.0,0.0,0.0,0,0,73.71,0,0,0,76,0,0,0,0.0,1351,0.0,27,27,1914,0,0.0,0,0.0,0,0,204.8,1,0,0.1538,204.8,0.0,0,Survivalist
0.0,0.0,0.0,0,0,0.0,0,0,0,47,0,0,0,0.0,1866,0.0,46,46,1497,0,2972.0,0,0.0,0,0,279.9,7,0,0.7111,3251.9,0.0,0,Survivalist
0.0,0.0,0.0,0,0,0.0,0,0,5,42,0,0,0,0.0,1355,0.0,28,28,1497,0,0.0,0,0.0,1,0,1448.0,3,0,0.9259,1448.0,0.0,5,Survivalist
0.0,0.0,0.0,0,1,62.47,1,0,6,31,0,1,1,34.3,1868,0.0,30,29,1514,0,2857.0,0,0.0,0,0,1784.0,7,0,0.5517,4641.0,0.0,7,Aggressive
0.0,0.0,0.0,0,0,14.6,0,0,1,45,1321,0,0,0.0,1867,0.0,28,27,0,0,1033.0,0,0.0,0,0,3888.0,5,1505,0.6667,4921.0,0.0,1,Survivalist
0.0,0.0,0.0,0,0,0.0,0,0,0,86,1024,0,0,0.0,1812,0.0,29,27,0,0,182.1,0,0.0,0,0,177.4,0,1491,0.0714,359.5,0.0,0,Survivalist
0.0,0.0,0.0,0,0,321.8,3,2,1,6,0,4,1,80.55,1293,0.0,29,28,1424,1,0.0,0,0.0,0,0,1834.0,5,0,0.6071,1834.0,0.5,1,Aggressive
0.0,0.0,0.0,0,0,0.0,0,0,0,50,1446,0,0,0.0,1865,0.0,49,47,0,0,356.4,0,0.0,0,0,3003.0,5,1543,0.6458,3359.4,0.0,0,Survivalist
0.0,0.0,0.0,0,0,0.0,0,0,0,67,0,0,0,0.0,1823,0.0,30,30,1483,0,1502.0,0,0.0,0,0,1808.0,4,0,0.4483,3310.0,0.0,0,Survivalist
0.0,0.0,0.0,0,2,0.0,0,0,0,21,0,0,0,0.0,1803,0.0,29,29,1500,0,1047.0,0,0.0,0,0,1719.0,4,0,0.0,2766.0,0.0,2,Survivalist
0.0,0.0,0.0,1,0,281.9,1,0,1,11,0,3,2,117.3,1736,0.0,47,44,1606,0,0.0,0,0.0,1,0,549.3,4,0,0.3696,549.3,0.0,1,Aggressive
0.0,0.0,0.0,0,1,43.0,0,0,0,70,1265,0,0,0.0,1450,0.0,95,94,0,0,0.0,0,0.0,0,0,110.8,3,1474,0.3298,110.8,0.0,1,Survivalist
0.0,0.0,0.0,0,0,0.0,1,1,0,35,1225,1,1,41.98,1454,0.0,50,47,0,0,0.0,0,0.0,0,0,851.3,3,1524,0.4286,851.3,1.0,0,Aggressive
0.0,0.0,0.0,0,0,0.0,0,0,0,69,0,0,0,0.0,1398,0.0,96,95,1502,0,0.0,0,0.0,0,0,403.7,1,0,0.4211,403.7,0.0,0,Survivalist
0.0,0.0,0.0,0,0,0.0,0,0,0,90,986,0,0,0.0,1368,0.0,29,29,0,0,0.0,0,0.0,0,0,39.99,1,1475,0.0357,39.99,0.0,0,Survivalist
0.0,0.0,0.0,1,1,0.0,0,0,1,31,0,1,1,28.52,1890,0.0,29,27,1487,0,0.0,0,0.0,0,0,0.0,9,0,0.0,0.0,0.0,2,Aggressive
0.0,0.0,0.0,0,0,0.0,0,0,0,75,0,0,0,0.0,1366,0.0,29,29,1500,0,0.0,0,0.0,0,0,7.63,1,0,0.25,7.63,0.0,0,Survivalist
0.0,0.0,0.0,0,0,25.8,0,0,0,45,1529,0,0,0.0,1395,0.0,48,48,0,0,0.0,0,0.0,0,0,350.8,3,1512,0.9149,350.8,0.0,0,Survivalist
0.0,0.0,0.0,0,0,0.0,0,0,0,62,0,0,0,0.0,1827,0.0,29,27,1459,0,0.0,0,0.0,0,0,0.0,5,0,0.0,0.0,0.0,0,Survivalist
0.0,0.0,0.0,0,1,0.0,0,0,0,44,0,0,0,0.0,1915,0.0,30,27,1500,0,2469.0,0,0.0,0,0,2467.0,6,0,0.7931,4936.0,0.0,1,Survivalist
0.0,0.0,0.0,0,0,100.0,1,0,1,33,0,1,1,9.717,1257,0.0,27,27,1449,0,0.0,0,0.0,0,0,193.7,3,0,0.3462,193.7,0.0,1,Aggressive
0.0,0.0,0.0,0,0,0.0,0,0,0,94,1207,0,0,0.0,1880,0.0,98,97,0,0,0.0,0,0.0,0,0,71.03,1,1534,0.0412,71.03,0.0,0,Survivalist
0.0,0.0,0.0,0,1,79.09,1,0,0,27,1238,1,1,22.04,1344,0.0,31,29,0,1,0.0,0,0.0,0,0,2808.0,8,1524,0.9333,2808.0,0.0,1,Aggressive
0.0,0.0,0.0,0,4,309.6,1,0,11,18,0,2,1,77.65,1824,0.0,26,26,1468,0,271.8,0,0.0,0,0,1720.0,10,0,0.68,1991.8,0.0,15,Aggressive
0.0,0.0,0.0,0,1,327.2,0,2,1,8,1428,3,1,54.39,1397,0.0,97,96,0,0,0.0,0,0.0,0,0,1322.0,5,1476,0.7708,1322.0,0.6666666666666666,2,Aggressive
0.0,0.0,0.0,0,6,273.1,0,1,4,10,1050,3,1,118.0,1798,0.0,98,95,0,0,0.0,0,0.0,0,0,4423.0,5,1496,0.8247,4423.0,0.3333333333333333,10,Aggressive
0.0,0.0,0.0,0,0,89.2,1,0,0,37,0,1,1,11.71,1815,0.0,47,44,1393,0,0.0,0,0.0,0,0,234.0,1,0,0.1957,234.0,0.0,0,Aggressive
0.0,0.0,0.0,0,2,100.0,0,0,1,23,1273,1,1,203.7,1895,0.0,92,91,0,0,2011.0,0,0.0,0,0,1070.0,3,1567,0.6044,3081.0,0.0,3,Aggressive
0.0,0.0,0.0,0,1,329.8,3,1,12,29,0,1,1,255.1,1953,0.0,26,25,1487,1,754.1,0,0.0,2,0,2071.0,8,0,0.6,2825.1,1.0,13,Aggressive
0.0,0.0,0.0,1,2,341.0,3,3,5,16,1691,2,1,12.08,1845,0.0,28,27,0,1,0.0,0,0.0,0,0,521.9,6,1476,0.2222,521.9,1.5,7,Aggressive
0.0,0.0,0.0,0,0,0.0,1,0,1,71,0,0,0,0.0,1772,0.0,28,26,1463,0,0.0,0,0.0,0,0,0.0,3,0,0.0,0.0,0.0,1,Survivalist
0.0,0.0,0.0,0,0,0.0,0,0,0,57,1238,0,0,0.0,1261,0.0,28,24,0,0,0.0,0,0.0,0,0,1517.0,9,1481,0.5185,1517.0,0.0,0,Survivalist
0.0,0.0,0.0,0,0,0.0,0,0,0,54,1078,0,0,0.0,1376,0.0,99,98,0,0,0.0,0,0.0,0,0,1261.0,2,1504,0.6429,1261.0,0.0,0,Survivalist
0.0,0.0,0.0,0,0,93.1,0,0,0,85,0,0,0,0.0,1415,0.0,27,27,1223,0,0.0,0,0.0,0,0,12.24,1,0,0.0,12.24,0.0,0,Survivalist
0.0,0.0,0.0,0,1,289.5,3,1,1,10,0,3,2,30.1,1979,0.0,28,27,1503,0,5734.0,0,0.0,0,0,1220.0,3,0,0.7037,6954.0,0.3333333333333333,2,Aggressive
0.0,0.0,0.0,0,1,308.9,0,0,7,49,1161,0,0,0.0,1355,0.0,47,47,0,0,0.0,0,0.0,0,0,1741.0,3,1485,0.8478,1741.0,0.0,8,Survivalist
0.0,0.0,0.0,0,1,0.0,0,0,0,65,1375,0,0,0.0,1433,0.0,96,93,0,0,0.0,0,0.0,0,0,300.3,5,1426,0.0,300.3,0.0,1,Survivalist
0.0,0.0,0.0,0,3,129.4,2,0,1,19,0,2,1,19.18,1382,0.0,29,27,1491,0,0.0,0,0.0,0,0,1218.0,4,0,0.5357,1218.0,0.0,4,Aggressive
0.0,0.0,0.0,0,0,0.0,0,0,0,80,0,0,0,0.0,1905,0.0,26,25,1508,0,0.0,0,0.0,0,0,426.0,1,0,0.12,426.0,0.0,0,Survivalist
0.0,0.0,0.0,0,4,123.6,1,1,4,22,0,1,1,18.49,1309,0.0,29,27,1514,1,1161.0,0,0.0,0,0,2719.0,3,0,0.9286,3880.0,1.0,8,Aggressive
0.0,0.0,0.0,0,0,72.54,0,0,0,80,0,0,0,0.0,1351,0.0,26,26,1443,0,0.0,0,0.0,0,0,142.8,1,0,0.28,142.8,0.0,0,Survivalist
0.0,0.0,0.0,0,1,123.1,0,1,7,34,1432,1,1,8.332,2017,0.0,98,98,0,0,4633.0,0,44.46,0,0,2409.0,6,1652,0.6907,7086.46,1.0,8,Aggressive
0.0,0.0,0.0,0,0,132.6,1,0,0,62,0,0,0,0.0,1866,0.0,47,44,1496,0,0.0,0,0.0,0,0,666.3,5,0,0.3696,666.3,0.0,0,Survivalist
0.0,0.0,0.0,0,0,0.0,0,0,0,62,1110,0,0,0.0,1453,0.0,97,94,0,0,1323.0,0,0.0,0,0,345.3,2,1491,0.4375,1668.3,0.0,0,Survivalist
0.0,0.0,0.0,0,0,0.0,0,0,0,85,0,0,0,0.0,1898,0.0,48,46,1484,0,0.0,0,0.0,0,0,54.83,1,0,0.1277,54.83,0.0,0,Survivalist
0.0,0.0,0.0,0,0,100.0,0,0,0,44,1122,0,0,0.0,1837,0.0,28,28,0,0,1186.0,0,0.0,1,1,1651.0,8,1531,0.963,2837.0,0.0,0,Survivalist
0.0,0.0,0.0,0,0,0.0,0,0,0,61,0,0,0,0.0,1970,0.0,50,49,1497,0,0.0,0,0.0,0,0,1942.0,3,0,0.5102,1942.0,0.0,0,Survivalist
0.0,0.0,0.0,0,2,344.9,0,2,2,10,0,3,1,32.23,1868,0.0,94,92,1574,0,0.0,0,0.0,0,0,548.1,5,0,0.3226,548.1,0.6666666666666666,4,Aggressive
0.0,0.0,0.0,0,0,0.0,0,0,0,65,1340,0,0,0.0,1460,0.0,28,27,0,0,0.0,0,0.0,0,0,885.8,4,1482,0.4074,885.8,0.0,0,Survivalist
0.0,0.0,0.0,0,4,0.0,0,0,8,51,0,0,0,0.0,1350,0.0,30,30,1416,0,4119.0,0,0.0,0,0,1925.0,4,0,0.8276,6044.0,0.0,12,Survivalist
inf,0.0,0.0,0,0,0.0,0,0,0,47,0,0,0,0.0,1985,0.0,96,93,1630,0,2515.0,0,0.0,0,0,1708.0,5,0,0.6947,4223.0,0.0,0,Survivalist
0.0,0.0,0.0,0,1,21.29,0,0,4,73,1198,0,0,0.0,1324,0.0,29,28,0,0,0.0,0,0.0,0,0,207.1,2,1498,0.25,207.1,0.0,5,Survivalist
0.0,0.0,0.0,0,3,165.3,0,1,1,23,0,1,1,77.2,1864,0.0,94,92,1494,0,0.0,0,0.0,0,0,2747.0,9,0,0.828,2747.0,1.0,4,Aggressive
0.0,0.0,0.0,0,0,0.0,0,0,0,86,0,0,0,0.0,1835,0.0,47,47,1491,0,0.0,0,0.0,0,0,51.23,1,0,0.087,51.23,0.0,0,Survivalist
0.0,0.0,0.0,0,1,140.5,1,0,1,58,0,0,0,0.0,1368,0.0,46,43,1588,0,0.0,0,0.0,0,0,355.2,4,0,0.4889,355.2,0.0,2,Survivalist
0.0,0.0,0.0,0,2,47.3,0,0,0,80,0,0,0,0.0,1356,0.0,30,29,1473,0,0.0,0,0.0,0,0,335.0,4,0,0.3103,335.0,0.0,2,Survivalist
0.0,0.0,0.0,0,0,30.24,0,0,0,97,0,0,0,0.0,1864,0.0,30,30,1388,0,0.0,0,0.0,0,0,48.3,0,0,0.0,48.3,0.0,0,Survivalist
0.0,0.0,0.0,0,0,34.77,0,0,0,94,0,0,0,0.0,1826,0.0,47,45,1430,0,0.0,0,0.0,0,0,46.03,1,0,0.0,46.03,0.0,0,Survivalist
0.0,0.0,0.0,0,0,0.0,0,0,0,86,0,0,0,0.0,1398,0.0,28,26,1435,0,0.0,0,0.0,0,0,0.0,0,0,0.0,0.0,0.0,0,Survivalist
0.0,0.0,0.0,0,0,184.6,0,0,0,83,1253,0,0,0.0,1403,0.0,49,48,0,0,0.0,0,0.0,0,0,118.4,1,1512,0.1875,118.4,0.0,0,Survivalist
0.0,0.0,0.0,0,0,22.68,0,0,0,36,1448,0,0,0.0,1263,0.0,29,28,0,0,774.9,0,0.0,0,0,1406.0,3,1535,0.8214,2180.9,0.0,0,Survivalist
0.0,0.0,0.0,0,0,0.0,0,0,0,79,1141,0,0,0.0,1977,0.0,44,43,0,0,0.0,0,0.0,0,0,141.7,1,1509,0.0698,141.7,0.0,0,Survivalist
0.0,0.0,0.0,0,0,164.0,3,0,0,10,0,3,2,22.74,1356,0.0,27,25,1500,1,0.0,0,0.0,1,0,286.4,2,0,0.2692,286.4,0.0,0,Aggressive
0.0,0.0,0.0,0,0,0.0,1,0,0,30,1282,1,1,11.56,1360,0.0,30,26,0,0,0.0,0,0.0,0,0,0.0,3,1535,0.0,0.0,0.0,0,Aggressive
0.0,0.0,0.0,0,0,5.434,0,0,0,97,0,0,0,0.0,1817,0.0,49,47,1500,0,0.0,0,0.0,0,0,183.2,1,0,0.0,183.2,0.0,0,Survivalist
0.0,0.0,0.0,0,0,0.0,0,0,0,62,0,0,0,0.0,1363,0.0,94,92,1531,0,0.0,0,105.5,0,0,28.92,0,0,0.3871,134.42000000000002,0.0,0,Survivalist
0.0,0.0,0.0,0,0,10.0,1,0,0,36,0,1,1,17.49,1302,0.0,30,29,1451,0,0.0,0,0.0,0,0,479.3,4,0,0.2414,479.3,0.0,0,Aggressive
0.0,0.0,0.0,0,0,0.0,0,0,0,88,0,0,0,0.0,1371,0.0,93,90,1502,0,0.0,0,0.0,0,0,0.0,1,0,0.0,0.0,0.0,0,Survivalist
0.0,0.0,0.0,0,2,0.0,0,0,0,68,0,0,0,0.0,1307,0.0,25,23,1362,0,0.0,0,0.0,0,0,833.1,3,0,0.4167,833.1,0.0,2,Survivalist
0.0,0.0,0.0,0,0,0.0,0,0,0,62,1154,0,0,0.0,1293,0.0,26,25,0,0,0.0,0,0.0,0,0,1026.0,5,1512,0.4,1026.0,0.0,0,Survivalist
0.0,0.0,0.0,1,2,382.8,5,0,4,5,0,5,1,41.54,1386,0.0,46,44,1503,0,0.0,0,0.0,0,0,3180.0,7,0,0.9333,3180.0,0.0,6,Aggressive
0.0,0.0,0.0,0,0,0.0,0,0,0,87,1004,0,0,0.0,1760,0.0,30,29,0,0,0.0,0,0.0,0,0,158.0,2,1498,0.1034,158.0,0.0,0,Survivalist
0.0,0.0,0.0,0,0,0.0,2,0,0,90,0,0,0,0.0,1753,0.0,29,28,1500,0,0.0,0,0.0,0,0,108.5,2,0,0.0,108.5,0.0,0,Survivalist
0.0,0.0,0.0,0,5,242.3,0,1,1,11,0,2,1,9.007,1378,0.0,48,45,1476,1,0.0,0,0.0,0,0,2259.0,4,0,0.8298,2259.0,0.5,6,Aggressive
0.0,0.0,0.0,0,0,0.0,0,0,0,88,0,0,0,0.0,1327,0.0,91,89,1571,0,0.0,0,0.0,0,0,0.0,0,0,0.0333,0.0,0.0,0,Survivalist
0.0,0.0,0.0,0,0,100.0,1,0,0,77,0,0,0,0.0,1284,0.0,27,25,1441,0,0.0,0,0.0,0,0,186.0,2,0,0.1538,186.0,0.0,0,Survivalist
0.0,0.0,0.0,0,0,341.1,2,1,1,12,0,3,2,18.75,1333,0.0,47,47,1490,0,0.0,0,0.0,0,0,299.6,3,0,0.5,299.6,0.3333333333333333,1,Aggressive
0.0,0.0,0.0,0,0,22.05,0,0,0,82,0,0,0,0.0,1363,0.0,28,27,1400,0,0.0,0,0.0,0,0,360.1,3,0,0.1481,360.1,0.0,0,Survivalist
0.0,0.0,0.0,0,2,0.0,1,0,4,37,0,0,0,0.0,1892,0.0,30,29,1500,0,417.6,0,29.6,1,0,5357.0,3,0,0.8621,5804.200000000001,0.0,6,Survivalist
0.0,0.0,0.0,0,0,122.3,1,0,0,95,1271,0,0,0.0,1311,0.0,28,28,0,0,0.0,0,0.0,0,0,42.7,1,1427,0.0,42.7,0.0,0,Survivalist
0.0,0.0,0.0,0,0,0.0,0,0,0,60,987,0,0,0.0,1893,0.0,26,26,0,0,809.6,0,0.0,0,0,777.8,5,1490,0.32,1587.4,0.0,0,Survivalist
0.0,0.0,0.0,0,0,50.31,0,0,0,74,1433,0,0,0.0,1384,0.0,28,28,0,0,0.0,0,0.0,0,0,122.6,2,1541,0.2963,122.6,0.0,0,Survivalist
0.0,0.0,0.0,0,0,285.3,3,1,0,8,1364,4,4,28.09,1292,0.0,28,28,0,0,0.0,0,0.0,1,0,230.8,5,1548,0.3333,230.8,0.25,0,Aggressive
0.0,0.0,0.0,0,3,0.0,0,0,0,47,1064,0,0,0.0,1872,0.0,90,86,0,0,527.1,0,0.0,0,0,450.1,4,1518,0.7416,977.2,0.0,3,Survivalist
0.0,0.0,0.0,1,2,516.0,3,0,6,3,1252,6,2,234.8,1898,0.0,48,45,0,0,6126.0,0,0.0,0,0,991.9,4,1498,0.8298,7117.9,0.0,8,Aggressive
0.0,0.0,0.0,0,0,0.0,0,0,0,61,1000,0,0,0.0,1827,0.0,49,49,0,0,0.0,0,0.0,0,0,827.2,5,1500,0.5417,827.2,0.0,0,Survivalist
0.0,0.0,0.0,0,0,0.0,0,0,0,89,421,0,0,0.0,1437,0.0,91,85,0,0,0.0,0,0.0,0,0,0.0,0,880,0.0,0.0,0.0,0,Survivalist
0.0,0.0,0.0,1,3,280.3,1,0,0,37,0,1,1,5.07,1950,0.0,29,28,1441,1,0.0,0,0.0,0,0,133.2,5,0,0.1786,133.2,0.0,3,Aggressive
0.0,0.0,0.0,0,0,0.0,0,0,0,72,1059,0,0,0.0,1338,0.0,47,46,0,0,0.0,0,0.0,0,0,98.09,3,1414,0.1957,98.09,0.0,0,Survivalist
0.0,0.0,0.0,1,8,0.0,7,4,7,2,1571,10,3,121.1,1350,0.0,33,32,0,2,0.0,0,0.0,0,0,3656.0,5,1500,1.0,3656.0,0.4,15,Aggressive
0.0,0.0,0.0,0,0,100.0,1,1,0,44,1159,1,1,0.956,1392,0.0,49,47,0,0,0.0,0,0.0,0,0,10.57,1,1419,0.1667,10.57,1.0,0,Aggressive
0.0,0.0,0.0,1,1,33.78,0,2,1,43,0,1,1,22.05,1909,0.0,49,49,1490,0,0.0,0,0.0,0,0,857.3,4,0,0.2708,857.3,2.0,2,Aggressive
0.0,0.0,0.0,1,4,323.5,1,0,16,26,0,1,1,0.9297,1331,0.0,27,25,1478,0,0.0,0,0.0,0,0,2031.0,4,0,0.6538,2031.0,0.0,20,Aggressive
0.0,0.0,0.0,0,0,0.0,0,0,0,98,1074,0,0,0.0,1366,0.0,50,47,0,0,0.0,0,0.0,0,0,0.0,0,1466,0.0,0.0,0.0,0,Survivalist
0.0,0.0,0.0,0,1,117.4,1,0,1,22,0,1,1,34.97,1971,0.0,48,46,1492,0,0.0,0,0.0,0,0,2796.0,4,0,0.7021,2796.0,0.0,2,Aggressive
0.0,0.0,0.0,1,1,556.6,3,1,7,10,1739,4,3,47.92,1800,0.0,27,26,0,0,0.0,0,0.0,0,0,1181.0,7,1529,0.8077,1181.0,0.25,8,Aggressive
0.0,0.0,0.0,0,0,71.05,0,0,0,97,0,0,0,0.0,1360,0.0,31,30,1451,0,0.0,0,0.0,0,0,55.1,2,0,0.0,55.1,0.0,0,Survivalist
0.0,0.0,0.0,0,0,0.0,0,0,0,81,0,0,0,0.0,1896,0.0,49,46,1500,0,0.0,0,0.0,0,0,253.9,1,0,0.2292,253.9,0.0,0,Survivalist
0.0,0.0,0.0,0,1,100.0,1,1,5,41,1357,1,1,3.366,1821,0.0,48,47,0,0,0.0,0,0.0,0,0,96.71,2,1534,0.0,96.71,1.0,6,Aggressive
0.0,0.0,0.0,0,9,230.3,1,0,1,15,0,2,1,206.7,1919,0.0,27,27,1417,0,0.0,0,0.0,0,0,3584.0,7,0,0.8846,3584.0,0.0,10,Aggressive
0.0,0.0,0.0,0,0,57.54,0,0,0,87,0,0,0,0.0,1403,0.0,28,28,1611,0,0.0,0,0.0,0,0,155.2,3,0,0.1481,155.2,0.0,0,Survivalist
0.0,0.0,0.0,2,0,23.22,0,0,0,77,1405,0,0,0.0,1283,0.0,30,30,0,0,0.0,0,0.0,0,0,113.3,1,1423,0.2759,113.3,0.0,0,Survivalist
0.0,0.0,0.0,2,0,44.04,1,0,0,28,0,1,1,18.99,1359,0.0,28,27,1462,0,0.0,0,0.0,0,0,610.8,4,0,0.5926,610.8,0.0,0,Aggressive
0.0,0.0,0.0,0,0,0.0,0,0,0,88,0,0,0,0.0,1463,0.0,48,46,1500,0,0.0,0,0.0,0,0,103.9,0,0,0.0425,103.9,0.0,0,Survivalist
0.0,0.0,0.0,0,3,288.3,2,4,4,9,1272,3,1,242.1,1908,0.0,29,28,0,0,0.0,0,0.0,0,0,4388.0,10,1493,0.9643,4388.0,1.3333333333333333,7,Aggressive
0.0,0.0,0.0,0,0,0.0,0,0,0,93,1216,0,0,0.0,1383,0.0,28,27,0,0,0.0,0,0.0,0,0,0.0,0,1386,0.0,0.0,0.0,0,Survivalist
0.0,0.0,0.0,0,1,0.0,0,0,0,49,0,0,0,0.0,1874,0.0,49,47,1529,0,3729.0,0,0.0,0,0,1433.0,8,0,0.6875,5162.0,0.0,1,Survivalist
0.0,0.0,0.0,1,0,124.4,1,1,2,34,1005,1,1,5.494,1993,0.0,50,48,0,0,0.0,0,0.0,0,0,287.0,5,1476,0.3673,287.0,1.0,2,Aggressive
0.0,0.0,0.0,0,2,32.3,0,0,1,47,0,0,0,0.0,1955,0.0,28,28,1443,1,0.0,0,0.0,0,0,2492.0,2,0,0.7407,2492.0,0.0,3,Survivalist
0.0,0.0,0.0,0,0,172.6,1,0,0,74,0,0,0,0.0,1882,0.0,49,45,1483,0,0.0,0,0.0,0,0,42.32,1,0,0.25,42.32,0.0,0,Survivalist
0.0,0.0,0.0,0,1,0.0,14,0,1,54,0,0,0,0.0,1792,0.0,45,42,1500,14,0.0,0,0.0,1,0,1060.0,1,0,0.4545,1060.0,0.0,2,Survivalist
0.0,0.0,0.0,0,2,92.14,0,0,8,47,0,0,0,0.0,1865,0.0,49,46,1457,0,0.0,0,0.0,0,0,3654.0,4,0,0.6875,3654.0,0.0,10,Survivalist
0.0,0.0,0.0,0,5,0.0,0,0,1,44,1153,0,0,0.0,1393,0.0,96,94,0,0,0.0,0,0.0,0,0,2501.0,6,1496,0.8,2501.0,0.0,6,Survivalist
0.0,0.0,0.0,0,0,0.0,0,0,0,48,1227,0,0,0.0,1412,0.0,28,28,0,0,0.0,0,0.0,0,0,0.0,4,1486,0.0,0.0,0.0,0,Survivalist
0.0,0.0,0.0,0,3,189.8,2,1,3,12,1048,2,1,7.589,1807,0.0,30,30,0,0,3916.0,0,0.0,0,0,1997.0,7,1513,0.8966,5913.0,0.5,6,Aggressive
0.0,0.0,0.0,1,2,75.0,1,0,1,35,1519,1,1,8.409,1398,0.0,28,26,0,0,0.0,0,0.0,0,0,1163.0,7,1493,0.5926,1163.0,0.0,3,Aggressive
0.0,0.0,0.0,1,0,87.29,0,0,0,78,0,0,0,0.0,1196,0.0,28,23,1497,0,0.0,0,0.0,0,0,29.17,2,0,0.0741,29.17,0.0,0,Survivalist
0.0,0.0,0.0,0,1,202.4,1,0,1,33,1229,1,1,0.9316,1413,0.0,25,24,0,0,0.0,0,0.0,0,0,229.0,2,1516,0.125,229.0,0.0,2,Aggressive
0.0,0.0,0.0,1,0,25.51,0,0,0,73,0,0,0,0.0,1399,0.0,30,30,1375,0,0.0,0,0.0,0,0,405.3,4,0,0.1724,405.3,0.0,0,Survivalist
0.0,0.0,0.0,0,3,547.8,4,1,9,1,0,6,2,95.32,1352,0.0,27,25,1494,0,0.0,0,0.0,0,0,2340.0,8,0,0.9615,2340.0,0.16666666666666666,12,Aggressive
0.0,0.0,0.0,0,0,114.5,1,0,1,40,0,1,1,1.031,1449,0.0,28,27,1492,0,0.0,0,0.0,0,0,151.8,2,0,0.2222,151.8,0.0,1,Aggressive
0.0,0.0,0.0,0,0,100.0,0,1,1,24,1182,1,1,10.4,1885,0.0,93,88,0,0,3892.0,0,0.0,0,0,2368.0,5,1531,0.9239,6260.0,1.0,1,Aggressive
0.0,0.0,0.0,0,0,125.0,1,0,0,61,0,0,0,0.0,1396,0.0,29,29,1430,1,0.0,0,0.0,0,0,1772.0,4,0,0.5,1772.0,0.0,0,Survivalist
0.0,0.0,0.0,0,0,105.7,0,0,0,42,0,0,0,0.0,1397,0.0,27,25,1413,0,0.0,0,0.0,0,0,3006.0,6,0,0.9615,3006.0,0.0,0,Survivalist
0.0,0.0,0.0,0,1,100.0,2,0,1,35,0,1,1,1.936,1353,0.0,26,25,1483,0,0.0,0,0.0,1,0,351.2,2,0,0.2,351.2,0.0,2,Aggressive
0.0,0.0,0.0,2,0,353.8,1,2,0,11,0,3,1,34.99,1997,0.0,45,44,1469,0,0.0,0,0.0,0,0,725.8,4,0,0.4545,725.8,0.6666666666666666,0,Aggressive
0.0,0.0,0.0,0,1,15.54,0,0,1,79,1355,0,0,0.0,1388,0.0,28,26,0,0,0.0,0,0.0,0,0,90.01,1,1454,0.1852,90.01,0.0,2,Survivalist
0.0,0.0,0.0,1,0,82.98,0,0,1,69,1365,0,0,0.0,1830,0.0,27,26,0,0,0.0,0,0.0,0,0,2480.0,4,1591,0.3846,2480.0,0.0,1,Survivalist
0.0,0.0,0.0,0,0,23.34,0,0,0,89,1233,0,0,0.0,1885,0.0,29,27,0,0,0.0,0,0.0,0,0,72.12,1,1427,0.0357,72.12,0.0,0,Survivalist
0.0,0.0,0.0,0,0,290.1,2,0,1,16,0,2,1,26.09,1765,0.0,49,47,1490,2,0.0,0,0.0,0,0,1615.0,6,0,0.7917,1615.0,0.0,1,Aggressive
0.0,0.0,0.0,1,5,1141.0,9,5,7,1,0,10,3,193.5,1817,0.0,26,26,1466,0,172.6,0,38.58,0,0,4133.0,7,0,0.88,4344.18,0.5,12,Aggressive
0.0,0.0,0.0,0,1,82.9,0,0,6,79,1228,0,0,0.0,1906,0.0,48,45,0,0,0.0,0,0.0,0,0,90.41,2,1504,0.1915,90.41,0.0,7,Survivalist
0.0,0.0,0.0,0,0,0.0,0,0,0,63,0,0,0,0.0,1986,0.0,45,44,1485,0,1680.0,0,0.0,0,0,637.1,3,0,0.3636,2317.1,0.0,0,Survivalist
0.0,0.0,0.0,0,0,0.0,0,0,0,57,1161,0,0,0.0,1833,0.0,32,32,0,2,0.0,0,0.0,0,0,1521.0,5,1530,0.5484,1521.0,0.0,0,Survivalist
0.0,0.0,0.0,0,0,0.0,0,0,0,46,0,0,0,0.0,1250,0.0,46,45,1488,0,0.0,0,0.0,0,0,1434.0,4,0,0.8,1434.0,0.0,0,Survivalist
0.0,0.0,0.0,0,0,0.0,0,0,6,47,0,0,0,0.0,1398,0.0,99,97,1634,0,0.0,0,0.0,0,0,0.0,4,0,0.0,0.0,0.0,6,Survivalist
0.0,0.0,0.0,0,2,12.59,0,0,2,55,1325,0,0,0.0,1891,0.0,30,28,0,0,3359.0,0,0.0,0,0,1359.0,5,1521,0.7241,4718.0,0.0,4,Survivalist
0.0,0.0,0.0,1,2,111.8,0,0,1,41,0,0,0,0.0,1308,0.0,28,27,1573,0,0.0,0,0.0,0,0,3716.0,3,0,1.0,3716.0,0.0,3,Survivalist
0.0,0.0,0.0,0,0,0.0,0,0,0,77,1203,0,0,0.0,1296,0.0,97,97,0,0,0.0,0,0.0,0,0,74.16,2,1536,0.25,74.16,0.0,0,Survivalist
0.0,0.0,0.0,0,4,0.0,0,0,21,44,0,0,0,0.0,1687,0.0,98,97,1837,0,0.0,0,0.0,0,0,3993.0,9,0,0.9072,3993.0,0.0,25,Survivalist
0.0,0.0,0.0,0,1,10.31,0,0,4,50,1084,0,0,0.0,1384,0.0,50,48,0,0,1178.0,0,0.0,0,0,1501.0,5,1479,0.6735,2679.0,0.0,5,Survivalist
0.0,0.0,0.0,2,0,58.8,0,0,0,57,0,0,0,0.0,1361,0.0,50,47,1502,0,0.0,0,0.0,0,0,1020.0,4,0,0.551,1020.0,0.0,0,Survivalist
0.0,0.0,0.0,0,0,0.0,0,0,0,80,0,0,0,0.0,1957,0.0,50,49,1580,0,0.0,0,0.0,0,0,56.52,1,0,0.2245,56.52,0.0,0,Survivalist
0.0,0.0,0.0,0,0,48.06,1,0,0,55,0,0,0,0.0,1437,0.0,26,22,1476,0,0.0,0,0.0,0,0,695.7,4,0,0.32,695.7,0.0,0,Survivalist
0.0,0.0,0.0,0,0,0.0,0,0,0,60,0,0,0,0.0,1975,0.0,47,44,1477,0,955.2,0,0.0,0,0,1663.0,5,0,0.4565,2618.2,0.0,0,Survivalist
0.0,0.0,0.0,0,0,0.0,0,0,0,70,1253,0,0,0.0,1347,0.0,27,24,0,0,0.0,0,0.0,0,0,562.7,2,1545,0.2692,562.7,0.0,0,Survivalist
0.0,0.0,0.0,1,0,100.0,0,1,0,23,1433,2,1,11.66,1338,0.0,27,26,0,0,0.0,0,0.0,0,0,191.6,3,1527,0.1923,191.6,0.5,0,Aggressive
0.0,0.0,0.0,0,4,50.6,1,0,4,56,0,0,0,0.0,1362,0.0,28,26,1690,0,1552.0,0,0.0,0,0,694.1,6,0,0.4444,2246.1,0.0,8,Survivalist
0.0,0.0,0.0,1,2,36.05,0,0,6,20,0,1,1,43.75,1849,0.0,46,44,1500,0,643.4,0,0.0,0,0,3525.0,5,0,0.7778,4168.4,0.0,8,Aggressive
0.0,0.0,0.0,2,4,561.1,2,1,0,3,0,5,1,165.1,1754,0.0,31,30,1496,2,1462.0,0,0.0,0,0,4896.0,8,0,1.0,6358.0,0.2,4,Aggressive
0.0,0.0,0.0,1,1,0.0,0,0,0,57,0,0,0,0.0,1729,0.0,30,26,986,0,0.0,0,0.0,0,0,2473.0,5,0,0.4483,2473.0,0.0,1,Survivalist
0.0,0.0,0.0,0,0,0.0,0,0,0,62,1000,0,0,0.0,1474,0.0,49,48,0,0,759.9,0,10.81,0,0,561.2,1,1500,0.5,1331.9099999999999,0.0,0,Survivalist
0.0,0.0,0.0,0,0,0.0,0,0,0,64,1102,0,0,0.0,1359,0.0,49,47,0,0,0.0,0,0.0,0,0,510.3,6,1545,0.4583,510.3,0.0,0,Survivalist
0.0,0.0,0.0,0,0,63.24,0,0,0,75,1265,0,0,0.0,1359,0.0,28,27,0,0,0.0,0,0.0,0,0,111.4,2,1494,0.1852,111.4,0.0,0,Survivalist
0.0,0.0,0.0,0,1,146.5,1,0,5,59,1085,0,0,0.0,1788,0.0,29,29,0,0,0.0,0,0.0,0,0,468.9,4,1517,0.3214,468.9,0.0,6,Survivalist
0.0,0.0,0.0,0,0,79.2,0,0,0,77,0,0,0,0.0,1227,0.0,29,29,1507,0,0.0,0,0.0,0,0,79.96,1,0,0.25,79.96,0.0,0,Survivalist
0.0,0.0,0.0,0,3,106.9,1,2,3,28,1000,1,1,3.149,1343,0.0,26,26,0,0,0.0,0,0.0,0,0,1104.0,5,1500,0.52,1104.0,2.0,6,Aggressive
0.0,0.0,0.0,0,0,0.0,0,0,0,89,1349,0,0,0.0,1300,0.0,27,25,0,0,0.0,0,0.0,0,0,0.0,0,1566,0.0,0.0,0.0,0,Survivalist
0.0,0.0,0.0,0,0,0.0,0,0,0,73,992,0,0,0.0,1260,0.0,49,48,0,0,0.0,0,0.0,0,0,347.5,2,1490,0.3125,347.5,0.0,0,Survivalist
0.0,0.0,0.0,0,0,0.0,0,0,0,82,0,0,0,0.0,1765,0.0,28,28,1383,0,0.0,0,0.0,0,0,757.5,3,0,0.0,757.5,0.0,0,Survivalist
0.0,0.0,0.0,1,2,548.9,4,1,1,4,1404,5,1,276.7,1416,0.0,28,28,0,0,339.3,0,0.0,0,0,1909.0,8,1476,0.7778,2248.3,0.2,3,Aggressive
0.0,0.0,0.0,0,3,282.1,1,2,2,10,0,3,1,113.4,1889,0.0,29,28,1500,0,0.0,0,70.9,0,0,2692.0,7,0,0.8214,2762.9,0.6666666666666666,5,Aggressive
0.0,0.0,0.0,0,0,0.0,0,0,0,82,0,0,0,0.0,1753,0.0,28,26,1495,0,0.0,0,0.0,0,0,14.36,1,0,0.037,14.36,0.0,0,Survivalist
0.0,0.0,0.0,0,0,0.0,0,0,0,83,0,0,0,0.0,1376,0.0,29,28,1480,0,0.0,0,0.0,0,0,97.59,2,0,0.0714,97.59,0.0,0,Survivalist
0.0,0.0,0.0,2,8,0.0,4,8,2,2,0,7,2,181.9,1844,0.0,30,29,1497,0,8779.0,0,0.0,0,0,3859.0,8,0,0.0,12638.0,1.1428571428571428,10,Aggressive
0.0,0.0,0.0,0,0,55.38,0,0,0,89,1029,0,0,0.0,1267,0.0,96,95,0,0,0.0,0,0.0,0,0,30.51,2,1510,0.0737,30.51,0.0,0,Survivalist
0.0,0.0,0.0,0,0,0.0,0,0,0,59,0,0,0,0.0,1330,0.0,27,25,1426,0,0.0,0,423.1,0,0,1544.0,5,0,0.4615,1967.1,0.0,0,Survivalist
0.0,0.0,0.0,0,0,157.8,1,2,0,31,0,1,1,39.9,1810,0.0,29,28,1500,0,6342.0,0,0.0,0,0,848.7,7,0,0.3571,7190.7,2.0,0,Aggressive
0.0,0.0,0.0,0,0,292.3,1,1,0,23,1274,2,2,20.29,1562,0.0,49,48,0,0,0.0,0,0.0,0,0,491.7,2,1535,0.3958,491.7,0.5,0,Aggressive
0.0,0.0,0.0,0,0,54.61,1,0,0,20,1171,1,1,33.59,1321,0.0,36,36,0,0,0.0115,0,188.4,0,0,3113.0,7,1442,0.8,3301.4115,0.0,0,Aggressive
0.0,0.0,0.0,0,0,98.28,0,0,0,89,0,0,0,0.0,1329,0.0,48,47,1489,0,0.0,0,0.0,0,0,50.15,1,0,0.0213,50.15,0.0,0,Survivalist
0.0,0.0,0.0,0,1,78.3,1,0,0,67,0,0,0,0.0,1803,0.0,29,28,1488,0,0.0,0,0.0,0,0,2433.0,6,0,0.4286,2433.0,0.0,1,Survivalist
0.0,0.0,0.0,0,2,269.2,2,0,4,54,1495,0,0,0.0,1952,0.0,24,23,0,0,1932.0,0,0.0,0,0,2496.0,3,1495,0.4348,4428.0,0.0,6,Survivalist
0.0,0.0,0.0,0,0,0.0,0,0,0,89,1090,0,0,0.0,1685,0.0,45,44,0,0,0.0,0,0.0,0,0,7.141,0,1511,0.0,7.141,0.0,0,Survivalist
0.0,0.0,0.0,0,0,0.0,0,0,0,89,0,0,0,0.0,1881,0.0,49,48,1456,0,0.0,0,0.0,0,0,110.7,2,0,0.0417,110.7,0.0,0,Survivalist
0.0,0.0,0.0,0,0,0.0,0,0,0,79,0,0,0,0.0,1771,0.0,97,95,1490,0,0.0,0,0.0,0,0,78.94,1,0,0.1979,78.94,0.0,0,Survivalist
0.0,0.0,0.0,0,0,22.4,0,0,0,43,1188,0,0,0.0,1349,0.0,29,27,0,0,0.0,0,0.0,0,0,2447.0,8,1546,0.8214,2447.0,0.0,0,Survivalist
0.0,0.0,0.0,0,0,148.8,0,0,1,90,0,0,0,0.0,1394,0.0,28,27,1383,0,0.0,0,0.0,0,0,103.2,2,0,0.0741,103.2,0.0,1,Survivalist
0.0,0.0,0.0,1,2,0.0,2,1,20,17,0,2,1,20.98,1907,0.0,49,49,1668,1,0.0,0,0.0,0,0,720.9,6,0,0.5833,720.9,0.5,22,Aggressive
0.0,0.0,0.0,0,2,0.0,1,0,0,23,0,2,2,54.29,1369,0.0,49,47,1537,0,0.0,0,0.0,0,0,950.2,3,0,0.4792,950.2,0.0,2,Aggressive
0.0,0.0,0.0,0,3,19.35,0,0,0,48,0,0,0,0.0,1427,0.0,85,84,1540,0,0.0,0,0.0,0,0,1632.0,5,0,0.6786,1632.0,0.0,3,Survivalist
0.0,0.0,0.0,0,0,24.55,0,0,0,85,0,0,0,0.0,1782,0.0,48,46,1468,0,0.0,0,0.0,0,0,49.55,3,0,0.0851,49.55,0.0,0,Survivalist
0.0,0.0,0.0,0,0,0.0,0,0,0,83,1161,0,0,0.0,1878,0.0,45,43,0,0,0.0,0,0.0,0,0,45.42,1,1402,0.0454,45.42,0.0,0,Survivalist
0.0,0.0,0.0,1,1,369.1,3,0,2,9,1406,4,2,21.84,1402,0.0,28,28,0,1,0.0,0,0.0,0,0,642.3,2,1557,0.4074,642.3,0.0,3,Aggressive
0.0,0.0,0.0,0,0,40.0,0,0,0,93,0,0,0,0.0,1380,0.0,30,29,1304,0,0.0,0,0.0,0,0,24.66,1,0,0.0345,24.66,0.0,0,Survivalist
0.0,0.0,0.0,0,0,0.0,0,0,0,88,0,0,0,0.0,1824,0.0,48,46,1483,0,0.0,0,0.0,0,0,130.9,1,0,0.0213,130.9,0.0,0,Survivalist
0.0,0.0,0.0,0,0,55.86,0,0,0,74,0,0,0,0.0,2002,0.0,29,29,1383,0,1201.0,0,0.0,0,0,1875.0,2,0,0.2857,3076.0,0.0,0,Survivalist
0.0,0.0,0.0,2,8,299.3,2,3,4,12,1412,2,1,134.7,1381,0.0,28,27,0,1,0.0,0,0.0,0,0,3413.0,6,1581,0.8889,3413.0,1.5,12,Aggressive
0.0,0.0,0.0,0,0,0.0,0,0,0,78,1510,0,0,0.0,1883,0.0,28,27,0,0,0.0,0,0.0,0,0,466.7,3,1475,0.1852,466.7,0.0,0,Survivalist
0.0,0.0,0.0,1,0,0.0,0,0,0,85,1367,0,0,0.0,1488,0.0,26,26,0,0,0.0,0,0.0,0,0,87.12,1,1508,0.0,87.12,0.0,0,Survivalist
0.0,0.0,0.0,0,0,0.0,0,0,1,91,0,0,0,0.0,1864,0.0,30,30,1480,0,0.0,0,0.0,0,0,384.4,5,0,0.069,384.4,0.0,1,Survivalist
0.0,0.0,0.0,0,1,100.0,0,0,1,35,0,1,1,4.333,1365,0.0,89,87,1506,0,0.0,0,0.0,0,0,161.6,4,0,0.4091,161.6,0.0,2,Aggressive
0.0,0.0,0.0,0,7,225.0,0,0,1,13,0,2,1,82.69,1361,0.0,96,90,1605,0,0.0,0,4.739,0,0,852.7,5,0,0.8737,857.4390000000001,0.0,8,Aggressive
0.0,0.0,0.0,0,0,31.59,0,0,0,62,1064,0,0,0.0,1824,0.0,47,47,0,0,0.0,0,0.0,0,0,587.9,1,1489,0.5217,587.9,0.0,0,Survivalist
0.0,0.0,0.0,0,1,39.0,0,0,0,37,0,1,1,7.304,1340,0.0,30,30,1499,0,0.0,0,0.0,0,0,114.7,2,0,0.2759,114.7,0.0,1,Aggressive
0.0,0.0,0.0,0,0,0.0,0,0,0,73,0,0,0,0.0,1298,0.0,29,28,1481,0,0.0,0,0.0,0,0,103.2,2,0,0.1071,103.2,0.0,0,Survivalist
0.0,0.0,0.0,0,0,0.0,0,0,0,76,0,0,0,0.0,1855,0.0,92,90,1544,0,0.0,0,0.0,0,0,90.01,1,0,0.1978,90.01,0.0,0,Survivalist
0.0,0.0,0.0,0,0,251.9,1,0,0,28,0,1,1,66.76,1317,0.0,27,27,1476,0,0.0,0,75.27,0,0,1005.0,4,0,0.1923,1080.27,0.0,0,Aggressive
0.0,0.0,0.0,0,0,100.0,1,0,0,93,1181,0,0,0.0,1799,0.0,27,26,0,0,0.0,0,0.0,0,0,8.07,1,1478,0.0,8.07,0.0,0,Survivalist
0.0,0.0,0.0,0,0,0.0,0,0,1,49,1190,0,0,0.0,1335,0.0,27,27,0,0,0.0,0,0.0,0,0,2543.0,2,1525,0.7692,2543.0,0.0,1,Survivalist
0.0,0.0,0.0,1,1,104.8,0,0,2,54,0,0,0,0.0,1762,0.0,48,47,1521,0,2507.0,0,0.0,0,1,726.0,2,0,0.5745,3233.0,0.0,3,Survivalist
0.0,0.0,0.0,0,0,100.0,0,0,0,29,0,1,1,15.7,1425,0.0,26,26,1449,0,370.1,0,0.0,0,0,1233.0,4,0,0.44,1603.1,0.0,0,Aggressive
0.0,0.0,0.0,0,2,132.9,2,0,10,19,0,2,1,4.96,1303,0.0,50,50,1500,0,0.0,0,0.0,0,0,983.5,7,0,0.6122,983.5,0.0,12,Aggressive
0.0,0.0,0.0,0,4,0.0,0,0,14,48,1227,0,0,0.0,1881,0.0,48,48,0,0,1854.0,0,0.0,1,0,2961.0,5,1535,0.7447,4815.0,0.0,18,Survivalist
0.0,0.0,0.0,1,4,328.0,0,1,0,12,0,2,1,21.6,1374,0.0,49,48,1524,0,0.0,0,0.0,0,0,2309.0,5,0,0.9583,2309.0,0.5,4,Aggressive
0.0,0.0,0.0,0,0,0.0,0,0,0,92,0,0,0,0.0,1906,0.0,49,46,1512,0,0.0,0,0.0,0,0,0.0,0,0,0.0,0.0,0.0,0,Survivalist
0.0,0.0,0.0,0,0,80.6,0,0,1,72,1205,0,0,0.0,1359,0.0,49,47,0,0,0.0,0,0.0,0,0,140.8,1,1483,0.25,140.8,0.0,1,Survivalist
0.0,0.0,0.0,0,0,0.0,0,0,0,91,0,0,0,0.0,1356,0.0,30,29,1530,0,0.0,0,0.0,0,0,62.93,1,0,0.1034,62.93,0.0,0,Survivalist
0.0,0.0,0.0,0,6,150.0,3,0,2,41,1371,0,0,0.0,1326,0.0,47,45,0,2,1298.0,0,3.664,0,0,1546.0,4,1510,0.8478,2847.664,0.0,8,Survivalist
0.0,0.0,0.0,0,1,197.9,1,0,2,37,0,1,1,40.21,1442,0.0,48,45,1353,0,0.0,0,0.0,0,0,439.2,2,0,0.4894,439.2,0.0,3,Aggressive
0.0,0.0,0.0,0,1,2.203,0,0,2,56,1043,0,0,0.0,1399,0.0,50,46,0,0,1004.0,0,0.0,0,0,1295.0,3,1494,0.6735,2299.0,0.0,3,Survivalist
0.0,0.0,0.0,0,0,0.0,0,0,0,95,0,0,0,0.0,1359,0.0,29,28,1482,0,0.0,0,0.0,0,0,0.0,0,0,0.0,0.0,0.0,0,Survivalist
0.0,0.0,0.0,1,4,305.6,0,3,2,8,0,3,1,44.53,1335,0.0,92,90,1669,0,0.0,0,76.11,0,0,2571.0,5,0,0.9341,2647.11,1.0,6,Aggressive
0.0,0.0,0.0,0,0,0.0,0,0,0,81,0,0,0,0.0,1378,0.0,48,47,1442,0,101.4,0,0.0,0,0,118.1,2,0,0.1277,219.5,0.0,0,Survivalist
0.0,0.0,0.0,0,0,179.6,1,0,0,44,0,1,1,18.46,1336,0.0,29,29,1497,0,0.0,0,0.0,0,0,208.8,2,0,0.1429,208.8,0.0,0,Aggressive
0.0,0.0,0.0,0,0,0.0,1,0,1,28,1438,1,1,2.7,1948,0.0,49,48,0,0,3781.0,0,17.12,0,0,2646.0,7,1543,0.0,6444.12,0.0,1,Aggressive
0.0,0.0,0.0,0,0,0.0,0,0,0,90,0,0,0,0.0,1325,0.0,27,26,1386,0,0.0,0,0.0,0,0,206.6,1,0,0.0,206.6,0.0,0,Survivalist
0.0,0.0,0.0,2,5,504.6,5,1,5,2,1546,6,2,65.09,1416,0.0,30,28,0,0,182.5,0,0.0,0,0,3057.0,6,1584,1.0,3239.5,0.16666666666666666,10,Aggressive
0.0,0.0,0.0,0,0,77.1,0,0,0,69,0,0,0,0.0,1881,0.0,30,28,1579,0,0.0,0,0.0,0,0,160.4,5,0,0.2069,160.4,0.0,0,Survivalist
0.0,0.0,0.0,0,0,0.0,0,0,0,95,0,0,0,0.0,1425,0.0,30,29,1464,0,0.0,0,0.0,0,0,0.0,1,0,0.0,0.0,0.0,0,Survivalist
0.0,0.0,0.0,0,1,29.33,0,0,4,55,1031,0,0,0.0,1856,0.0,44,43,0,1,1196.0,0,0.0,0,0,1365.0,4,1502,0.4884,2561.0,0.0,5,Survivalist
0.0,0.0,0.0,0,2,87.22,0,0,1,51,1296,0,0,0.0,1417,0.0,28,27,0,0,0.0,0,0.0,0,0,2188.0,6,1493,0.5926,2188.0,0.0,3,Survivalist
0.0,0.0,0.0,0,3,313.8,1,0,3,10,0,3,1,31.53,1796,0.0,28,28,1625,1,0.0,0,0.0,0,0,926.7,4,0,0.5556,926.7,0.0,6,Aggressive
0.0,0.0,0.0,0,0,0.0,0,0,0,72,0,0,0,0.0,1384,0.0,47,45,1511,0,0.0,0,0.0,0,0,317.9,2,0,0.2174,317.9,0.0,0,Survivalist
0.0,0.0,0.0,0,0,0.0,0,0,0,53,0,0,0,0.0,1392,0.0,96,94,1543,0,0.0,0,57.43,0,0,688.3,3,0,0.5684,745.7299999999999,0.0,0,Survivalist
0.0,91437450695842.0,0.0,2,2,341.3,0,0,5,16,0,2,1,30.16,2021,0.0,91,89,1554,0,0.0,0,0.0,0,0,3972.0,8,0,0.8778,3972.0,0.0,7,Aggressive
0.0,0.0,0.0,0,0,0.0,0,0,0,60,1272,0,0,0.0,1473,0.0,95,92,0,0,0.0,0,0.0,0,0,33.96,3,1548,0.4894,33.96,0.0,0,Survivalist
0.0,0.0,0.0,1,1,49.02,0,0,0,66,0,0,0,0.0,1855,0.0,24,24,1500,0,0.0,0,0.0,0,0,1171.0,5,0,0.3478,1171.0,0.0,1,Survivalist
0.0,0.0,0.0,1,0,87.94,0,0,1,42,0,0,0,0.0,1889,0.0,48,45,1686,0,8874.0,0,0.0,0,0,1434.0,3,0,0.8085,10308.0,0.0,1,Survivalist
0.0,0.0,0.0,0,1,100.0,1,1,0,22,1157,1,1,13.96,1874,0.0,30,27,0,0,0.0,0,0.0,0,0,4990.0,7,1442,1.0,4990.0,1.0,1,Aggressive
0.0,0.0,0.0,0,0,0.0,0,0,0,40,0,0,0,0.0,1376,0.0,46,44,1473,0,0.0,0,0.0,0,0,2279.0,7,0,0.7556,2279.0,0.0,0,Survivalist
0.0,0.0,0.0,1,0,182.2,0,1,0,23,0,2,1,71.2,1343,0.0,50,49,1561,0,0.0,0,0.0,0,0,523.1,4,0,0.5918,523.1,0.5,0,Aggressive
0.0,0.0,0.0,0,3,478.8,1,0,4,9,0,3,2,20.13,1417,0.0,45,43,1510,1,0.0,0,0.0,0,0,2596.0,4,0,0.8864,2596.0,0.0,7,Aggressive
0.0,0.0,0.0,0,0,100.0,1,0,0,71,0,0,0,0.0,1317,0.0,27,26,1497,0,178.8,0,0.0,0,0,767.3,4,0,0.1538,946.0999999999999,0.0,0,Survivalist
0.0,0.0,0.0,0,3,147.0,0,1,2,28,1297,1,1,2.22,1286,0.0,97,97,0,0,815.8,0,0.0,0,0,908.7,6,1544,0.7604,1724.5,1.0,5,Aggressive
0.0,0.0,0.0,0,2,215.9,0,0,1,21,1274,1,1,5.11,2112,0.0,94,92,0,0,2468.0,0,0.0,0,0,3022.0,7,1534,0.9355,5490.0,0.0,3,Aggressive
0.0,0.0,0.0,0,1,82.64,1,0,1,45,0,0,0,0.0,1775,0.0,28,28,1534,1,0.0,0,0.0,0,0,951.7,2,0,0.6667,951.7,0.0,2,Survivalist
0.0,0.0,0.0,0,3,150.5,1,0,7,17,1167,2,1,77.77,1381,0.0,50,50,0,0,0.0,0,0.0,0,0,442.6,2,1517,0.449,442.6,0.0,10,Aggressive
0.0,0.0,0.0,1,4,107.1,0,0,4,36,0,0,0,0.0,1912,0.0,29,29,1500,0,3534.0,0,48.91,0,0,2751.0,8,0,0.9643,6333.91,0.0,8,Survivalist
0.0,0.0,0.0,1,0,0.0,0,0,1,64,0,0,0,0.0,1887,0.0,46,44,1500,0,0.0,0,0.0,0,0,685.0,1,0,0.3778,685.0,0.0,1,Survivalist
0.0,0.0,0.0,0,5,252.9,1,0,15,21,0,2,2,56.86,1862,0.0,48,44,1502,0,8321.0,0,0.0,0,1,2602.0,4,0,0.8511,10923.0,0.0,20,Aggressive
0.0,0.0,0.0,0,1,56.35,0,0,1,60,1287,0,0,0.0,1786,0.0,45,41,0,0,0.0,0,0.0,0,0,701.0,5,1454,0.4545,701.0,0.0,2,Survivalist
0.0,0.0,0.0,0,3,192.4,0,0,5,26,0,1,1,5.254,1838,0.0,28,28,1360,0,953.8,0,0.0,0,0,2494.0,6,0,0.6296,3447.8,0.0,8,Aggressive
0.0,0.0,0.0,0,0,300.0,3,1,0,35,1210,1,1,13.62,1792,0.0,27,26,0,0,0.0,0,0.0,1,0,569.7,5,1486,0.2692,569.7,1.0,0,Aggressive
0.0,0.0,0.0,0,1,0.0,0,0,0,54,0,0,0,0.0,1338,0.0,98,95,1630,0,0.0059,0,4.804,0,0,2586.0,3,0,0.6907,2590.8099,0.0,1,Survivalist
0.0,0.0,0.0,0,2,175.4,2,0,2,49,0,0,0,0.0,1383,0.0,46,45,1476,0,0.0,0,0.0,0,0,852.4,3,0,0.6444,852.4,0.0,4,Survivalist
0.0,0.0,0.0,0,0,137.7,1,0,3,35,0,1,1,0.9554,1805,0.0,28,28,1514,0,0.0,0,0.0,0,0,289.8,4,0,0.0741,289.8,0.0,3,Aggressive
0.0,0.0,0.0,2,1,53.32,0,0,0,59,1117,0,0,0.0,1778,0.0,42,42,0,0,0.0,0,0.0,0,0,423.6,3,1531,0.3415,423.6,0.0,1,Survivalist
0.0,0.0,0.0,0,1,208.0,1,0,1,20,0,2,2,50.54,1472,0.0,29,26,1553,0,0.0,0,0.0,0,0,548.2,3,0,0.3571,548.2,0.0,2,Aggressive
0.0,0.0,0.0,0,0,0.0,0,0,0,61,1110,0,0,0.0,1971,0.0,30,30,0,0,0.0,0,0.0,0,0,1626.0,7,1487,0.5517,1626.0,0.0,0,Survivalist
0.0,0.0,0.0,0,0,49.0,0,0,1,69,0,0,0,0.0,1424,0.0,28,26,1843,0,0.0,0,0.0,0,0,241.2,5,0,0.2593,241.2,0.0,1,Survivalist
0.0,0.0,0.0,0,0,32.34,0,0,0,58,0,0,0,0.0,1753,0.0,27,26,1498,0,0.0,0,0.0,0,0,984.2,4,0,0.3846,984.2,0.0,0,Survivalist
0.0,0.0,0.0,0,1,0.0,0,0,0,67,0,0,0,0.0,1841,0.0,50,47,1510,0,0.0,0,0.0,0,0,496.9,4,0,0.3469,496.9,0.0,1,Survivalist
0.0,0.0,0.0,1,5,582.2,6,2,5,3,0,5,2,113.0,1872,0.0,28,25,1480,2,1755.0,1,0.0,0,1,2738.0,7,0,0.8519,4493.0,0.4,10,Aggressive
0.0,0.0,0.0,0,1,89.48,0,0,0,53,0,0,0,0.0,1382,0.0,97,95,1657,0,0.0,0,0.0,0,0,557.7,3,0,0.6562,557.7,0.0,1,Survivalist
0.0,0.0,0.0,0,1,99.16,1,0,0,34,0,1,1,6.011,1902,0.0,27,26,1500,0,0.0,0,0.0,0,0,865.2,2,0,0.0769,865.2,0.0,1,Aggressive
0.0,0.0,0.0,0,0,356.5,1,2,0,9,1289,3,2,26.85,1888,0.0,46,45,0,1,0.0,0,0.0,0,0,837.6,5,1548,0.4222,837.6,0.6666666666666666,0,Aggressive
0.0,0.0,0.0,0,0,0.0,0,0,0,97,0,0,0,0.0,1312,0.0,27,25,1545,0,0.0,0,0.0,0,0,16.48,1,0,0.0,16.48,0.0,0,Survivalist
0.0,0.0,0.0,0,0,193.2,0,2,0,12,0,3,1,37.46,1429,0.0,96,91,1506,0,0.0,0,0.0,0,0,155.5,3,0,0.4421,155.5,0.6666666666666666,0,Aggressive
0.0,0.0,0.0,0,0,31.19,0,0,0,67,1338,0,0,0.0,1357,0.0,28,27,0,0,0.0,0,0.0,0,0,411.1,4,1438,0.4074,411.1,0.0,0,Survivalist
0.0,0.0,0.0,0,0,93.31,0,0,0,59,1503,0,0,0.0,1352,0.0,31,30,0,0,0.0,0,0.0,0,0,1818.0,4,1487,0.5333,1818.0,0.0,0,Survivalist
0.0,0.0,0.0,0,4,0.0,0,0,5,49,1020,0,0,0.0,1884,0.0,28,26,0,0,2259.0,0,2.369,0,0,1414.0,4,1503,0.7778,3675.369,0.0,9,Survivalist
0.0,0.0,0.0,0,0,0.0,0,0,0,95,0,0,0,0.0,1822,0.0,48,44,1562,0,51.42,0,0.0,0,0,86.22,0,0,0.0,137.64,0.0,0,Survivalist
0.0,0.0,0.0,1,4,0.0,2,0,7,54,1000,0,0,0.0,1781,0.0,28,28,0,0,1599.0,0,0.0,0,0,3246.0,5,1500,0.0,4845.0,0.0,11,Survivalist
0.0,0.0,0.0,0,0,22.94,0,0,0,88,1415,0,0,0.0,1389,0.0,48,47,0,0,0.0,0,0.0,0,0,59.35,2,1482,0.0851,59.35,0.0,0,Survivalist
0.0,0.0,0.0,0,0,25.8,0,0,0,88,1064,0,0,0.0,1391,0.0,49,49,0,0,0.0,0,0.0,0,0,73.58,1,1401,0.1042,73.58,0.0,0,Survivalist
0.0,0.0,0.0,0,0,0.0,0,0,0,82,1134,0,0,0.0,1356,0.0,28,27,0,0,0.0,0,0.0,0,0,138.9,1,1462,0.0,138.9,0.0,0,Survivalist
0.0,0.0,0.0,0,0,200.0,2,0,0,31,0,1,1,9.816,1806,0.0,29,29,1553,0,1765.0,0,0.0,0,0,1444.0,6,0,0.3214,3209.0,0.0,0,Aggressive
0.0,0.0,0.0,1,0,35.1,0,0,0,40,1066,0,0,0.0,1862,0.0,47,47,0,0,0.0,0,0.0,0,0,803.2,10,1507,0.8913,803.2,0.0,0,Survivalist
0.0,0.0,0.0,0,3,40.8,0,0,5,59,0,0,0,0.0,1349,0.0,29,28,1462,0,194.9,0,0.0,0,0,1637.0,4,0,0.5714,1831.9,0.0,8,Survivalist
0.0,0.0,0.0,0,1,7.984,0,0,7,40,1033,0,0,0.0,1843,0.0,31,29,0,2,2358.0,0,0.0,0,0,3044.0,4,1500,0.9667,5402.0,0.0,8,Survivalist
0.0,0.0,0.0,0,0,0.0,0,0,0,96,0,0,0,0.0,1828,0.0,97,95,1500,0,0.0,0,0.0,0,0,0.0,0,0,0.0104,0.0,0.0,0,Survivalist
0.0,0.0,0.0,0,0,0.0,0,0,0,94,0,0,0,0.0,1374,0.0,49,49,1512,0,0.0,0,0.0,0,0,1.389,1,0,0.0208,1.389,0.0,0,Survivalist
0.0,0.0,0.0,0,1,100.0,0,1,0,29,0,1,1,47.47,1322,0.0,29,27,1500,0,0.0,0,0.0,0,0,2001.0,3,0,0.6429,2001.0,1.0,1,Aggressive
0.0,0.0,0.0,0,1,29.4,0,0,1,59,1144,0,0,0.0,1368,0.0,27,26,0,0,0.0,0,0.0,0,0,1043.0,2,1532,0.4231,1043.0,0.0,2,Survivalist
0.0,0.0,0.0,0,0,0.0,0,0,0,78,0,0,0,0.0,1378,0.0,45,45,1510,0,0.0,0,0.0,0,0,34.55,0,0,0.0,34.55,0.0,0,Survivalist
0.0,0.0,0.0,0,2,184.1,0,0,0,30,0,1,1,1.261,1329,0.0,26,25,1477,1,0.0,0,0.0,0,0,1710.0,5,0,0.72,1710.0,0.0,2,Aggressive
0.0,0.0,0.0,0,0,124.5,1,0,0,25,1420,1,1,8.344,1209,0.0,27,26,0,0,0.0,0,0.0,0,0,92.24,3,1553,0.5385,92.24,0.0,0,Aggressive
0.0,0.0,0.0,1,4,269.8,1,1,1,5,1220,3,2,70.54,1351,0.0,50,49,0,0,796.4,0,0.0,0,0,3620.0,4,1576,0.9796,4416.4,0.3333333333333333,5,Aggressive
0.0,0.0,0.0,0,2,94.93,1,1,1,17,0,2,1,9.872,1362,0.0,49,45,1500,0,0.0,0,0.0,0,0,547.7,2,0,0.4375,547.7,0.5,3,Aggressive
0.0,0.0,0.0,0,0,138.7,0,0,0,83,0,0,0,0.0,1396,0.0,25,24,1500,0,0.0,0,0.0,0,0,109.1,1,0,0.0,109.1,0.0,0,Survivalist
0.0,0.0,0.0,0,0,0.0,0,0,0,89,0,0,0,0.0,1798,0.0,26,26,1450,0,0.0,0,0.0,0,0,2.477,1,0,0.04,2.477,0.0,0,Survivalist
0.0,0.0,0.0,0,4,383.6,2,1,4,14,1351,2,2,71.38,1435,0.0,49,47,0,0,1299.0,0,0.0,0,0,2092.0,4,1472,0.75,3391.0,0.5,8,Aggressive
0.0,0.0,0.0,0,3,277.5,1,0,6,15,0,2,2,8.79,1886,0.0,44,42,1447,1,0.0,0,0.0,0,0,2106.0,4,0,0.5349,2106.0,0.0,9,Aggressive
0.0,0.0,0.0,0,2,0.0,0,0,6,17,0,1,1,6.818,1469,0.0,89,87,1638,0,0.0,0,0.0,0,0,3821.0,3,0,0.0,3821.0,0.0,8,Aggressive
0.0,0.0,0.0,0,5,413.0,3,0,11,7,1432,3,2,35.72,1941,0.0,31,30,0,3,5755.0,0,0.0,0,0,1621.0,8,1562,0.7,7376.0,0.0,16,Aggressive
0.0,0.0,0.0,0,0,0.0,0,0,0,59,0,0,0,0.0,1929,0.0,26,26,1496,0,0.0,0,0.0,0,0,1064.0,8,0,0.44,1064.0,0.0,0,Survivalist
0.0,0.0,0.0,0,0,67.31,0,0,0,54,0,0,0,0.0,1365,0.0,27,27,1508,0,0.0,0,0.0,0,0,630.9,3,0,0.7308,630.9,0.0,0,Survivalist
0.0,0.0,0.0,1,4,444.6,3,0,4,3,1285,4,2,10.39,1448,0.0,47,45,0,0,0.0,0,0.0,1,0,2766.0,6,1474,1.0,2766.0,0.0,8,Aggressive
0.0,0.0,0.0,0,1,47.0,0,0,0,71,0,0,0,0.0,1972,0.0,96,86,1504,0,0.0,0,0.0,0,0,196.9,3,0,0.2632,196.9,0.0,1,Survivalist
0.0,0.0,0.0,0,0,0.0,0,0,0,93,1349,0,0,0.0,1345,0.0,29,28,0,0,0.0,0,0.0,0,0,0.0,0,1471,0.0,0.0,0.0,0,Survivalist
0.0,0.0,0.0,0,2,109.5,1,0,1,23,1035,1,1,3.119,1798,0.0,29,27,0,1,5081.0,0,0.0,0,0,1383.0,5,1509,0.6429,6464.0,0.0,3,Aggressive
0.0,0.0,0.0,0,2,0.0,0,0,13,10,0,3,1,10.35,1859,0.0,98,97,1723,0,0.0,0,0.0,0,0,671.0,9,0,0.4742,671.0,0.0,15,Aggressive
0.0,0.0,0.0,0,1,100.0,1,0,0,40,0,1,1,3.266,1481,0.0,46,45,1439,0,0.0,0,0.0,0,0,70.29,2,0,0.0667,70.29,0.0,1,Aggressive
0.0,0.0,0.0,0,0,0.0,0,0,0,61,0,0,0,0.0,1867,0.0,96,94,1500,0,669.2,0,0.0,0,0,947.5,3,0,0.4632,1616.7,0.0,0,Survivalist
0.0,0.0,0.0,0,0,49.98,0,0,0,65,0,0,0,0.0,1388,0.0,95,93,1525,0,0.0,0,0.0,0,0,303.8,4,0,0.3617,303.8,0.0,0,Survivalist
0.0,0.0,0.0,0,0,21.85,0,0,0,78,0,0,0,0.0,1611,0.0,27,26,1483,0,0.0,0,0.0,0,0,55.95,3,0,0.2308,55.95,0.0,0,Survivalist
0.0,0.0,0.0,0,0,100.0,1,2,0,30,0,1,1,5.04,1717,0.0,27,27,1478,0,0.0,0,0.0,0,0,943.7,3,0,0.2308,943.7,2.0,0,Aggressive
0.0,0.0,0.0,0,1,335.5,4,4,1,8,1146,4,2,25.31,1903,0.0,28,27,0,0,4232.0,0,0.0,0,0,1915.0,9,1489,0.5556,6147.0,1.0,2,Aggressive
0.0,0.0,0.0,0,2,0.0,0,0,7,43,1192,0,0,0.0,1435,0.0,29,28,0,0,271.7,0,0.0,0,0,2227.0,5,1582,0.7143,2498.7,0.0,9,Survivalist
0.0,0.0,0.0,0,2,319.6,1,1,6,22,0,1,1,7.557,1881,0.0,28,25,1504,0,2572.0,0,0.0,0,0,1784.0,4,0,0.5185,4356.0,1.0,8,Aggressive
0.0,0.0,0.0,0,0,0.0,0,0,0,58,0,0,0,0.0,1451,0.0,28,27,1484,0,0.0,0,0.0,0,0,1363.0,2,0,0.0,1363.0,0.0,0,Survivalist
0.0,0.0,0.0,1,0,0.0,0,0,0,48,1056,0,0,0.0,1920,0.0,27,27,0,0,0.0298,0,268.4,0,0,0.0,2,1507,0.0,268.4298,0.0,0,Survivalist
0.0,0.0,0.0,0,0,136.4,0,0,0,52,1390,0,0,0.0,1910,0.0,95,91,0,0,0.0,0,0.0,0,0,525.3,7,1547,0.5745,525.3,0.0,0,Survivalist
0.0,0.0,0.0,0,2,184.8,0,0,1,60,1272,0,0,0.0,1830,0.0,28,27,0,0,682.4,0,0.0,0,0,541.2,6,1552,0.4074,1223.6,0.0,3,Survivalist
0.0,0.0,0.0,0,0,0.0,0,0,0,63,1305,0,0,0.0,1411,0.0,96,94,0,0,0.0,0,0.0,0,0,0.0,4,1574,0.0,0.0,0.0,0,Survivalist
0.0,0.0,0.0,1,1,158.7,0,0,1,47,0,0,0,0.0,1372,0.0,50,47,1493,0,0.0,0,0.0,0,0,1598.0,6,0,0.7959,1598.0,0.0,2,Survivalist
0.0,0.0,0.0,0,2,115.7,1,1,1,26,0,1,1,131.7,1909,0.0,29,28,1504,0,3324.0,0,0.0,0,0,2557.0,5,0,0.7143,5881.0,1.0,3,Aggressive
0.0,0.0,0.0,0,0,90.3,0,0,1,67,0,0,0,0.0,1345,0.0,48,46,1543,0,0.0,0,0.0,0,0,40.28,3,0,0.3191,40.28,0.0,1,Survivalist
0.0,0.0,0.0,0,0,0.3021,0,0,0,55,1534,0,0,0.0,1454,0.0,31,31,0,0,639.3,0,0.0,0,0,1878.0,3,1449,0.5667,2517.3,0.0,0,Survivalist
0.0,0.0,0.0,1,0,177.8,1,0,0,36,0,1,1,2.739,1401,0.0,48,47,1502,1,0.0,0,0.0,0,0,261.9,2,0,0.4468,261.9,0.0,0,Aggressive
0.0,0.0,0.0,2,3,93.56,0,0,6,33,1325,1,1,4.118,1312,0.0,31,31,0,1,163.1,0,0.0,0,0,1002.0,4,1488,0.6333,1165.1,0.0,9,Aggressive
0.0,0.0,0.0,0,0,175.0,0,0,0,46,0,1,1,4.31,1473,0.0,98,95,1511,0,0.0,0,0.0,0,0,65.19,1,0,0.1649,65.19,0.0,0,Aggressive
0.0,0.0,0.0,0,0,0.0,0,0,0,84,0,0,0,0.0,1959,0.0,30,30,1498,0,0.0,0,1.798,0,0,0.0,0,0,0.069,1.798,0.0,0,Survivalist
0.0,0.0,0.0,0,0,0.0,0,0,0,56,1241,0,0,0.0,1365,0.0,28,28,0,0,0.0,0,0.0,0,0,1483.0,3,1449,0.5556,1483.0,0.0,0,Survivalist
0.0,0.0,0.0,1,2,46.44,0,0,1,51,0,0,0,0.0,1389,0.0,49,49,1474,0,985.4,0,0.0,0,0,2216.0,7,0,0.8958,3201.4,0.0,3,Survivalist
0.0,0.0,0.0,0,0,138.3,2,0,0,43,0,1,1,9.306,1331,0.0,27,26,1443,0,0.0,0,0.0,0,0,152.4,2,0,0.1538,152.4,0.0,0,Aggressive
0.0,0.0,0.0,0,1,100.0,1,0,5,71,1366,0,0,0.0,1390,0.0,47,45,0,0,0.0,0,0.0,0,0,57.43,3,1466,0.2174,57.43,0.0,6,Survivalist
0.0,0.0,0.0,1,1,324.0,2,1,2,8,0,3,2,10.82,1386,0.0,49,46,1638,0,0.0,0,0.0,0,0,1921.0,4,0,0.7708,1921.0,0.3333333333333333,3,Aggressive
0.0,0.0,0.0,1,0,193.0,1,0,0,17,1018,2,1,10.1,1282,0.0,50,47,0,0,0.0,0,0.0,0,0,1754.0,3,1489,0.7347,1754.0,0.0,0,Aggressive
0.0,0.0,0.0,0,0,163.2,1,0,0,74,1120,0,0,0.0,1408,0.0,49,48,0,0,0.0,0,0.0,0,0,261.2,2,1435,0.2708,261.2,0.0,0,Survivalist
0.0,0.0,0.0,0,6,311.9,0,0,7,13,1571,2,1,45.6,1384,0.0,97,94,0,0,0.0,0,0.0,0,0,2191.0,13,1550,0.9271,2191.0,0.0,13,Aggressive
0.0,0.0,0.0,0,0,0.0,0,0,0,86,1079,0,0,0.0,1359,0.0,49,46,0,0,0.0,0,0.0,0,0,56.64,0,1518,0.0625,56.64,0.0,0,Survivalist
0.0,0.0,0.0,0,0,59.85,0,0,0,58,1035,0,0,0.0,1351,0.0,48,47,0,1,0.0,0,0.0,0,0,699.5,6,1460,0.5319,699.5,0.0,0,Survivalist
0.0,0.0,0.0,0,4,0.0,0,0,6,52,0,0,0,0.0,1913,0.0,96,94,1692,0,3069.0,0,0.0,0,0,2250.0,9,0,0.7368,5319.0,0.0,10,Survivalist
0.0,0.0,0.0,0,0,134.2,0,0,0,81,0,0,0,0.0,1330,0.0,46,45,1440,0,0.0,0,0.0,0,0,31.22,1,0,0.0889,31.22,0.0,0,Survivalist
0.0,0.0,0.0,2,0,188.7,0,0,0,80,1277,0,0,0.0,1418,0.0,49,46,0,0,0.0,0,0.0,0,0,142.1,2,1439,0.1875,142.1,0.0,0,Survivalist
0.0,0.0,0.0,0,1,142.0,1,0,1,32,0,1,1,2.217,1765,0.0,28,27,1415,0,197.7,0,0.0,0,0,431.3,6,0,0.2222,629.0,0.0,2,Aggressive
0.0,0.0,0.0,0,0,35.62,0,0,0,47,0,0,0,0.0,1398,0.0,27,27,1500,0,0.0,0,0.0,0,0,53.48,2,0,0.8846,53.48,0.0,0,Survivalist
0.0,38270758163951.0,0.0,0,0,52.64,0,0,0,88,0,0,0,0.0,1881,0.0,47,46,1490,0,0.0,0,0.0,0,0,100.9,1,0,0.0652,100.9,0.0,0,Survivalist
0.0,0.0,0.0,0,6,313.7,1,1,2,22,1021,1,1,45.51,1466,0.0,46,45,0,0,0.0,0,0.0,0,0,3035.0,3,1494,0.9333,3035.0,1.0,8,Aggressive
0.0,0.0,0.0,0,1,0.0,0,0,0,59,0,0,0,0.0,1377,0.0,48,46,1467,0,0.0,0,1.076,0,0,1820.0,4,0,0.5745,1821.076,0.0,1,Survivalist
0.0,0.0,0.0,0,0,10.44,0,0,0,60,1416,0,0,0.0,1403,0.0,30,30,0,0,699.9,0,0.0,0,0,1661.0,3,1555,0.4828,2360.9,0.0,0,Survivalist
0.0,0.0,0.0,0,0,0.0,0,0,0,56,997,0,0,0.0,1363,0.0,98,98,0,0,0.0,0,39.83,0,0,1354.0,2,1498,0.5773,1393.83,0.0,0,Survivalist
0.0,0.0,0.0,0,0,0.0,0,0,0,9,0,0,0,0.0,1808,0.0,17,2,1500,0,0.0,0,0.0,0,0,0.0,2,0,0.0,0.0,0.0,0,Survivalist
0.0,0.0,0.0,0,3,0.0,0,0,1,52,0,0,0,0.0,1420,0.0,28,27,1102,0,0.0,0,0.0,0,0,1689.0,5,0,0.8889,1689.0,0.0,4,Survivalist
0.0,0.0,0.0,1,2,394.5,3,2,1,9,1104,3,2,16.74,1934,0.0,48,46,0,1,2512.0,0,0.0,0,0,3930.0,9,1432,0.8511,6442.0,0.6666666666666666,3,Aggressive
0.0,0.0,0.0,1,0,119.8,0,0,2,45,0,0,0,0.0,1441,0.0,28,28,1551,1,0.0,0,0.0,0,0,3313.0,8,0,1.0,3313.0,0.0,2,Survivalist
0.0,0.0,0.0,0,2,378.2,2,0,4,6,0,5,1,80.19,1454,0.0,48,47,1730,2,0.0,0,0.0,0,0,1821.0,7,0,0.7234,1821.0,0.0,6,Aggressive
0.0,0.0,0.0,3,8,0.0,4,1,3,18,0,2,1,115.8,1767,0.0,26,24,1502,1,4358.0,0,0.0,0,0,0.0,4,0,0.0,4358.0,0.5,11,Aggressive
0.0,0.0,0.0,0,0,0.0,0,0,0,70,0,0,0,0.0,1920,0.0,49,48,1458,0,405.8,0,0.0,0,0,668.1,3,0,0.4375,1073.9,0.0,0,Survivalist
0.0,0.0,0.0,1,2,0.0,0,0,0,38,1147,0,0,0.0,2017,0.0,49,46,0,0,3531.0,0,0.0,0,0,0.0,6,1464,0.0,3531.0,0.0,2,Survivalist
0.0,0.0,0.0,0,0,200.0,2,1,0,22,0,2,2,5.124,1822,0.0,28,27,1510,0,0.0,0,0.0,0,0,815.7,5,0,0.2222,815.7,0.5,0,Aggressive
0.0,0.0,0.0,0,0,36.05,0,0,0,86,0,0,0,0.0,1877,0.0,92,89,1502,0,0.0,0,0.0,0,0,141.0,1,0,0.044,141.0,0.0,0,Survivalist
0.0,0.0,0.0,0,1,74.08,1,0,2,37,1122,1,1,0.8316,1384,0.0,50,50,0,0,194.9,0,0.0,0,0,639.1,4,1353,0.4694,834.0,0.0,3,Aggressive
0.0,0.0,0.0,0,0,0.0,0,0,0,57,0,0,0,0.0,1853,0.0,28,28,1308,0,856.8,0,0.0,0,0,842.2,5,0,0.3704,1699.0,0.0,0,Survivalist
0.0,0.0,0.0,1,2,232.9,2,0,2,15,1463,2,1,51.89,1376,0.0,30,25,0,1,0.0,0,0.0,0,0,2329.0,6,1558,0.7241,2329.0,0.0,4,Aggressive
0.0,0.0,0.0,1,3,163.9,0,0,0,41,0,0,0,0.0,1880,0.0,28,27,1375,0,1924.0,0,366.1,0,0,3299.0,3,0,0.963,5589.1,0.0,3,Survivalist
0.0,0.0,0.0,1,1,173.0,1,0,0,39,1000,1,1,25.25,1414,0.0,49,48,0,0,0.0,0,0.0,0,0,169.6,2,1500,0.2917,169.6,0.0,1,Aggressive
0.0,0.0,0.0,0,1,234.9,0,3,0,17,1318,2,1,135.5,1375,0.0,97,95,0,0,0.0,0,0.0,0,0,743.5,5,1701,0.7292,743.5,1.5,1,Aggressive
0.0,0.0,0.0,0,0,18.38,0,0,0,62,0,0,0,0.0,1386,0.0,27,24,1422,0,0.0,0,0.0,0,0,174.1,4,0,0.3462,174.1,0.0,0,Survivalist
0.0,0.0,0.0,1,2,22.59,0,0,2,50,0,0,0,0.0,1386,0.0,28,28,1511,0,145.5,0,0.0,0,0,2205.0,3,0,0.6667,2350.5,0.0,4,Survivalist
0.0,0.0,0.0,0,4,101.6,1,0,0,31,1586,1,1,27.88,1385,0.0,30,29,0,0,981.3,0,0.0,0,0,1817.0,9,1449,0.5862,2798.3,0.0,4,Aggressive
0.0,0.0,0.0,0,4,1129.0,5,2,3,1,0,9,2,75.74,1422,0.0,48,46,1526,0,0.0,0,0.0,0,0,1458.0,4,0,1.0,1458.0,0.2222222222222222,7,Aggressive
0.0,0.0,0.0,0,0,120.4,1,0,0,87,0,0,0,0.0,1490,0.0,47,45,1500,0,0.0,0,0.0,0,0,82.0,2,0,0.0217,82.0,0.0,0,Survivalist
0.0,0.0,0.0,0,0,0.0,0,0,0,79,0,0,0,0.0,1850,0.0,47,45,1520,0,0.0,0,0.0,0,0,289.7,3,0,0.0,289.7,0.0,0,Survivalist
0.0,0.0,0.0,2,3,88.27,0,0,4,35,0,0,0,0.0,1873,0.0,28,26,1485,1,3466.0,0,0.0,0,0,3507.0,4,0,0.8519,6973.0,0.0,7,Survivalist
0.0,0.0,0.0,0,0,0.0,0,0,0,51,1240,0,0,0.0,1336,0.0,28,27,0,0,0.0,0,0.0,0,0,1817.0,5,1473,0.5926,1817.0,0.0,0,Survivalist
0.0,0.0,0.0,0,6,355.1,0,0,6,7,1488,3,1,64.62,1831,0.0,96,93,0,0,6659.0,0,0.0,0,0,2807.0,4,1695,0.9895,9466.0,0.0,12,Aggressive
0.0,0.0,0.0,1,1,100.0,0,0,0,39,0,1,1,61.72,1913,0.0,50,49,1474,0,1920.0,0,0.0,0,0,783.1,3,0,0.4694,2703.1,0.0,1,Aggressive
0.0,0.0,0.0,0,0,0.0,0,1,0,19,0,2,1,20.22,1378,0.0,94,93,1500,0,0.0,0,0.0,0,0,1968.0,3,0,0.7634,1968.0,0.5,0,Aggressive
0.0,0.0,0.0,2,1,0.0,0,0,6,66,0,0,0,0.0,1378,0.0,28,28,1309,0,0.0,0,0.0,0,0,524.5,3,0,0.0,524.5,0.0,7,Survivalist
0.0,0.0,0.0,0,0,226.7,1,2,5,14,0,3,2,74.7,1807,0.0,48,43,1500,0,2576.0,0,0.0,0,0,1405.0,7,0,0.7021,3981.0,0.6666666666666666,5,Aggressive
0.0,0.0,0.0,0,4,149.6,0,0,0,46,0,0,0,0.0,1925,0.0,97,89,1523,0,1411.0,0,0.0,0,0,3108.0,3,0,0.8125,4519.0,0.0,4,Survivalist
0.0,0.0,0.0,0,0,100.0,1,0,0,40,1238,1,1,5.623,1396,0.0,27,26,0,0,0.0,0,0.0,0,0,101.0,4,1510,0.2308,101.0,0.0,0,Aggressive
0.0,0.0,0.0,0,1,47.71,0,0,0,55,1089,0,0,0.0,1401,0.0,30,28,0,1,0.0,0,0.0,0,0,1427.0,7,1502,0.5517,1427.0,0.0,1,Survivalist
0.0,0.0,0.0,0,1,0.0,0,1,1,33,0,1,1,53.03,1386,0.0,96,91,1618,0,0.0,0,0.0,0,0,560.9,3,0,0.5053,560.9,1.0,2,Aggressive
0.0,0.0,0.0,1,3,223.2,1,1,8,8,0,3,1,6.423,1327,0.0,27,26,1458,2,456.8,0,14.37,0,0,3396.0,4,0,0.9615,3867.17,0.3333333333333333,11,Aggressive
0.0,0.0,0.0,0,5,271.0,2,1,1,6,1262,3,1,35.88,1344,0.0,31,30,0,0,0.0,0,0.0,0,0,1784.0,3,1505,0.9333,1784.0,0.3333333333333333,6,Aggressive
0.0,0.0,0.0,1,3,0.0,1,0,0,29,1340,1,1,69.59,1355,0.0,27,25,0,0,0.0,0,0.0,0,0,0.0,5,1382,0.0,0.0,0.0,3,Aggressive
0.0,0.0,0.0,0,0,0.0,0,0,0,94,0,0,0,0.0,1477,0.0,96,93,1512,0,0.0,0,0.0,0,0,0.0,0,0,0.0,0.0,0.0,0,Survivalist
0.0,0.0,0.0,0,2,34.12,0,0,2,44,0,0,0,0.0,1365,0.0,27,27,1323,0,0.0,0,0.0,0,0,3278.0,4,0,0.8077,3278.0,0.0,4,Survivalist
0.0,0.0,0.0,0,0,0.0,0,0,0,94,0,0,0,0.0,1263,0.0,30,28,1622,1,0.0,0,0.0,0,0,26.83,1,0,0.0,26.83,0.0,0,Survivalist
0.0,0.0,0.0,1,0,124.0,0,0,0,79,0,0,0,0.0,1840,0.0,97,95,1480,0,0.0,0,0.0,0,0,149.3,2,0,0.2396,149.3,0.0,0,Survivalist
0.0,0.0,0.0,0,2,202.5,1,1,6,30,1101,1,1,56.16,1939,0.0,27,27,0,0,389.5,0,0.0,0,0,3650.0,5,1476,0.6923,4039.5,1.0,8,Aggressive
0.0,0.0,0.0,1,6,640.9,4,1,5,1,1594,6,2,190.7,1363,0.0,47,46,0,1,0.0,0,0.0,0,0,3263.0,6,1560,0.913,3263.0,0.16666666666666666,11,Aggressive
0.0,0.0,0.0,0,0,0.0,0,0,0,82,0,0,0,0.0,892,0.0,47,45,1500,0,0.0,0,0.0,0,0,0.0,0,0,0.0,0.0,0.0,0,Survivalist
0.0,0.0,0.0,0,0,131.1,2,0,0,70,0,0,0,0.0,1866,0.0,30,30,1463,0,374.4,0,0.0,0,0,682.6,7,0,0.2414,1057.0,0.0,0,Survivalist
0.0,0.0,0.0,0,0,0.0,0,0,0,57,0,0,0,0.0,1378,0.0,28,26,1435,0,266.6,0,0.0,0,0,1117.0,4,0,0.5556,1383.6,0.0,0,Survivalist
0.0,0.0,0.0,0,3,292.3,3,0,2,9,1340,2,2,79.48,1432,0.0,28,25,0,0,0.0,0,0.0,0,0,2963.0,5,1499,1.0,2963.0,0.0,5,Aggressive
0.0,0.0,0.0,0,0,0.0,0,0,0,75,1321,0,0,0.0,1384,0.0,48,46,0,0,0.0,0,0.0,0,0,27.19,3,1545,0.1915,27.19,0.0,0,Survivalist
0.0,0.0,0.0,0,0,0.0,0,0,0,79,1000,0,0,0.0,1894,0.0,27,27,0,0,0.0,0,0.0,0,0,1475.0,7,1500,0.1538,1475.0,0.0,0,Survivalist
0.0,0.0,0.0,0,0,147.3,1,1,0,41,0,1,1,9.927,1280,0.0,47,47,1469,0,0.0,0,0.0,0,0,176.8,2,0,0.087,176.8,1.0,0,Aggressive
0.0,0.0,0.0,0,0,0.0,0,0,0,95,0,0,0,0.0,1382,0.0,49,48,1652,0,0.0,0,0.0,0,0,26.21,1,0,0.0208,26.21,0.0,0,Survivalist
0.0,0.0,0.0,0,0,0.0,0,0,0,61,0,0,0,0.0,1309,0.0,28,27,1377,0,0.0,0,0.0,0,0,30.21,1,0,0.3333,30.21,0.0,0,Survivalist
0.0,0.0,0.0,1,6,705.1,2,0,2,2,0,6,2,222.4,1894,0.0,27,25,1477,0,4320.0,0,0.0,0,1,2929.0,5,0,1.0,7249.0,0.0,8,Aggressive
0.0,0.0,0.0,0,3,36.28,0,0,15,50,0,0,0,0.0,1283,0.0,32,31,1575,1,299.0,0,0.0,0,0,2118.0,4,0,0.0,2417.0,0.0,18,Survivalist
0.0,0.0,0.0,1,3,80.73,0,0,0,46,1252,0,0,0.0,1395,0.0,26,24,0,1,0.0,0,16.78,0,0,2041.0,4,1461,0.96,2057.78,0.0,3,Survivalist
0.0,0.0,0.0,1,0,38.0,0,0,0,75,1247,0,0,0.0,1361,0.0,30,29,0,0,0.0,0,0.0,0,0,64.01,1,1422,0.2414,64.01,0.0,0,Survivalist
0.0,0.0,0.0,0,0,0.0,0,0,0,90,0,0,0,0.0,1213,0.0,47,43,1468,0,0.0,0,0.0,0,0,0.0,0,0,0.0,0.0,0.0,0,Survivalist
0.0,0.0,0.0,0,0,126.7,2,1,0,33,1238,1,1,22.43,1425,0.0,49,48,0,0,0.0,0,0.0,0,0,422.5,1,1478,0.3542,422.5,1.0,0,Aggressive
0.0,0.0,0.0,1,3,286.7,2,0,2,14,1695,2,2,21.71,1333,0.0,31,31,0,0,0.0,0,0.0,0,0,2531.0,4,1638,0.9333,2531.0,0.0,5,Aggressive
0.0,0.0,0.0,0,0,0.0,0,0,0,61,1000,0,0,0.0,1272,0.0,27,27,0,1,0.0,0,0.0,0,0,520.6,3,1500,0.4231,520.6,0.0,0,Survivalist
0.0,0.0,0.0,0,0,0.0,0,0,1,49,0,0,0,0.0,1442,0.0,95,91,1513,0,0.0,0,0.0,0,0,2459.0,3,0,0.766,2459.0,0.0,1,Survivalist
0.0,0.0,0.0,0,7,415.3,4,6,11,3,0,5,1,297.5,1821,0.0,47,46,1602,1,2494.0,0,0.0,0,0,4634.0,4,0,1.0,7128.0,1.2,18,Aggressive
0.0,0.0,0.0,0,0,51.0,0,0,0,93,0,0,0,0.0,1857,0.0,28,28,1484,0,0.0,0,0.0,0,0,21.61,1,0,0.0741,21.61,0.0,0,Survivalist
0.0,0.0,0.0,0,4,0.0,0,0,2,45,0,0,0,0.0,2135,0.0,28,24,1483,0,4411.0,0,0.0,0,0,2179.0,6,0,0.6667,6590.0,0.0,6,Survivalist
0.0,0.0,0.0,0,0,0.0,0,0,0,62,0,0,0,0.0,1878,0.0,46,45,1539,0,3397.0,0,0.0,0,0,424.1,3,0,0.3333,3821.1,0.0,0,Survivalist
0.0,0.0,0.0,0,0,100.0,1,0,1,34,0,1,1,2.817,1334,0.0,28,27,1472,0,0.0,0,0.0,0,0,221.8,3,0,0.4444,221.8,0.0,1,Aggressive
0.0,0.0,0.0,0,2,200.0,0,2,1,19,0,2,1,17.28,1458,0.0,92,87,1684,0,0.0,0,0.0,0,0,154.9,2,0,0.3516,154.9,1.0,3,Aggressive
0.0,0.0,0.0,0,0,0.0,0,0,0,91,0,0,0,0.0,1392,0.0,27,26,1469,0,0.0,0,0.0,0,0,19.75,1,0,0.0769,19.75,0.0,0,Survivalist
0.0,0.0,0.0,1,0,0.0,1,0,0,36,1556,1,1,7.918,1387,0.0,28,26,0,0,0.0,0,0.0,0,0,95.1,3,1497,0.0,95.1,0.0,0,Aggressive
0.0,0.0,0.0,0,2,188.9,1,0,2,23,0,1,1,10.52,1358,0.0,46,43,1530,0,1593.0,0,0.0,0,0,2100.0,6,0,0.7333,3693.0,0.0,4,Aggressive
0.0,0.0,0.0,1,3,143.9,1,0,1,28,0,1,1,0.4233,1367,0.0,50,50,1513,0,0.0,0,0.0,0,0,2204.0,5,0,0.7959,2204.0,0.0,4,Aggressive
0.0,0.0,0.0,0,0,0.0,1,0,0,27,0,1,1,7.251,1933,0.0,50,48,1720,0,0.0,0,0.0,0,0,0.0,4,0,0.0,0.0,0.0,0,Aggressive
0.0,0.0,0.0,0,0,0.0,0,0,0,76,1427,0,0,0.0,1335,0.0,29,27,0,0,0.0,0,0.0,0,0,135.1,2,1527,0.0,135.1,0.0,0,Survivalist
0.0,0.0,0.0,0,1,22.65,1,2,0,31,1000,1,1,3.892,1295,0.0,27,27,0,0,0.0,0,0.0,0,0,936.8,2,1500,0.6154,936.8,2.0,1,Aggressive
0.0,0.0,0.0,0,1,142.8,0,0,1,60,1363,0,0,0.0,1406,0.0,99,97,0,0,0.0,0,0.0,0,0,351.9,4,1577,0.602,351.9,0.0,2,Survivalist
0.0,0.0,0.0,0,3,342.9,3,1,4,2,0,6,2,110.9,1371,0.0,50,50,1491,0,0.0,0,90.23,0,0,2769.0,3,0,0.9184,2859.23,0.16666666666666666,7,Aggressive
0.0,0.0,0.0,0,0,0.0,0,0,0,84,0,0,0,0.0,1801,0.0,50,49,1500,0,0.0,0,0.0,0,0,0.0,2,0,0.0,0.0,0.0,0,Survivalist
0.0,0.0,0.0,0,2,282.0,2,2,6,10,0,3,1,77.97,1338,0.0,30,28,1477,0,0.0,0,0.0,0,0,713.2,3,0,0.4828,713.2,0.6666666666666666,8,Aggressive
0.0,0.0,0.0,0,0,273.9,2,0,1,72,0,0,0,0.0,1389,0.0,27,27,1394,2,0.0,0,0.0,0,0,153.4,3,0,0.3462,153.4,0.0,1,Survivalist
0.0,0.0,0.0,0,3,0.0,0,0,4,47,0,0,0,0.0,2186,0.0,46,43,1577,0,5955.0,0,0.0,0,0,2042.0,5,0,0.7778,7997.0,0.0,7,Survivalist
0.0,0.0,0.0,1,1,127.3,1,0,1,22,1251,1,1,7.515,1799,0.0,25,25,0,1,0.0,0,0.0,0,0,751.0,5,1499,0.875,751.0,0.0,2,Aggressive
0.0,0.0,0.0,0,0,333.3,3,0,0,11,1465,3,2,37.52,1825,0.0,31,30,0,2,72.56,0,0.0,0,0,2476.0,6,1521,0.7667,2548.56,0.0,0,Aggressive
0.0,0.0,0.0,0,0,103.4,2,1,0,37,0,1,1,29.95,1826,0.0,27,26,1527,0,0.0,0,0.0,0,0,137.5,1,0,0.1538,137.5,1.0,0,Aggressive
0.0,0.0,0.0,0,2,93.58,0,0,1,28,0,1,1,2.893,1944,0.0,94,91,1540,0,1603.0,0,0.0,0,0,1327.0,5,0,0.7957,2930.0,0.0,3,Aggressive
0.0,0.0,0.0,0,0,47.3,0,0,0,74,0,0,0,0.0,1893,0.0,30,30,1525,0,0.0,0,0.0,0,0,486.6,3,0,0.2069,486.6,0.0,0,Survivalist
0.0,0.0,0.0,0,0,119.4,0,0,0,63,1000,0,0,0.0,1328,0.0,28,28,0,0,0.0,0,0.0,0,0,416.3,6,1500,0.0,416.3,0.0,0,Survivalist
0.0,0.0,0.0,0,0,148.4,1,0,0,30,0,1,1,32.44,1935,0.0,27,27,1493,0,2518.0,0,0.0,0,0,2546.0,7,0,0.4231,5064.0,0.0,0,Aggressive
0.0,0.0,0.0,0,0,0.0,0,0,0,94,0,0,0,0.0,1381,0.0,95,93,1514,0,0.0,0,0.0,0,0,0.0,0,0,0.0,0.0,0.0,0,Survivalist
0.0,0.0,0.0,2,2,153.4,0,0,1,48,1202,0,0,0.0,1428,0.0,31,31,0,1,0.0,0,0.0,0,0,3455.0,4,1459,0.9,3455.0,0.0,3,Survivalist
0.0,0.0,0.0,0,4,183.1,1,0,0,28,0,1,1,32.84,1836,0.0,28,27,1412,0,3371.0,0,0.0,0,0,2499.0,7,0,0.7778,5870.0,0.0,4,Aggressive
0.0,0.0,0.0,1,4,10.0,1,0,4,29,0,1,1,10.16,1313,0.0,30,29,1510,0,1818.0,0,0.0,0,0,1128.0,4,0,0.6897,2946.0,0.0,8,Aggressive
0.0,0.0,0.0,1,3,474.6,2,2,2,5,1357,4,2,90.57,1468,0.0,26,22,0,2,1794.0,0,0.0,0,0,2603.0,4,1563,0.92,4397.0,0.5,5,Aggressive
0.0,0.0,0.0,0,0,82.5,0,0,0,85,1158,0,0,0.0,1452,0.0,49,46,0,0,0.0,0,0.0,0,0,12.85,1,1487,0.125,12.85,0.0,0,Survivalist
0.0,0.0,0.0,0,1,300.0,0,0,1,14,1000,3,1,20.65,1327,0.0,99,97,0,0,0.0,0,0.0,0,0,391.8,8,1500,0.551,391.8,0.0,2,Aggressive
0.0,0.0,0.0,1,0,136.1,1,0,0,34,0,1,1,64.18,1233,0.0,28,28,1480,0,0.0,0,0.0,0,0,1975.0,5,0,0.4815,1975.0,0.0,0,Aggressive
0.0,0.0,0.0,0,1,108.1,0,0,1,56,1359,0,0,0.0,1924,0.0,26,24,0,0,0.0,0,0.0,0,0,854.3,6,1553,0.44,854.3,0.0,2,Survivalist
0.0,0.0,0.0,0,0,0.0,0,0,0,66,0,0,0,0.0,1296,0.0,27,26,1500,0,0.0,0,0.0,0,0,284.0,3,0,0.4231,284.0,0.0,0,Survivalist
0.0,0.0,0.0,0,0,252.8,2,0,0,14,0,2,2,21.45,1973,0.0,50,46,1472,1,0.0,0,0.0,0,0,720.7,4,0,0.2857,720.7,0.0,0,Aggressive
0.0,0.0,0.0,0,0,0.0,0,0,0,79,1333,0,0,0.0,1410,0.0,29,29,0,0,0.0,0,0.0,0,0,407.3,2,1572,0.1786,407.3,0.0,0,Survivalist
0.0,0.0,0.0,0,0,0.0,0,0,0,90,0,0,0,0.0,1878,0.0,48,45,1670,0,0.0,0,0.0,0,0,0.0,0,0,0.0,0.0,0.0,0,Survivalist
0.0,0.0,0.0,0,0,51.87,0,0,0,71,0,0,0,0.0,1816,0.0,31,31,1500,1,0.0,0,0.0,0,0,737.4,4,0,0.2667,737.4,0.0,0,Survivalist
0.0,0.0,0.0,0,0,337.7,3,1,0,5,1718,4,3,20.63,1393,0.0,29,28,0,2,0.0,0,0.0,0,0,126.6,1,1533,0.2143,126.6,0.25,0,Aggressive
0.0,0.0,0.0,0,0,0.0,0,0,0,87,0,0,0,0.0,1399,0.0,28,26,1478,0,0.0,0,0.0,0,0,125.4,2,0,0.037,125.4,0.0,0,Survivalist
0.0,0.0,0.0,0,0,86.87,1,0,0,62,0,0,0,0.0,1819,0.0,27,26,1462,0,0.0,0,0.0,0,0,405.1,1,0,0.1923,405.1,0.0,0,Survivalist
0.0,0.0,0.0,0,0,98.0,0,2,0,27,0,1,1,28.18,1755,0.0,96,88,1503,0,0.0,0,0.0,0,0,641.6,2,0,0.5684,641.6,2.0,0,Aggressive
0.0,0.0,0.0,0,0,146.9,0,0,0,38,1009,1,1,8.373,1442,0.0,47,47,0,0,0.0,0,0.0,0,0,220.1,8,1483,0.2826,220.1,0.0,0,Aggressive
0.0,0.0,0.0,1,0,0.0,0,0,0,38,1072,1,1,2.928,1399,0.0,48,47,0,0,0.0,0,0.0,0,0,144.7,4,1515,0.383,144.7,0.0,0,Aggressive
0.0,0.0,0.0,0,0,0.0,0,0,0,89,0,0,0,0.0,1443,0.0,50,48,1498,0,0.0,0,0.0,0,0,29.36,1,0,0.102,29.36,0.0,0,Survivalist
0.0,0.0,0.0,0,5,270.9,0,0,3,13,0,2,1,5.437,1882,0.0,95,88,1486,0,0.0,0,0.0,0,0,2866.0,7,0,0.9362,2866.0,0.0,8,Aggressive
0.0,0.0,0.0,0,0,38.25,0,0,0,95,0,0,0,0.0,1371,0.0,29,28,1256,0,0.0,0,0.0,0,0,10.89,1,0,0.0357,10.89,0.0,0,Survivalist
0.0,0.0,0.0,0,0,112.8,0,3,0,21,0,2,1,45.64,1361,0.0,97,93,1545,0,0.0,0,0.0,0,0,604.8,3,0,0.6042,604.8,1.5,0,Aggressive
0.0,0.0,0.0,0,2,24.48,0,0,1,56,0,0,0,0.0,1384,0.0,90,90,1543,0,0.0,0,0.0,0,0,520.6,4,0,0.6404,520.6,0.0,3,Survivalist
0.0,0.0,0.0,0,0,0.0,0,0,0,96,0,0,0,0.0,1749,0.0,30,27,1389,0,0.0,0,0.0,0,0,39.04,0,0,0.0,39.04,0.0,0,Survivalist
0.0,0.0,0.0,0,1,280.2,2,0,1,12,1078,3,2,4.367,1983,0.0,46,43,0,0,0.0,0,0.0,0,0,996.5,5,1506,0.4667,996.5,0.0,2,Aggressive
0.0,0.0,0.0,0,0,68.0,0,0,0,86,0,0,0,0.0,1269,0.0,29,29,1500,0,0.0,0,0.0,0,0,61.12,1,0,0.1071,61.12,0.0,0,Survivalist
0.0,0.0,0.0,1,4,494.7,0,0,0,4,0,4,1,92.07,1480,0.0,94,93,1564,0,1301.0,0,71.05,0,0,1754.0,4,0,0.9677,3126.05,0.0,4,Aggressive
0.0,0.0,0.0,1,2,239.0,1,1,1,18,0,2,2,132.5,1437,0.0,28,27,1539,0,0.0,0,0.0,0,0,1574.0,5,0,0.7037,1574.0,0.5,3,Aggressive
0.0,0.0,0.0,0,2,97.81,1,2,3,11,1360,2,2,229.6,1444,0.0,49,47,0,1,30.96,0,0.0,0,0,2743.0,4,1579,0.8958,2773.96,1.0,5,Aggressive
0.0,0.0,0.0,0,0,0.0,0,0,0,88,1092,0,0,0.0,1993,0.0,96,94,0,0,0.0,0,0.0,0,0,92.21,0,1547,0.0842,92.21,0.0,0,Survivalist
0.0,0.0,0.0,0,2,57.75,0,0,5,78,1224,0,0,0.0,1863,0.0,28,28,0,0,0.0,0,0.0,0,0,137.0,4,1488,0.1481,137.0,0.0,7,Survivalist
0.0,0.0,0.0,0,0,30.1,0,0,0,48,0,0,0,0.0,1465,0.0,27,24,1419,0,0.0,0,0.0,0,0,2710.0,6,0,0.6538,2710.0,0.0,0,Survivalist
0.0,0.0,0.0,0,0,0.0,0,0,0,75,1047,0,0,0.0,1818,0.0,27,26,0,0,1918.0,0,0.0,0,0,0.0,0,1473,0.0,1918.0,0.0,0,Survivalist
0.0,0.0,0.0,1,3,252.9,2,1,2,25,0,1,1,201.4,1355,0.0,27,25,1491,1,541.4,0,23.59,0,0,2366.0,5,0,1.0,2930.9900000000002,1.0,5,Aggressive
0.0,0.0,0.0,0,2,193.4,1,0,8,40,0,0,0,0.0,1914,0.0,24,22,1402,0,0.0,0,0.0,0,0,4871.0,4,0,0.8261,4871.0,0.0,10,Survivalist
0.0,0.0,0.0,0,0,122.0,1,0,0,59,1556,0,0,0.0,1308,0.0,28,28,0,1,1570.0,0,0.0,1,0,1137.0,3,1574,0.0,2707.0,0.0,0,Survivalist
0.0,0.0,0.0,0,1,0.0,0,0,1,61,0,0,0,0.0,1306,0.0,48,47,1479,0,0.0,0,0.0,0,0,304.0,3,0,0.4894,304.0,0.0,2,Survivalist
0.0,0.0,0.0,1,0,68.08,0,0,0,94,0,0,0,0.0,1404,0.0,47,46,1495,0,0.0,0,0.0,0,0,0.6887,0,0,0.0,0.6887,0.0,0,Survivalist
0.0,0.0,0.0,0,0,0.0,0,0,0,89,1240,0,0,0.0,1392,0.0,27,25,0,0,0.0,0,0.0,0,0,88.92,1,1406,0.0385,88.92,0.0,0,Survivalist
0.0,0.0,0.0,0,2,298.0,0,0,4,30,1162,1,1,5.093,1361,0.0,48,46,0,0,0.0,0,0.0,0,0,597.9,6,1501,0.5957,597.9,0.0,6,Aggressive
0.0,0.0,0.0,0,0,0.0,0,0,0,89,0,0,0,0.0,1378,0.0,28,28,1343,0,0.0,0,0.0,0,0,4.128,2,0,0.037,4.128,0.0,0,Survivalist
0.0,0.0,0.0,0,0,0.0,0,0,0,59,0,0,0,0.0,1842,0.0,31,29,1500,0,447.7,0,0.0,0,0,586.8,3,0,0.4667,1034.5,0.0,0,Survivalist
0.0,0.0,0.0,0,1,188.7,1,0,0,67,1214,0,0,0.0,1959,0.0,47,47,0,0,0.0,0,0.0,0,0,307.5,2,1527,0.2826,307.5,0.0,1,Survivalist
0.0,0.0,0.0,0,6,533.7,3,3,4,6,0,4,2,66.07,1890,0.0,28,26,1490,0,3213.0,0,0.0,0,0,2834.0,10,0,0.8519,6047.0,0.75,10,Aggressive
0.0,0.0,0.0,0,5,100.0,1,0,1,27,0,1,1,17.33,1930,0.0,32,31,1443,0,1821.0,0,0.0,0,0,4090.0,5,0,0.9355,5911.0,0.0,6,Aggressive
0.0,0.0,0.0,1,4,0.0,0,0,1,46,0,0,0,0.0,1461,0.0,47,46,1533,0,0.0,0,71.01,0,0,0.0,3,0,0.0,71.01,0.0,5,Survivalist
0.0,0.0,0.0,0,3,0.0,0,0,3,25,0,1,1,7.162,1722,0.0,28,27,1485,1,4735.0,0,0.0,0,0,1177.0,3,0,0.7778,5912.0,0.0,6,Aggressive
0.0,0.0,0.0,0,0,0.0,0,0,0,65,0,0,0,0.0,1377,0.0,30,30,1461,0,0.0,0,0.0,0,0,680.4,2,0,0.4138,680.4,0.0,0,Survivalist
0.0,0.0,0.0,0,0,0.0,1,0,0,27,1374,1,1,11.34,1350,0.0,30,30,0,0,0.0,0,0.0,0,0,363.4,3,1410,0.7241,363.4,0.0,0,Aggressive
0.0,0.0,0.0,1,3,224.9,1,0,0,12,0,2,1,72.3,1419,0.0,48,46,1652,0,0.0,0,0.0,0,0,2292.0,11,0,0.9787,2292.0,0.0,3,Aggressive
0.0,0.0,0.0,2,4,0.0,5,2,6,1,1536,9,2,173.9,1871,0.0,49,48,0,0,0.0,0,0.0,0,0,3124.0,5,1543,0.8958,3124.0,0.2222222222222222,10,Aggressive
0.0,0.0,0.0,2,5,99.36,1,0,5,25,0,1,1,101.1,1311,0.0,26,25,1414,0,0.0,0,0.0,0,0,3257.0,2,0,0.76,3257.0,0.0,10,Aggressive
0.0,0.0,0.0,0,0,0.0,1,0,0,28,1389,1,1,64.57,1374,0.0,48,47,0,0,0.0,0,0.0,0,0,0.0,3,1647,0.0,0.0,0.0,0,Aggressive
0.0,0.0,0.0,0,1,0.0,1,0,1,22,1364,1,1,6.846,1205,0.0,43,41,0,0,0.0,0,0.0,0,0,1865.0,4,1591,0.0,1865.0,0.0,2,Aggressive
0.0,0.0,0.0,1,2,0.0,2,1,4,15,0,2,1,11.53,1435,0.0,50,45,1398,0,564.1,0,30.95,0,0,3101.0,4,0,0.8367,3696.0499999999997,0.5,6,Aggressive
0.0,0.0,0.0,0,0,5.249,0,0,0,64,1160,0,0,0.0,1362,0.0,28,27,0,0,1270.0,0,0.0,0,0,547.5,3,1506,0.4074,1817.5,0.0,0,Survivalist
0.0,0.0,0.0,0,0,113.5,0,0,0,77,0,0,0,0.0,1380,0.0,92,89,1496,0,0.0,0,0.0,0,0,102.8,2,0,0.1648,102.8,0.0,0,Survivalist
0.0,0.0,0.0,1,1,200.0,2,1,0,10,0,3,1,27.14,1947,0.0,28,26,1458,0,0.0,0,0.0,0,0,2279.0,5,0,0.5185,2279.0,0.3333333333333333,1,Aggressive
0.0,0.0,0.0,1,1,35.18,0,0,0,62,1066,0,0,0.0,1423,0.0,28,28,0,0,606.9,0,0.0,0,0,900.0,7,1506,0.4444,1506.9,0.0,1,Survivalist
0.0,0.0,0.0,1,3,124.3,1,2,0,25,1105,1,1,29.35,1772,0.0,26,25,0,1,2570.0,0,0.0,0,0,1593.0,9,1512,0.68,4163.0,2.0,3,Aggressive
0.0,0.0,0.0,1,0,31.05,0,0,1,55,1000,0,0,0.0,1359,0.0,49,47,0,0,365.2,0,0.0,0,0,856.5,4,1500,0.6875,1221.7,0.0,1,Survivalist
0.0,0.0,0.0,0,0,90.27,0,0,0,68,0,0,0,0.0,1429,0.0,47,47,1523,0,0.0,0,0.0,0,0,481.0,2,0,0.3696,481.0,0.0,0,Survivalist
0.0,0.0,0.0,0,2,0.0,0,0,1,70,1089,0,0,0.0,1965,0.0,29,28,0,0,0.0,0,0.0,0,0,740.6,4,1496,0.4286,740.6,0.0,3,Survivalist
0.0,0.0,0.0,2,3,67.3,0,0,1,51,0,0,0,0.0,1810,0.0,46,44,1538,0,3127.0,0,0.0,0,0,753.6,5,0,0.5333,3880.6,0.0,4,Survivalist
0.0,0.0,0.0,2,4,279.5,3,1,4,5,1753,3,1,177.5,1772,0.0,28,25,0,0,7410.0,0,0.0,0,0,1533.0,7,1809,0.9259,8943.0,0.3333333333333333,8,Aggressive
0.0,0.0,0.0,0,0,100.0,1,0,0,36,0,1,1,0.6356,1772,0.0,27,26,1314,0,0.0,0,0.0,0,0,16.48,1,0,0.0385,16.48,0.0,0,Aggressive
0.0,0.0,0.0,0,4,94.37,0,0,7,35,0,0,0,0.0,1809,0.0,27,27,1480,0,2283.0,0,0.0,0,0,2059.0,4,0,0.8077,4342.0,0.0,11,Survivalist
0.0,0.0,0.0,0,1,0.0,1,3,0,23,0,2,1,5.399,1344,0.0,50,48,1500,0,0.0,0,0.0,0,0,0.0,2,0,0.0,0.0,1.5,1,Aggressive
0.0,0.0,0.0,0,3,197.2,1,0,0,22,0,1,1,43.49,1335,0.0,29,28,1480,0,0.0,0,2.324,0,0,3284.0,3,0,0.9643,3286.324,0.0,3,Aggressive
0.0,0.0,0.0,0,0,100.0,1,0,0,85,1355,0,0,0.0,1427,0.0,31,30,0,0,0.0,0,0.0,0,0,56.37,2,1438,0.1,56.37,0.0,0,Survivalist
0.0,0.0,0.0,1,6,0.0,0,0,2,44,0,0,0,0.0,1421,0.0,48,47,1456,0,0.0,0,0.0,0,0,2312.0,10,0,0.9149,2312.0,0.0,8,Survivalist
0.0,0.0,0.0,0,0,171.4,1,1,0,22,0,2,2,82.48,1519,0.0,49,48,1488,0,0.0,0,0.0,0,0,2069.0,4,0,0.7292,2069.0,0.5,0,Aggressive
0.0,0.0,0.0,0,0,79.98,0,0,0,70,0,0,0,0.0,1425,0.0,97,95,1505,0,0.0,0,0.0,0,0,173.6,3,0,0.3333,173.6,0.0,0,Survivalist
0.0,0.0,0.0,1,0,0.0,0,0,0,67,1143,0,0,0.0,1881,0.0,49,45,0,0,0.0,0,0.0,0,0,485.1,2,1505,0.3333,485.1,0.0,0,Survivalist
0.0,0.0,0.0,0,0,49.0,0,0,0,94,1385,0,0,0.0,1466,0.0,50,48,0,0,0.0,0,0.0,0,0,4.523,1,1576,0.0408,4.523,0.0,0,Survivalist
0.0,0.0,0.0,0,2,38.81,0,0,2,62,1577,0,0,0.0,1295,0.0,28,26,0,0,0.0,0,0.0,0,0,430.9,4,1546,0.5185,430.9,0.0,4,Survivalist
0.0,0.0,0.0,0,0,0.0,0,0,0,91,0,0,0,0.0,1283,0.0,47,45,1510,0,0.0,0,0.0,0,0,0.0,2,0,0.0,0.0,0.0,0,Survivalist
0.0,0.0,0.0,0,2,77.11,0,0,1,58,0,0,0,0.0,1474,0.0,30,30,1484,0,0.0,0,0.0,0,0,1552.0,3,0,0.5517,1552.0,0.0,3,Survivalist
0.0,0.0,0.0,0,0,0.0,0,0,0,78,0,0,0,0.0,1430,0.0,29,29,1441,0,0.0,0,0.0,0,0,160.2,4,0,0.25,160.2,0.0,0,Survivalist
0.0,0.0,0.0,0,1,432.6,2,1,2,11,1468,3,1,62.87,1344,0.0,27,27,0,0,0.0,0,33.0,0,0,2119.0,5,1457,0.6154,2152.0,0.3333333333333333,3,Aggressive
0.0,0.0,0.0,0,5,155.5,0,1,1,12,0,2,1,23.8,1430,0.0,95,93,1497,0,0.0,0,0.0,0,0,3542.0,6,0,0.9787,3542.0,0.5,6,Aggressive
0.0,0.0,0.0,1,4,415.3,1,1,11,10,0,2,1,58.33,1388,0.0,28,27,1491,1,1693.0,0,0.0,0,0,1585.0,2,0,1.0,3278.0,0.5,15,Aggressive
0.0,0.0,0.0,0,6,341.4,2,1,17,4,1625,4,2,59.44,1340,0.0,27,27,0,1,1709.0,0,0.0,0,0,2891.0,3,1644,0.8846,4600.0,0.25,23,Aggressive
0.0,0.0,0.0,0,0,0.0,0,0,0,74,0,0,0,0.0,1371,0.0,94,90,1500,0,0.0,0,0.0,0,0,67.01,1,0,0.2258,67.01,0.0,0,Survivalist
0.0,0.0,0.0,0,0,24.99,0,0,0,56,1006,0,0,0.0,1878,0.0,93,90,0,0,0.0,0,0.0,0,0,1325.0,9,1503,0.587,1325.0,0.0,0,Survivalist
0.0,0.0,0.0,0,0,0.0,0,0,0,84,1000,0,0,0.0,1852,0.0,48,47,0,0,0.0,0,0.0,0,0,90.94,2,1500,0.1064,90.94,0.0,0,Survivalist
0.0,0.0,0.0,1,0,384.8,4,2,1,5,1544,4,3,10.29,1355,0.0,30,29,0,0,0.0,0,0.0,0,0,124.0,2,1436,0.1379,124.0,0.5,1,Aggressive
0.0,0.0,0.0,0,0,34.0,0,0,0,95,1000,0,0,0.0,1352,0.0,30,29,0,0,0.0,0,0.0,0,0,15.21,1,1500,0.0345,15.21,0.0,0,Survivalist
0.0,0.0,0.0,0,2,235.4,2,0,2,16,1065,2,1,1.393,1309,0.0,29,29,0,0,0.0,0,0.0,0,0,2011.0,7,1504,0.6071,2011.0,0.0,4,Aggressive
0.0,0.0,0.0,0,0,0.0,0,0,0,87,1088,0,0,0.0,1357,0.0,27,26,0,0,0.0,0,0.0,0,0,140.9,1,1495,0.1154,140.9,0.0,0,Survivalist
0.0,0.0,0.0,0,2,60.35,0,0,0,30,1359,0,0,0.0,1913,0.0,11,11,0,0,1733.0,0,0.0,0,0,1598.0,6,1436,0.4,3331.0,0.0,2,Survivalist
0.0,0.0,0.0,2,1,157.4,1,2,4,28,0,1,1,71.14,1342,0.0,28,28,1494,0,0.0,0,0.0,0,0,2772.0,3,0,0.7037,2772.0,2.0,5,Aggressive
0.0,0.0,0.0,0,1,0.0,0,0,1,59,0,0,0,0.0,1365,0.0,48,45,1485,0,0.0,0,0.0,0,0,150.8,5,0,0.4681,150.8,0.0,2,Survivalist
0.0,0.0,0.0,0,0,500.0,4,2,1,7,0,4,3,16.47,1439,0.0,29,28,1466,1,0.0,0,0.0,0,0,1681.0,5,0,0.6429,1681.0,0.5,1,Aggressive
0.0,0.0,0.0,0,3,0.0,1,0,1,66,0,0,0,0.0,1866,0.0,28,28,1503,1,5117.0,0,0.0,1,0,847.4,5,0,0.3704,5964.4,0.0,4,Survivalist
0.0,0.0,0.0,1,2,129.0,0,0,1,35,0,1,1,38.37,1395,0.0,28,28,1353,0,0.0,0,0.0,0,0,595.1,2,0,0.4074,595.1,0.0,3,Aggressive
0.0,0.0,0.0,0,0,0.0,0,0,0,88,1398,0,0,0.0,1309,0.0,50,48,0,0,0.0,0,0.0,0,0,2.798,0,1447,0.0612,2.798,0.0,0,Survivalist
0.0,0.0,0.0,0,0,307.0,2,0,1,30,0,1,1,34.07,1469,0.0,28,27,1504,1,0.0,0,0.0,0,0,1924.0,4,0,0.7778,1924.0,0.0,1,Aggressive
0.0,0.0,0.0,1,2,0.0,2,2,9,25,0,1,1,13.2,1188,0.0,30,30,1470,0,0.0,0,0.0,1,0,2327.0,5,0,0.931,2327.0,2.0,11,Aggressive
0.0,0.0,0.0,0,0,0.0,0,0,0,82,957,0,0,0.0,1292,0.0,46,37,0,0,0.0,0,0.0,0,0,0.0,0,1464,0.0,0.0,0.0,0,Survivalist
0.0,0.0,0.0,1,0,75.87,1,0,0,24,1253,1,1,35.13,1265,0.0,26,26,0,0,0.4006,0,0.0,0,0,2847.0,8,1509,0.92,2847.4006,0.0,0,Aggressive
0.0,0.0,0.0,0,0,52.35,0,0,0,73,0,0,0,0.0,1413,0.0,93,90,1500,0,0.0,0,0.0,0,0,105.8,1,0,0.2065,105.8,0.0,0,Survivalist
0.0,0.0,0.0,0,4,48.32,0,0,3,41,0,0,0,0.0,1905,0.0,47,45,1468,0,2830.0,0,265.9,0,0,2723.0,4,0,0.8478,5818.9,0.0,7,Survivalist
0.0,0.0,0.0,0,0,0.0,0,0,0,79,1222,0,0,0.0,1304,0.0,31,31,0,0,0.0,0,0.0,0,0,70.0,2,1485,0.1667,70.0,0.0,0,Survivalist
0.0,0.0,0.0,0,0,0.0,0,0,0,95,1305,0,0,0.0,1253,0.0,29,29,0,0,0.0,0,0.0,0,0,0.4728,1,1523,0.0,0.4728,0.0,0,Survivalist
0.0,0.0,0.0,0,0,117.5,1,0,0,40,1000,1,1,12.6,1342,0.0,47,46,0,0,0.0,0,0.0,0,0,374.3,1,1500,0.2391,374.3,0.0,0,Aggressive
0.0,0.0,0.0,1,0,100.0,1,0,0,92,1183,0,0,0.0,1397,0.0,28,26,0,0,0.0,0,0.0,0,0,18.2,1,1501,0.0,18.2,0.0,0,Survivalist
0.0,0.0,0.0,0,0,0.0,0,0,0,86,1010,0,0,0.0,1374,0.0,48,47,0,0,0.0,0,0.0,0,0,77.4,3,1507,0.1489,77.4,0.0,0,Survivalist
0.0,0.0,0.0,0,2,265.8,0,0,3,8,0,3,1,80.84,1868,0.0,94,92,1505,0,3867.0,0,0.0,0,0,646.7,5,0,0.0,4513.7,0.0,5,Aggressive
0.0,0.0,0.0,0,1,245.5,2,0,1,14,1120,2,2,50.75,1320,0.0,29,29,0,0,0.0,0,0.0,0,0,2853.0,4,1459,0.8929,2853.0,0.0,2,Aggressive
0.0,0.0,0.0,1,2,236.3,0,0,5,35,0,0,0,0.0,2029,0.0,29,26,1494,3,3505.0,0,0.0,0,0,4662.0,4,0,0.9643,8167.0,0.0,7,Survivalist
0.0,0.0,0.0,0,0,56.16,0,0,0,65,0,0,0,0.0,1892,0.0,47,45,1459,0,0.0,0,0.0,0,0,1672.0,6,0,0.3043,1672.0,0.0,0,Survivalist
0.0,0.0,0.0,0,0,0.0,0,0,4,56,0,0,0,0.0,1279,0.0,29,29,1474,0,0.0,0,0.0,0,0,1510.0,2,0,0.5714,1510.0,0.0,4,Survivalist
0.0,0.0,0.0,0,0,66.0,1,0,0,46,0,1,1,6.046,1358,0.0,28,28,1475,0,0.0,0,0.0,0,0,122.3,1,0,0.0,122.3,0.0,0,Aggressive
0.0,0.0,0.0,0,0,73.62,0,0,0,56,0,0,0,0.0,1825,0.0,43,43,1500,0,0.0,0,0.0,0,0,1692.0,5,0,0.4524,1692.0,0.0,0,Survivalist
0.0,0.0,0.0,0,0,104.9,0,0,1,56,0,0,0,0.0,1382,0.0,27,27,1475,2,0.0,0,0.0,0,0,1509.0,4,0,0.5769,1509.0,0.0,1,Survivalist
0.0,0.0,0.0,0,0,43.0,0,0,0,91,1579,0,0,0.0,1397,0.0,29,26,0,0,0.0,0,0.0,0,0,103.4,1,1603,0.0,103.4,0.0,0,Survivalist
0.0,0.0,0.0,0,1,25.67,0,0,3,56,1000,0,0,0.0,1358,0.0,26,26,0,0,782.5,0,0.0,0,0,1408.0,3,1500,0.68,2190.5,0.0,4,Survivalist
0.0,0.0,0.0,0,2,257.0,3,0,0,13,0,3,2,63.84,1344,0.0,27,26,1422,1,0.0,0,0.0,0,0,529.5,5,0,0.2692,529.5,0.0,2,Aggressive
0.0,0.0,0.0,0,2,0.0,0,0,8,52,0,0,0,0.0,1416,0.0,27,27,1461,0,2836.0,0,0.0,0,0,1253.0,8,0,0.5385,4089.0,0.0,10,Survivalist
0.0,0.0,0.0,0,0,42.19,0,0,0,64,1000,0,0,0.0,1854,0.0,48,48,0,0,348.6,0,0.0,0,0,446.5,4,1500,0.4255,795.1,0.0,0,Survivalist
0.0,0.0,0.0,1,1,143.2,0,0,6,31,1270,1,1,10.58,1372,0.0,25,24,0,0,0.0,0,0.0,0,0,253.5,3,1529,0.3333,253.5,0.0,7,Aggressive
0.0,0.0,0.0,0,0,0.0,0,0,0,86,0,60,0,0.0,1883,0.0,97,94,1556,0,0.0,0,0.0,0,0,0.0,0,0,0.0,0.0,0.0,0,Aggressive
0.0,0.0,0.0,0,0,0.0,0,0,0,63,0,0,0,0.0,1356,0.0,50,48,1489,0,0.0,0,0.0,0,0,621.3,3,0,0.4286,621.3,0.0,0,Survivalist
0.0,0.0,0.0,1,3,291.5,0,0,1,50,1460,0,0,0.0,1310,0.0,29,27,0,2,0.0,0,0.0,0,0,2350.0,3,1586,0.6786,2350.0,0.0,4,Survivalist
0.0,0.0,0.0,0,0,0.0,0,0,0,86,1451,0,0,0.0,1319,0.0,30,29,0,0,0.0,0,0.0,0,0,0.0,0,1477,0.0,0.0,0.0,0,Survivalist
0.0,0.0,0.0,0,0,0.0,0,0,0,60,0,0,0,0.0,1946,0.0,48,45,1491,0,0.0,0,0.0,0,0,376.5,3,0,0.383,376.5,0.0,0,Survivalist
0.0,0.0,0.0,0,0,100.0,1,0,0,34,1110,1,1,14.52,1401,0.0,29,29,0,0,0.0,0,0.0,0,0,168.6,3,1475,0.1429,168.6,0.0,0,Aggressive
0.0,0.0,0.0,0,0,72.76,0,0,0,67,1321,0,0,0.0,1469,0.0,93,93,0,0,0.0,0,0.0,0,0,296.6,2,1511,0.337,296.6,0.0,0,Survivalist
0.0,0.0,0.0,0,0,0.0,0,0,0,51,1291,0,0,0.0,1377,0.0,29,29,0,0,0.0,0,0.0,0,0,2715.0,3,1565,0.7143,2715.0,0.0,0,Survivalist
0.0,0.0,0.0,0,1,230.1,3,1,0,12,1520,3,2,29.37,1371,0.0,30,30,0,1,0.0,0,0.0,0,0,2679.0,3,1531,0.6897,2679.0,0.3333333333333333,1,Aggressive
0.0,0.0,0.0,0,1,25.12,1,0,4,59,0,0,0,0.0,1245,0.0,26,26,1466,0,0.0,0,0.0,0,0,315.9,5,0,0.44,315.9,0.0,5,Survivalist
0.0,0.0,0.0,0,2,0.0,0,0,0,30,1305,1,1,81.12,1760,0.0,95,92,0,0,0.0,0,0.0,0,0,0.0,5,1524,0.0,0.0,0.0,2,Aggressive
0.0,0.0,0.0,1,1,549.4,3,2,8,7,1107,3,1,228.2,2004,0.0,47,45,0,0,431.6,0,0.0,0,0,1795.0,3,1516,0.9348,2226.6,0.6666666666666666,9,Aggressive
0.0,0.0,0.0,0,5,552.9,0,0,2,2,1406,5,1,40.0,1884,0.0,93,89,0,0,0.0,0,0.0,0,0,2650.0,4,1547,0.9783,2650.0,0.0,7,Aggressive
0.0,0.0,0.0,0,0,0.0,0,0,0,84,0,0,0,0.0,1322,0.0,28,28,1516,0,0.0,0,0.0,0,0,0.0,1,0,0.0,0.0,0.0,0,Survivalist
0.0,0.0,0.0,0,0,105.4,1,0,0,27,1100,1,1,163.5,1459,0.0,27,25,0,0,0.0,0,0.0,0,0,2320.0,5,1510,0.6154,2320.0,0.0,0,Aggressive
0.0,0.0,0.0,0,2,250.0,1,1,2,13,1715,2,1,64.7,1370,0.0,28,27,0,0,0.0,0,0.0,0,0,3179.0,5,1600,0.963,3179.0,0.5,4,Aggressive
0.0,0.0,0.0,0,0,200.0,1,1,1,19,1244,2,2,6.689,1382,0.0,29,29,0,0,0.0,0,0.0,0,0,463.1,5,1433,0.3929,463.1,0.5,1,Aggressive
0.0,0.0,0.0,0,1,200.0,0,0,2,13,0,2,1,28.82,1933,0.0,97,92,1515,0,2395.0,0,0.0,0,0,1162.0,5,0,0.875,3557.0,0.0,3,Aggressive
0.0,0.0,0.0,0,0,249.5,2,0,0,20,0,2,2,27.24,1384,0.0,24,22,1376,0,0.0,0,0.0,0,0,432.9,2,0,0.2174,432.9,0.0,0,Aggressive
0.0,0.0,0.0,0,0,7.697,0,0,0,72,1242,0,0,0.0,1962,0.0,27,26,0,0,4801.0,0,0.0,0,0,815.9,4,1515,0.2692,5616.9,0.0,0,Survivalist
0.0,0.0,0.0,0,0,0.0,0,0,0,44,1072,0,0,0.0,1446,0.0,47,47,0,0,0.0,0,35.78,0,0,2098.0,3,1525,0.8261,2133.78,0.0,0,Survivalist
0.0,0.0,0.0,0,0,0.0,1,1,0,46,1036,1,1,7.816,1383,0.0,28,27,0,0,0.0,0,0.0,0,0,40.33,2,1431,0.0,40.33,1.0,0,Aggressive
0.0,0.0,0.0,1,2,180.9,1,0,5,61,1558,0,0,0.0,1392,0.0,28,27,0,1,0.0,0,0.0,0,0,1137.0,4,1564,0.5185,1137.0,0.0,7,Survivalist
0.0,0.0,0.0,0,0,0.0,0,0,2,48,0,0,0,0.0,1378,0.0,94,93,1513,0,2199.0,0,0.0,0,0,1655.0,4,0,0.8925,3854.0,0.0,2,Survivalist
0.0,0.0,0.0,0,0,51.43,0,0,0,57,0,0,0,0.0,1377,0.0,98,92,1535,0,445.0,0,0.0,0,0,878.4,3,0,0.6289,1323.4,0.0,0,Survivalist
0.0,0.0,0.0,0,0,0.0,0,61,0,77,1078,60,0,0.0,1882,0.0,30,29,0,0,0.0,0,0.0,0,0,0.0,0,1493,0.0,0.0,1.0166666666666666,0,Aggressive
0.0,0.0,0.0,0,0,0.0,0,0,0,92,1282,0,0,0.0,1920,0.0,93,92,0,0,0.0,0,0.0,0,0,0.0,1,1491,0.0109,0.0,0.0,0,Survivalist
0.0,0.0,0.0,1,0,141.2,0,0,0,77,1186,0,0,0.0,1880,0.0,29,29,0,0,0.0,0,0.0,0,0,349.7,3,1436,0.1786,349.7,0.0,0,Survivalist
0.0,0.0,0.0,0,0,0.0,0,0,0,79,0,0,0,0.0,1461,0.0,93,90,1490,0,0.0,0,0.0,0,0,0.0,1,0,0.0,0.0,0.0,0,Survivalist
0.0,0.0,0.0,0,0,0.0,0,0,0,95,0,0,0,0.0,2200,0.0,29,27,1502,0,0.0,0,0.0,0,0,250.7,1,0,0.0714,250.7,0.0,0,Survivalist
0.0,0.0,0.0,0,0,95.88,1,0,0,82,0,0,0,0.0,1846,0.0,50,49,1474,0,0.0,0,0.0,0,0,230.3,3,0,0.2041,230.3,0.0,0,Survivalist
0.0,0.0,0.0,0,0,0.0,0,0,0,81,0,0,0,0.0,1776,0.0,46,44,1500,0,0.0,0,0.0,0,0,98.91,0,0,0.0667,98.91,0.0,0,Survivalist
0.0,0.0,0.0,0,1,0.0,0,0,0,75,1016,0,0,0.0,1926,0.0,27,25,0,0,0.0,0,0.0,0,0,162.1,2,1510,0.0,162.1,0.0,1,Survivalist
0.0,0.0,0.0,0,0,0.0,0,0,0,70,0,0,0,0.0,1439,0.0,48,45,1463,0,0.0,0,0.0,0,0,101.5,1,0,0.2766,101.5,0.0,0,Survivalist
0.0,0.0,0.0,1,4,109.3,1,0,1,28,0,1,1,6.49,1395,0.0,28,28,1428,1,30.58,0,46.21,0,0,2636.0,6,0,0.8519,2712.79,0.0,5,Aggressive
0.0,0.0,0.0,0,1,100.0,0,0,1,27,0,1,1,0.0,1316,0.0,29,28,1458,0,1961.0,0,0.0,0,0,1276.0,3,0,0.75,3237.0,0.0,2,Aggressive
0.0,0.0,0.0,0,2,10.24,0,0,1,41,1232,0,0,0.0,1875,0.0,27,24,0,0,7016.0,0,0.0,0,0,1843.0,4,1471,1.0,8859.0,0.0,3,Survivalist
0.0,0.0,0.0,0,2,173.9,2,1,5,24,1568,1,1,92.89,1427,0.0,31,31,0,0,0.0,0,0.0,0,0,2917.0,5,1568,0.8333,2917.0,1.0,7,Aggressive
0.0,0.0,0.0,0,1,200.0,1,0,1,16,1331,2,2,9.127,1818,0.0,45,44,0,0,0.0,0,0.0,0,0,460.1,3,1565,0.6364,460.1,0.0,2,Aggressive
0.0,0.0,0.0,0,0,43.2,0,0,0,82,1583,0,0,0.0,1316,0.0,27,27,0,0,0.0,0,0.0,0,0,165.0,2,1508,0.1538,165.0,0.0,0,Survivalist
0.0,0.0,0.0,0,1,0.0,0,0,4,50,1110,0,0,0.0,1435,0.0,29,29,0,0,0.0,0,54.43,0,0,2127.0,3,1507,0.75,2181.43,0.0,5,Survivalist
0.0,0.0,0.0,0,3,189.7,0,1,2,23,0,1,1,20.34,1384,0.0,47,47,1451,0,0.0,0,0.0,0,0,2388.0,3,0,0.8478,2388.0,1.0,5,Aggressive
0.0,0.0,0.0,0,1,82.14,1,0,1,26,0,1,1,32.84,1769,0.0,46,46,1542,0,2221.0,0,0.0,0,0,2942.0,4,0,0.0,5163.0,0.0,2,Aggressive
0.0,0.0,0.0,1,0,54.65,0,0,0,79,0,0,0,0.0,1384,0.0,45,44,1454,0,0.0,0,0.0,0,0,37.25,1,0,0.1136,37.25,0.0,0,Survivalist
0.0,0.0,0.0,0,0,0.0,0,0,0,42,0,0,0,0.0,1844,0.0,31,27,1433,0,0.0,0,0.0,0,0,0.0,1,0,0.0,0.0,0.0,0,Survivalist
0.0,0.0,0.0,0,0,76.6,1,0,1,79,0,0,0,0.0,1283,0.0,29,28,1488,0,0.0,0,0.0,0,0,76.82,4,0,0.1429,76.82,0.0,1,Survivalist
0.0,0.0,0.0,1,3,95.7,0,0,5,45,1282,0,0,0.0,1390,0.0,28,28,0,0,0.0,0,0.0,0,0,3271.0,5,1502,0.9259,3271.0,0.0,8,Survivalist
0.0,0.0,0.0,0,0,0.0,0,0,0,100,1315,0,0,0.0,1271,0.0,29,28,0,0,0.0,0,0.0,0,0,96.3,1,1493,0.0,96.3,0.0,0,Survivalist
0.0,0.0,0.0,0,0,30.1,0,0,0,89,0,0,0,0.0,1913,0.0,95,93,1500,0,0.0,0,0.0,0,0,18.52,1,0,0.0532,18.52,0.0,0,Survivalist
0.0,0.0,0.0,0,0,0.0,0,0,0,86,1514,0,0,0.0,1363,0.0,48,48,0,0,0.0,0,0.0,0,0,26.32,0,1544,0.0638,26.32,0.0,0,Survivalist
0.0,0.0,0.0,0,2,47.52,0,0,1,45,0,0,0,0.0,1785,0.0,49,47,1516,0,2684.0,0,0.0,0,0,4190.0,7,0,0.8542,6874.0,0.0,3,Survivalist
0.0,0.0,0.0,0,4,169.7,0,0,1,19,1343,1,1,52.15,1789,0.0,31,27,0,1,599.8,0,0.0,0,0,3007.0,9,1482,0.9667,3606.8,0.0,5,Aggressive
0.0,0.0,0.0,0,3,61.99,0,0,4,45,1425,0,0,0.0,1435,0.0,26,26,0,0,0.0301,0,0.0,0,0,3631.0,5,1491,0.96,3631.0301,0.0,7,Survivalist
0.0,0.0,0.0,0,1,0.0,0,0,0,53,1001,0,0,0.0,1326,0.0,28,27,0,0,0.0,0,0.0,0,0,1057.0,2,1494,0.6296,1057.0,0.0,1,Survivalist
0.0,0.0,0.0,0,0,0.0,0,0,0,65,1146,0,0,0.0,1299,0.0,29,28,0,0,0.0,0,0.0,0,0,46.75,3,1483,0.4286,46.75,0.0,0,Survivalist
0.0,0.0,0.0,0,0,0.0,0,0,0,85,0,0,0,0.0,1303,0.0,47,43,1500,0,0.0,0,0.0,0,0,5.07,1,0,0.0652,5.07,0.0,0,Survivalist
0.0,0.0,0.0,0,1,0.0,2,1,1,7,1733,4,2,68.65,1307,0.0,31,31,0,0,0.0,0,34.67,0,0,0.0,4,1473,0.0,34.67,0.25,2,Aggressive
0.0,0.0,0.0,0,0,0.0,0,0,0,51,0,0,0,0.0,1477,0.0,49,47,1516,0,651.5,0,0.0,0,0,1159.0,5,0,0.7083,1810.5,0.0,0,Survivalist
0.0,0.0,0.0,1,1,217.2,2,0,0,20,1341,2,2,19.95,1304,0.0,30,30,0,0,0.0,0,0.0,0,0,160.2,2,1493,0.1379,160.2,0.0,1,Aggressive
0.0,0.0,0.0,0,3,301.7,1,1,2,8,0,3,1,15.87,1821,0.0,26,26,1402,1,2509.0,0,0.0,0,1,3086.0,11,0,0.64,5595.0,0.3333333333333333,5,Aggressive
0.0,0.0,0.0,0,0,0.0,0,0,0,74,1187,0,0,0.0,1301,0.0,27,25,0,0,0.0,0,0.0,0,0,83.36,0,1479,0.1923,83.36,0.0,0,Survivalist
0.0,0.0,0.0,1,4,289.1,2,0,4,10,0,3,2,77.71,1369,0.0,49,47,1504,0,0.0,0,0.0,0,0,2794.0,7,0,0.9167,2794.0,0.0,8,Aggressive
0.0,0.0,0.0,3,6,129.9,0,0,9,41,0,0,0,0.0,1886,0.0,46,42,1500,0,0.0,0,39.67,0,0,4633.0,8,0,0.9111,4672.67,0.0,15,Survivalist
0.0,0.0,0.0,0,0,0.0,0,0,0,86,0,0,0,0.0,1363,0.0,29,28,1292,0,0.0,0,0.0,0,0,0.0,2,0,0.0,0.0,0.0,0,Survivalist
0.0,0.0,0.0,0,1,0.0,0,0,3,58,0,0,0,0.0,1296,0.0,28,27,1500,0,0.0,0,0.0,0,0,1255.0,7,0,0.4815,1255.0,0.0,4,Survivalist
0.0,0.0,0.0,1,0,205.2,1,0,0,32,1062,1,1,204.0,1380,0.0,27,27,0,0,391.8,0,0.0,0,0,1037.0,6,1496,0.5,1428.8,0.0,0,Aggressive
0.0,0.0,0.0,0,1,0.0,0,0,0,62,0,0,0,0.0,1962,0.0,93,90,1514,0,4030.0,0,0.0,0,0,954.0,4,0,0.4022,4984.0,0.0,1,Survivalist
0.0,0.0,0.0,1,0,143.6,0,1,2,36,1063,1,1,2.337,1471,0.0,48,46,0,0,0.0,0,0.0,0,0,810.0,5,1517,0.4681,810.0,1.0,2,Aggressive
0.0,0.0,0.0,0,0,100.0,1,2,0,31,0,1,1,22.9,1865,0.0,49,48,1500,1,0.0,0,0.0,0,0,1053.0,3,0,0.4375,1053.0,2.0,0,Aggressive
0.0,0.0,0.0,0,0,78.03,0,0,0,63,0,0,0,0.0,1388,0.0,47,47,1462,0,0.0,0,0.0,0,0,466.4,3,0,0.3913,466.4,0.0,0,Survivalist
0.0,0.0,0.0,1,0,0.0,0,0,0,58,0,0,0,0.0,1313,0.0,50,49,1496,0,0.0,0,0.0,0,0,753.0,3,0,0.4898,753.0,0.0,0,Survivalist
0.0,0.0,0.0,0,1,0.0,0,0,0,67,1653,0,0,0.0,1331,0.0,28,26,0,0,0.0,0,0.0,0,0,1688.0,3,1664,0.4444,1688.0,0.0,1,Survivalist
0.0,0.0,0.0,0,2,71.99,0,0,0,43,1313,0,0,0.0,1879,0.0,29,28,0,0,5150.0,0,0.0,0,0,2598.0,9,1553,0.0,7748.0,0.0,2,Survivalist
0.0,0.0,0.0,0,0,0.0,0,0,0,91,1030,0,0,0.0,1423,0.0,50,49,0,0,0.0,0,0.0,0,0,16.21,1,1508,0.0816,16.21,0.0,0,Survivalist
0.0,0.0,0.0,0,0,0.0,0,0,0,66,1460,0,0,0.0,1960,0.0,93,90,0,0,0.0,0,0.0,0,0,226.3,3,1544,0.3261,226.3,0.0,0,Survivalist
0.0,0.0,0.0,0,0,0.0,0,0,0,78,0,0,0,0.0,1466,0.0,27,25,1500,0,0.0,0,0.0,0,0,0.0,0,0,0.0,0.0,0.0,0,Survivalist
0.0,0.0,0.0,0,0,200.0,1,0,0,24,0,2,1,16.3,1426,0.0,46,45,1686,0,0.0,0,0.0,0,0,165.5,4,0,0.2889,165.5,0.0,0,Aggressive
0.0,0.0,0.0,0,2,0.0,0,0,1,4,0,4,1,205.7,1687,0.0,98,97,1678,0,2707.0,0,0.0,0,0,0.0,8,0,0.0,2707.0,0.0,3,Aggressive
0.0,0.0,0.0,0,0,159.8,1,1,0,21,0,2,2,22.93,1373,0.0,47,46,1512,0,0.0,0,0.0,0,0,968.5,4,0,0.5652,968.5,0.5,0,Aggressive
0.0,0.0,0.0,0,4,245.3,2,1,1,14,1688,2,1,19.1,1456,0.0,29,27,0,0,0.0,0,71.65,0,0,2684.0,3,1537,0.8571,2755.65,0.5,5,Aggressive
0.0,0.0,0.0,0,2,0.0,0,0,0,50,1165,0,0,0.0,1324,0.0,30,30,0,0,0.0,0,0.0,0,0,2323.0,6,1466,0.7931,2323.0,0.0,2,Survivalist
0.0,0.0,0.0,0,0,0.0,0,0,0,40,1201,0,0,0.0,1776,0.0,29,24,0,0,0.0,0,0.0,0,0,1205.0,4,1521,0.8571,1205.0,0.0,0,Survivalist
0.0,0.0,0.0,1,0,0.0,0,0,0,43,1330,0,0,0.0,1278,0.0,27,27,0,0,182.6,0,0.0,0,0,0.0,6,1573,0.0,182.6,0.0,0,Survivalist
0.0,0.0,0.0,0,0,100.0,0,0,0,34,0,1,1,7.873,1832,0.0,98,96,1510,0,0.0,0,0.0,0,0,1244.0,4,0,0.4639,1244.0,0.0,0,Aggressive
0.0,0.0,0.0,1,2,287.3,1,0,16,19,0,2,1,4.994,1808,0.0,28,28,1533,0,2278.0,0,16.25,0,0,2293.0,4,0,0.5926,4587.25,0.0,18,Aggressive
0.0,0.0,0.0,1,1,118.6,1,1,1,17,0,2,2,8.021,1299,0.0,27,25,1368,2,0.0,0,0.0,0,0,250.7,4,0,0.3462,250.7,0.5,2,Aggressive
0.0,0.0,0.0,0,3,225.1,1,0,1,11,1414,2,1,15.81,1994,0.0,45,37,0,1,4447.0,0,0.0,0,0,1617.0,7,1526,0.9091,6064.0,0.0,4,Aggressive
0.0,0.0,0.0,0,5,28.38,0,0,1,44,0,0,0,0.0,1868,0.0,92,88,1631,0,8334.0,0,0.0,0,0,1617.0,2,0,0.967,9951.0,0.0,6,Survivalist
0.0,0.0,0.0,0,0,73.71,0,0,0,73,1199,0,0,0.0,1905,0.0,28,27,0,0,380.8,0,0.0,0,0,386.8,6,1501,0.2222,767.6,0.0,0,Survivalist
0.0,0.0,0.0,0,0,60.06,0,0,0,60,0,0,0,0.0,1459,0.0,93,90,1515,0,0.0,0,0.0,0,0,235.5,3,0,0.4783,235.5,0.0,0,Survivalist
0.0,0.0,0.0,0,0,46.77,0,0,0,38,0,0,0,0.0,1756,0.0,95,92,1508,0,855.8,0,0.0,0,0,1166.0,5,0,0.9574,2021.8,0.0,0,Survivalist
0.0,0.0,0.0,0,1,193.0,2,1,5,19,0,2,2,28.4,1857,0.0,46,44,1447,0,0.0,0,0.0,0,0,979.1,6,0,0.4667,979.1,0.5,6,Aggressive
0.0,0.0,0.0,0,0,39.0,0,0,0,81,0,0,0,0.0,1815,0.0,29,27,1479,0,0.0,0,0.0,0,0,13.77,1,0,0.2143,13.77,0.0,0,Survivalist
0.0,0.0,0.0,0,0,31.8,0,0,9,27,0,1,1,8.078,1461,0.0,95,92,1640,0,569.2,0,0.0,0,0,1164.0,3,0,0.7234,1733.2,0.0,9,Aggressive
0.0,0.0,0.0,0,0,100.0,1,0,0,61,0,0,0,0.0,1969,0.0,26,25,1432,1,0.0,0,0.0,0,0,344.4,3,0,0.24,344.4,0.0,0,Survivalist
0.0,0.0,0.0,0,0,94.47,0,0,0,75,0,0,0,0.0,1901,0.0,28,26,1438,0,0.0,0,0.0,0,0,56.03,1,0,0.1111,56.03,0.0,0,Survivalist
0.0,0.0,0.0,1,2,158.7,1,1,0,35,0,1,1,3.896,1425,0.0,29,26,1502,0,0.0,0,0.0,0,0,203.3,3,0,0.0,203.3,1.0,2,Aggressive
0.0,0.0,0.0,1,1,507.6,4,1,0,8,1343,3,2,198.3,1258,0.0,25,25,0,0,0.0,0,0.0,0,0,1013.0,3,1513,0.75,1013.0,0.3333333333333333,1,Aggressive
0.0,0.0,0.0,0,0,100.0,1,0,1,36,0,1,1,7.616,1878,0.0,49,47,1502,1,0.0,0,0.0,0,0,158.6,5,0,0.3958,158.6,0.0,1,Aggressive
0.0,0.0,0.0,0,0,0.0,0,0,0,62,1452,0,0,0.0,1888,0.0,28,28,0,0,0.0,0,0.0,0,0,699.0,5,1576,0.4074,699.0,0.0,0,Survivalist
0.0,0.0,0.0,0,0,0.0,0,0,0,76,0,0,0,0.0,1404,0.0,48,47,1532,0,0.0,0,0.0,0,0,150.5,5,0,0.2128,150.5,0.0,0,Survivalist
0.0,0.0,0.0,0,0,0.0,0,0,0,93,0,0,0,0.0,1290,0.0,28,26,1373,0,0.0,0,0.0,0,0,0.0,0,0,0.0,0.0,0.0,0,Survivalist
0.0,0.0,0.0,0,1,0.0,1,1,3,31,0,1,1,222.3,1755,0.0,48,48,1534,1,911.2,0,0.0,0,0,1133.0,3,0,0.5532,2044.2,1.0,4,Aggressive
0.0,0.0,0.0,1,0,248.8,1,0,0,58,0,0,0,0.0,1772,0.0,49,47,1564,0,0.0,0,0.0,0,1,3212.0,7,0,0.625,3212.0,0.0,0,Survivalist
0.0,0.0,0.0,0,0,0.0,0,0,0,59,0,0,0,0.0,1399,0.0,96,96,1534,0,0.0,0,0.0,0,0,586.2,3,0,0.5789,586.2,0.0,0,Survivalist
0.0,0.0,0.0,0,7,828.1,0,4,4,2,0,7,1,62.08,1444,0.0,93,91,1596,0,0.0,0,0.0,0,0,1173.0,5,0,0.8913,1173.0,0.5714285714285714,11,Aggressive
0.0,0.0,0.0,0,0,0.0,0,0,0,95,0,0,0,0.0,1819,0.0,95,91,1500,0,0.0,0,0.0,0,0,0.0,1,0,0.0,0.0,0.0,0,Survivalist
0.0,0.0,0.0,0,0,0.0,0,0,0,72,1600,0,0,0.0,1870,0.0,25,24,0,0,0.0,0,0.0,0,0,105.1,2,1507,0.2083,105.1,0.0,0,Survivalist
0.0,0.0,0.0,1,4,33.88,0,0,0,44,1145,0,0,0.0,1748,0.0,43,37,0,0,1193.0,0,0.0,0,0,985.3,4,1516,0.5476,2178.3,0.0,4,Survivalist
0.0,0.0,0.0,0,1,128.8,2,0,1,26,1645,1,1,17.82,1378,0.0,26,26,0,0,505.3,0,0.0,0,0,1409.0,6,1626,0.56,1914.3,0.0,2,Aggressive
0.0,0.0,0.0,0,0,30.21,0,0,0,73,0,0,0,0.0,1412,0.0,94,90,1497,0,0.0,0,0.0,0,0,65.6,4,0,0.2581,65.6,0.0,0,Survivalist
0.0,0.0,0.0,0,0,0.0,0,0,0,90,0,0,0,0.0,1512,0.0,96,96,1458,0,0.0,0,0.0,0,0,0.0,0,0,0.0632,0.0,0.0,0,Survivalist
0.0,0.0,0.0,0,0,63.24,0,0,0,94,0,0,0,0.0,1891,0.0,27,26,1374,0,0.0,0,0.0,0,0,79.5,2,0,0.0,79.5,0.0,0,Survivalist
0.0,0.0,0.0,0,0,0.0,0,0,0,73,1100,0,0,0.0,1401,0.0,49,48,0,0,0.0,0,0.0,0,0,556.2,6,1524,0.2708,556.2,0.0,0,Survivalist
0.0,0.0,0.0,0,0,0.0,0,0,0,58,0,0,0,0.0,1406,0.0,28,26,1412,0,0.0,0,0.0,0,0,1590.0,5,0,0.0,1590.0,0.0,0,Survivalist
0.0,0.0,0.0,0,0,0.0,0,0,0,64,0,0,0,0.0,1309,0.0,47,46,1396,0,0.0,0,0.0,0,0,172.6,2,0,0.3696,172.6,0.0,0,Survivalist
0.0,0.0,0.0,0,0,221.3,2,3,0,18,1427,2,2,7.994,1240,0.0,28,27,0,0,0.0,0,0.0,0,0,13.73,3,1283,0.0,13.73,1.5,0,Aggressive
0.0,0.0,0.0,1,2,283.7,2,0,2,11,0,3,2,28.21,1314,0.0,47,46,1541,2,0.0,0,0.0,0,0,621.9,4,0,0.5,621.9,0.0,4,Aggressive
0.0,0.0,0.0,0,0,0.0,0,0,0,69,1253,0,0,0.0,1344,0.0,47,47,0,0,0.0,0,0.0,0,0,22.35,2,1470,0.413,22.35,0.0,0,Survivalist
0.0,0.0,0.0,0,0,82.56,0,0,0,93,0,0,0,0.0,1354,0.0,48,46,1476,0,0.0,0,0.0,0,0,2.126,2,0,0.0213,2.126,0.0,0,Survivalist
0.0,0.0,0.0,1,2,0.0,2,0,2,12,1356,60,1,116.9,1335,0.0,49,47,0,0,0.0,0,0.0,0,0,0.0,7,1572,0.0,0.0,0.0,4,Aggressive
0.0,0.0,0.0,0,2,80.65,1,1,0,23,1162,2,2,8.361,1420,0.0,25,24,0,1,0.0,0,0.0,0,0,155.2,3,1516,0.0833,155.2,0.5,2,Aggressive
0.0,0.0,0.0,0,1,451.9,4,0,3,2,0,5,2,16.19,1364,0.0,26,24,1470,0,408.1,0,0.0,0,0,496.6,4,0,0.48,904.7,0.0,4,Aggressive
0.0,0.0,0.0,0,0,0.0,0,0,0,69,0,0,0,0.0,1823,0.0,95,92,1500,0,0.0,0,0.0,0,0,1195.0,3,0,0.3511,1195.0,0.0,0,Survivalist
0.0,0.0,0.0,1,4,602.5,2,1,2,6,1004,5,1,85.77,1378,0.0,48,48,0,1,0.0,0,0.0,0,0,2569.0,8,1468,0.8511,2569.0,0.2,6,Aggressive
0.0,0.0,0.0,0,0,177.1,1,0,0,62,0,0,0,0.0,1649,0.0,29,27,1396,0,0.0,0,0.0,0,0,700.2,7,0,0.4286,700.2,0.0,0,Survivalist
0.0,0.0,0.0,0,0,49.0,0,0,0,82,0,0,0,0.0,1314,0.0,27,26,1279,0,0.0,0,0.0,0,0,83.72,1,0,0.1538,83.72,0.0,0,Survivalist
0.0,0.0,0.0,1,0,171.1,0,0,1,53,1467,0,0,0.0,1360,0.0,50,49,0,0,0.0,0,0.0,0,0,554.0,2,1522,0.0,554.0,0.0,1,Survivalist
0.0,0.0,0.0,0,0,260.6,0,3,0,21,0,2,1,23.37,1875,0.0,93,90,1551,0,0.0,0,0.0,0,0,308.9,4,0,0.3913,308.9,1.5,0,Aggressive
0.0,0.0,0.0,0,0,100.0,1,0,0,35,1152,1,1,4.962,1388,0.0,48,46,0,0,0.0,0,0.0,0,0,63.16,1,1497,0.0638,63.16,0.0,0,Aggressive
0.0,0.0,0.0,0,1,25.18,0,0,1,60,1102,0,0,0.0,1368,0.0,50,49,0,0,0.0079,0,24.24,0,0,1740.0,3,1490,0.5918,1764.2479,0.0,2,Survivalist
0.0,0.0,0.0,0,1,289.6,3,1,3,10,0,3,1,75.37,1297,0.0,27,26,1341,1,0.0,0,0.0,0,0,612.9,5,0,0.7308,612.9,0.3333333333333333,4,Aggressive
0.0,0.0,0.0,0,0,100.0,0,0,0,34,0,1,1,22.52,1959,0.0,93,89,1500,0,202.0,0,0.0,0,0,598.9,2,0,0.3478,800.9,0.0,0,Aggressive
0.0,0.0,0.0,0,1,0.0,0,0,0,9,1357,3,2,44.45,1964,0.0,96,94,0,0,0.0,0,0.0,0,0,796.7,5,1543,0.0,796.7,0.0,1,Aggressive
0.0,0.0,0.0,0,0,0.0,1,0,0,69,0,0,0,0.0,1383,0.0,27,25,1453,0,0.0,0,0.0,1,0,356.4,4,0,0.3077,356.4,0.0,0,Survivalist
0.0,0.0,0.0,0,0,72.24,0,0,0,78,0,0,0,0.0,1343,0.0,29,25,1406,0,0.0,0,0.0,0,0,26.29,1,0,0.1786,26.29,0.0,0,Survivalist
0.0,0.0,0.0,1,5,174.2,1,0,10,12,1446,2,2,15.44,1375,0.0,29,27,0,1,0.0,0,0.0,0,0,2596.0,7,1469,0.8214,2596.0,0.0,15,Aggressive
0.0,0.0,0.0,1,2,117.8,0,0,1,42,1000,0,0,0.0,1993,0.0,30,28,0,0,2618.0,0,0.0,0,0,2327.0,6,1500,0.6897,4945.0,0.0,3,Survivalist
0.0,0.0,0.0,0,1,388.8,3,1,1,6,0,4,3,43.22,1290,0.0,28,27,1470,2,0.0,0,0.0,0,0,2391.0,5,0,0.7407,2391.0,0.25,2,Aggressive
0.0,0.0,0.0,1,11,740.8,5,4,17,1,1597,9,2,129.7,1931,0.0,50,48,0,1,946.8,0,11.62,0,0,3691.0,16,1581,0.9592,4649.42,0.4444444444444444,28,Aggressive
0.0,0.0,0.0,0,0,43.0,0,0,0,50,0,0,0,0.0,1352,0.0,25,23,1491,0,0.0,0,0.0,0,0,67.83,3,0,0.4583,67.83,0.0,0,Survivalist
0.0,0.0,0.0,1,0,0.0,0,0,0,79,0,0,0,0.0,1804,0.0,29,28,1494,1,0.0,0,0.0,0,0,827.4,2,0,0.1786,827.4,0.0,0,Survivalist
0.0,0.0,0.0,0,0,100.0,1,0,0,36,0,1,1,0.6994,1374,0.0,49,47,1498,0,0.0,0,0.0,0,0,21.92,2,0,0.4167,21.92,0.0,0,Aggressive
0.0,0.0,0.0,1,3,365.5,0,1,7,10,0,4,2,14.48,1904,0.0,99,93,1500,0,2605.0,0,0.0,0,0,429.2,6,0,0.5306,3034.2,0.25,10,Aggressive
0.0,0.0,0.0,0,3,262.7,2,0,0,32,0,1,1,61.23,1378,0.0,28,27,1558,0,0.0,0,0.0,0,0,2926.0,6,0,0.7778,2926.0,0.0,3,Aggressive
0.0,0.0,0.0,0,0,100.0,0,1,0,33,1000,1,1,13.53,1464,0.0,50,44,0,0,0.0,0,0.0,0,0,98.73,3,1500,0.449,98.73,1.0,0,Aggressive
0.0,0.0,0.0,0,0,187.8,1,1,0,19,1353,2,1,6.28,1429,0.0,50,45,0,0,0.0,0,0.0,0,0,411.2,2,1482,0.4082,411.2,0.5,0,Aggressive
0.0,0.0,0.0,0,0,0.0,0,0,0,82,0,0,0,0.0,1273,0.0,28,26,1474,0,0.0,0,0.0,0,0,0.0,0,0,0.0,0.0,0.0,0,Survivalist
0.0,0.0,0.0,1,0,104.7,0,1,0,23,1195,1,1,108.5,1441,0.0,97,92,0,0,0.0,0,0.0,0,0,3522.0,4,1574,0.9271,3522.0,1.0,0,Aggressive
0.0,0.0,0.0,1,5,103.2,0,0,9,56,0,0,0,0.0,1371,0.0,30,30,1522,1,0.0,0,0.0,0,0,2286.0,3,0,0.6552,2286.0,0.0,14,Survivalist
0.0,0.0,0.0,1,2,325.7,3,0,3,9,0,3,2,18.52,1350,0.0,28,28,1465,0,0.0,0,0.0,0,0,2817.0,5,0,0.7407,2817.0,0.0,5,Aggressive
0.0,0.0,0.0,0,4,69.14,1,0,0,6,0,3,1,237.8,1762,0.0,30,29,1505,2,0.0,0,0.0,0,0,5541.0,4,0,1.0,5541.0,0.0,4,Aggressive
0.0,0.0,0.0,1,1,182.1,1,1,1,18,1257,2,2,30.04,1399,0.0,29,27,0,0,0.0,0,0.0,0,0,930.1,3,1443,0.5714,930.1,0.5,2,Aggressive
0.0,0.0,0.0,0,0,84.65,0,0,0,67,0,0,0,0.0,2030,0.0,97,92,1523,0,0.0,0,0.0,0,0,666.8,4,0,0.375,666.8,0.0,0,Survivalist
0.0,0.0,0.0,1,0,299.3,1,0,1,40,1700,1,1,23.32,1780,0.0,49,47,0,0,0.0,0,0.0,0,0,171.3,1,1495,0.2083,171.3,0.0,1,Aggressive
0.0,0.0,0.0,1,6,105.7,0,0,1,40,1246,0,0,0.0,1388,0.0,50,50,0,0,0.0,0,0.0,0,1,2634.0,9,1481,0.9796,2634.0,0.0,7,Survivalist
0.0,0.0,0.0,0,0,166.3,1,0,0,19,0,2,2,20.12,1865,0.0,26,25,1494,2,0.0,0,0.0,0,0,1892.0,5,0,0.68,1892.0,0.0,0,Aggressive
0.0,0.0,0.0,0,0,0.0,0,0,0,52,0,0,0,0.0,1385,0.0,97,95,1502,0,0.0,0,0.0,0,0,1921.0,2,0,0.7292,1921.0,0.0,0,Survivalist
0.0,0.0,0.0,0,1,0.0,0,0,4,59,0,0,0,0.0,1894,0.0,29,29,1500,0,2850.0,0,0.0,0,0,1575.0,5,0,0.5,4425.0,0.0,5,Survivalist
0.0,0.0,0.0,0,0,93.39,0,0,0,30,0,1,1,4.889,1425,0.0,97,95,1665,0,0.0,0,0.0,0,0,513.4,3,0,0.5104,513.4,0.0,0,Aggressive
0.0,0.0,0.0,0,0,0.0,0,0,0,55,1145,0,0,0.0,1856,0.0,27,26,0,0,0.0,0,0.0,0,0,19.16,2,1454,0.4615,19.16,0.0,0,Survivalist
0.0,0.0,0.0,0,2,323.4,0,2,3,9,1456,3,2,4.412,1419,0.0,98,96,0,0,1258.0,0,0.0,0,0,1247.0,7,1516,0.6598,2505.0,0.6666666666666666,5,Aggressive
0.0,0.0,0.0,0,0,100.0,1,0,0,40,0,1,1,15.61,1791,0.0,29,28,1386,0,0.0,0,0.0,0,0,172.0,2,0,0.1071,172.0,0.0,0,Aggressive
0.0,0.0,0.0,0,0,90.46,0,0,0,69,1379,0,0,0.0,1957,0.0,97,93,0,0,98.18,0,0.0,0,0,400.2,2,1536,0.3229,498.38,0.0,0,Survivalist
0.0,0.0,0.0,0,3,79.42,1,1,2,30,1474,1,1,11.26,1314,0.0,27,26,0,1,0.0,0,0.0,0,0,1786.0,4,1526,0.6923,1786.0,1.0,5,Aggressive
0.0,0.0,0.0,0,1,25.8,3,0,2,51,0,0,0,0.0,1363,0.0,29,29,1500,2,0.0,0,0.0,0,0,701.4,3,0,0.7857,701.4,0.0,3,Survivalist
0.0,0.0,0.0,1,8,183.2,0,0,1,21,0,1,1,21.22,1765,0.0,97,92,1942,0,1109.0,0,17.83,0,0,4485.0,6,0,0.9375,5611.83,0.0,9,Aggressive
0.0,0.0,0.0,0,2,0.0,0,0,1,42,0,0,0,0.0,1829,0.0,29,28,1459,0,2630.0,0,0.0,0,0,2416.0,5,0,0.9286,5046.0,0.0,3,Survivalist
0.0,0.0,0.0,0,1,454.5,3,1,5,6,0,4,2,97.84,1872,0.0,27,25,1500,0,719.5,0,0.0,0,0,887.0,2,0,0.2692,1606.5,0.25,6,Aggressive
0.0,0.0,0.0,0,0,0.0,0,0,0,62,1488,60,0,0.0,1468,0.0,47,44,0,0,0.0,0,0.0,0,0,0.0,4,1636,0.0,0.0,0.0,0,Aggressive
0.0,0.0,0.0,0,1,484.3,2,0,1,5,0,4,2,46.29,1334,0.0,45,42,1744,0,0.0,0,0.0,0,0,332.5,6,0,0.4318,332.5,0.0,2,Aggressive
0.0,0.0,0.0,0,0,47.04,0,0,0,89,0,0,0,0.0,1318,0.0,31,31,1500,0,0.0,0,0.0,0,0,88.58,3,0,0.1333,88.58,0.0,0,Survivalist
0.0,0.0,0.0,1,2,166.7,1,0,11,63,0,0,0,0.0,1961,0.0,30,30,1306,0,3868.0,0,0.0,0,0,1231.0,6,0,0.4828,5099.0,0.0,13,Survivalist
0.0,0.0,26643658162102.0,0,2,39.33,0,0,0,55,1237,0,0,0.0,1230,0.0,28,28,0,0,0.0,0,0.0,0,0,1462.0,2,1489,0.7407,1462.0,0.0,2,Survivalist
0.0,0.0,0.0,0,0,100.0,1,0,0,83,0,0,0,0.0,1358,0.0,29,29,1489,0,0.0,0,0.0,0,0,122.4,1,0,0.1071,122.4,0.0,0,Survivalist
0.0,0.0,0.0,0,0,61.2,0,0,0,80,1370,0,0,0.0,1493,0.0,27,27,0,0,0.0,0,0.0,0,0,136.4,2,1556,0.1923,136.4,0.0,0,Survivalist
0.0,0.0,0.0,3,3,217.9,2,1,0,24,1061,1,1,266.6,1317,0.0,30,29,0,1,229.0,0,0.0,0,0,3201.0,4,1499,1.0,3430.0,1.0,3,Aggressive
0.0,0.0,0.0,0,0,0.0,0,0,0,75,0,0,0,0.0,1393,0.0,94,94,1592,0,0.0,0,0.0,0,0,109.5,5,0,0.2366,109.5,0.0,0,Survivalist
0.0,0.0,0.0,0,0,12.4,1,0,0,75,0,0,0,0.0,1371,0.0,49,47,1470,0,0.0,0,0.0,0,0,102.0,2,0,0.2083,102.0,0.0,0,Survivalist
0.0,0.0,0.0,0,0,57.18,1,0,0,20,1304,2,2,14.62,1289,0.0,27,26,0,0,0.0,0,0.0,0,0,110.8,1,1485,0.1538,110.8,0.0,0,Aggressive
0.0,0.0,0.0,0,2,10.31,0,0,5,55,1046,0,0,0.0,1998,0.0,26,24,0,0,3892.0,0,0.0,0,0,1206.0,8,1495,0.64,5098.0,0.0,7,Survivalist
0.0,0.0,0.0,0,2,0.0,0,0,1,61,0,0,0,0.0,1340,0.0,27,27,1418,0,545.0,0,0.0,0,0,1508.0,2,0,0.5,2053.0,0.0,3,Survivalist
0.0,0.0,0.0,0,0,66.3,0,0,0,84,0,0,0,0.0,1272,0.0,29,28,1328,0,0.0,0,0.0,0,0,21.19,1,0,0.1071,21.19,0.0,0,Survivalist
0.0,0.0,0.0,0,2,0.0,0,0,6,19,1559,60,1,21.37,1363,0.0,50,49,0,0,0.0,0,0.0,0,0,0.0,7,1429,0.0,0.0,0.0,8,Aggressive
0.0,0.0,0.0,0,4,405.5,2,0,2,5,1590,4,2,119.8,1408,0.0,48,46,0,0,580.8,0,32.8,0,0,3770.0,4,1553,0.9574,4383.6,0.0,6,Aggressive
0.0,0.0,0.0,0,2,152.0,0,0,0,23,0,1,1,22.91,1453,0.0,90,87,1547,0,0.0,0,0.0,0,0,1892.0,3,0,0.9438,1892.0,0.0,2,Aggressive
0.0,0.0,0.0,0,0,0.0,0,0,0,68,0,0,0,0.0,1427,0.0,49,48,1467,0,0.0,0,0.0,0,0,197.3,8,0,0.0,197.3,0.0,0,Survivalist
0.0,0.0,0.0,0,0,0.0,0,0,0,68,0,0,0,0.0,1726,0.0,31,29,1430,0,0.0,0,0.0,0,0,505.7,2,0,0.3,505.7,0.0,0,Survivalist
0.0,0.0,0.0,0,0,0.0,0,0,0,65,0,0,0,0.0,1777,0.0,48,45,1507,0,369.9,0,0.0,0,0,357.4,5,0,0.0,727.3,0.0,0,Survivalist
0.0,0.0,0.0,2,7,879.2,7,0,10,2,0,7,2,35.8,1870,0.0,29,25,1502,2,1424.0,0,0.0,0,0,2257.0,4,0,0.9286,3681.0,0.0,17,Aggressive
0.0,0.0,0.0,0,0,71.92,1,0,0,41,0,1,1,0.6401,1791,0.0,29,28,1480,0,0.0,0,0.0,0,0,224.6,3,0,0.0,224.6,0.0,0,Aggressive
0.0,0.0,0.0,0,6,153.7,1,0,0,52,0,0,0,0.0,1349,0.0,29,29,1297,0,0.0,0,0.0,0,0,2862.0,3,0,0.8929,2862.0,0.0,6,Survivalist
0.0,0.0,0.0,0,1,0.0,0,0,0,70,1611,0,0,0.0,1854,0.0,29,28,0,0,0.0,0,0.0,0,0,0.0,2,1504,0.0,0.0,0.0,1,Survivalist
0.0,0.0,0.0,0,0,0.0,0,0,0,96,0,0,0,0.0,1372,0.0,49,46,1500,0,0.0,0,0.0,0,0,33.1,0,0,0.0,33.1,0.0,0,Survivalist
0.0,0.0,0.0,0,0,0.0,0,0,0,85,0,0,0,0.0,1366,0.0,28,27,1434,0,0.0,0,0.0,0,0,230.2,2,0,0.0741,230.2,0.0,0,Survivalist
0.0,0.0,0.0,0,1,291.3,0,0,1,10,1080,3,2,131.8,1492,0.0,50,50,0,0,269.4,0,0.0,0,0,1032.0,4,1510,0.8571,1301.4,0.0,2,Aggressive
0.0,0.0,0.0,1,0,93.31,0,0,0,80,0,0,0,0.0,1378,0.0,92,91,1508,0,0.0,0,0.0,0,0,19.21,1,0,0.1319,19.21,0.0,0,Survivalist
0.0,0.0,inf,0,1,0.0,3,1,1,9,1335,4,2,8.577,1305,0.0,26,26,0,0,0.0,0,0.0,0,0,246.0,2,1482,0.0,246.0,0.25,2,Aggressive
0.0,0.0,0.0,1,6,239.5,1,0,1,13,1510,2,1,35.35,1380,0.0,49,49,0,0,0.0,0,147.6,0,0,1570.0,5,1550,0.8542,1717.6,0.0,7,Aggressive
0.0,0.0,0.0,0,1,131.9,1,0,0,13,0,2,1,22.43,1339,0.0,29,28,1476,1,0.0,0,37.45,0,0,2694.0,6,0,0.8571,2731.45,0.0,1,Aggressive
0.0,0.0,0.0,1,0,39.78,0,0,0,77,0,0,0,0.0,1364,0.0,28,26,1463,0,0.0,0,0.0,0,0,113.7,3,0,0.1111,113.7,0.0,0,Survivalist
0.0,0.0,0.0,0,0,89.3,0,0,1,73,0,0,0,0.0,1871,0.0,48,46,1500,0,0.0,0,0.0,0,0,268.4,3,0,0.2553,268.4,0.0,1,Survivalist
0.0,0.0,0.0,0,0,121.3,0,0,0,72,0,0,0,0.0,1358,0.0,28,27,1481,0,0.0,0,0.0,0,0,635.5,1,0,0.2963,635.5,0.0,0,Survivalist
0.0,0.0,0.0,0,3,198.5,2,4,1,9,0,3,3,10.53,1381,0.0,29,29,1535,0,0.0,0,0.0,0,0,1296.0,3,0,0.5,1296.0,1.3333333333333333,4,Aggressive
0.0,0.0,0.0,0,0,95.9,0,0,0,41,1356,1,1,12.86,1363,0.0,50,49,0,0,0.0,0,0.0,0,0,99.36,2,1495,0.2041,99.36,0.0,0,Aggressive
0.0,0.0,0.0,2,4,326.0,2,0,1,21,1350,1,1,33.26,1874,0.0,26,26,0,0,6924.0,0,0.0,0,0,2622.0,8,1535,0.76,9546.0,0.0,5,Aggressive
0.0,0.0,0.0,0,1,144.9,0,1,0,36,0,1,1,0.8646,1868,0.0,29,27,1467,0,0.0,0,0.0,0,0,240.8,2,0,0.3571,240.8,1.0,1,Aggressive
0.0,0.0,0.0,0,0,0.0,0,0,0,66,0,0,0,0.0,1769,0.0,48,47,1546,0,0.0,0,0.0,0,0,291.9,3,0,0.3191,291.9,0.0,0,Survivalist
0.0,0.0,0.0,1,0,205.9,0,0,1,15,0,2,1,90.8,1876,0.0,49,48,1522,0,1981.0,0,0.0,0,0,881.9,5,0,0.5625,2862.9,0.0,1,Aggressive
0.0,0.0,0.0,0,0,20.0,0,0,0,48,1026,0,0,0.0,1878,0.0,26,26,0,0,1888.0,0,0.0,0,0,2120.0,5,1497,0.56,4008.0,0.0,0,Survivalist
0.0,0.0,0.0,0,0,178.9,1,0,0,66,1078,0,0,0.0,1499,0.0,50,47,0,0,0.0,0,0.0,0,0,277.7,1,1535,0.4082,277.7,0.0,0,Survivalist
0.0,0.0,0.0,0,0,103.4,0,0,0,50,0,0,0,0.0,1304,0.0,27,25,1467,0,0.0,0,50.88,0,0,1717.0,2,0,0.5769,1767.88,0.0,0,Survivalist
0.0,0.0,0.0,1,2,468.3,1,0,2,11,0,3,2,35.22,1895,0.0,48,46,1588,0,4836.0,0,0.0,0,0,1404.0,7,0,0.766,6240.0,0.0,4,Aggressive
0.0,0.0,0.0,0,0,0.0,0,0,0,75,1073,0,0,0.0,1342,0.0,47,42,0,0,0.0,0,0.0,0,0,37.7,1,1497,0.087,37.7,0.0,0,Survivalist
0.0,0.0,inf,0,2,15.43,0,0,1,22,1001,0,0,0.0,1881,0.0,20,18,0,0,4878.0,0,0.0,0,0,1510.0,5,1503,0.4737,6388.0,0.0,3,Survivalist
0.0,0.0,0.0,0,0,0.0,2,0,0,19,0,60,1,12.9,1343,0.0,48,48,1534,0,0.0,0,0.0,0,0,0.0,1,0,0.0,0.0,0.0,0,Aggressive
0.0,0.0,0.0,0,2,0.0,0,0,0,60,988,0,0,0.0,1790,0.0,47,44,0,0,0.0,0,0.0,0,0,2084.0,7,1482,0.5,2084.0,0.0,2,Survivalist
0.0,0.0,0.0,0,0,0.0,0,0,0,87,0,0,0,0.0,1402,0.0,49,48,1496,0,0.0,0,0.0,0,0,152.8,2,0,0.125,152.8,0.0,0,Survivalist
0.0,0.0,0.0,0,0,0.0,0,0,0,51,0,0,0,0.0,1820,0.0,93,92,1517,0,0.0,0,0.0,0,0,1240.0,4,0,0.5543,1240.0,0.0,0,Survivalist
0.0,0.0,0.0,0,1,123.2,1,0,4,37,0,1,1,0.7646,1887,0.0,48,48,1503,0,0.0,0,0.0,0,0,102.4,1,0,0.1915,102.4,0.0,5,Aggressive
28494135985742.0,0.0,0.0,0,3,96.57,0,0,2,21,1051,0,0,0.0,1918,0.0,37,35,0,0,3162.0,0,0.0,0,0,2218.0,7,1557,0.5,5380.0,0.0,5,Survivalist
0.0,0.0,0.0,0,3,221.4,1,0,6,27,0,1,1,38.77,1960,0.0,27,26,1671,0,5946.0,0,0.0,0,0,1510.0,11,0,0.8077,7456.0,0.0,9,Aggressive
0.0,0.0,0.0,1,0,44.16,0,0,0,79,0,0,0,0.0,1438,0.0,47,43,1473,0,0.0,0,0.0,0,0,76.77,1,0,0.1087,76.77,0.0,0,Survivalist
0.0,0.0,0.0,0,1,0.0,1,0,0,18,0,2,2,23.06,1338,0.0,28,27,1500,1,0.0,0,0.0,0,0,336.1,3,0,0.0,336.1,0.0,1,Aggressive
0.0,0.0,0.0,0,0,0.0,0,0,0,76,1280,0,0,0.0,1435,0.0,97,93,0,0,0.0,0,0.0,0,0,136.8,2,1543,0.2292,136.8,0.0,0,Survivalist
0.0,0.0,0.0,0,0,37.62,0,0,0,80,0,0,0,0.0,1933,0.0,49,43,1503,0,0.0,0,0.0,0,0,134.7,1,0,0.1458,134.7,0.0,0,Survivalist
0.0,0.0,0.0,0,0,59.02,0,0,0,86,1288,0,0,0.0,2050,0.0,48,47,0,0,0.0,0,0.0,0,0,137.1,3,1507,0.0851,137.1,0.0,0,Survivalist
0.0,0.0,0.0,1,9,0.0,0,1,0,14,0,2,1,14.29,2185,0.0,95,89,1500,0,2647.0,0,0.0,0,0,1857.0,6,0,0.883,4504.0,0.5,9,Aggressive
0.0,0.0,0.0,0,4,283.7,1,2,9,16,1462,2,2,222.5,2180,0.0,50,47,0,0,0.0,0,0.0,0,0,3209.0,8,1675,0.9184,3209.0,1.0,13,Aggressive
0.0,0.0,0.0,0,5,0.0,0,0,6,33,997,0,0,0.0,1853,0.0,26,25,0,1,2899.0,0,0.0,0,0,0.0,4,1460,0.0,2899.0,0.0,11,Survivalist
0.0,0.0,0.0,0,0,0.0,0,0,0,77,0,0,0,0.0,1250,0.0,50,48,1499,0,0.0,0,0.0,0,0,67.61,1,0,0.2857,67.61,0.0,0,Survivalist
0.0,0.0,0.0,0,1,142.6,1,2,2,28,0,1,1,8.64,1384,0.0,29,27,1404,0,623.3,0,0.0,0,0,1089.0,3,0,0.6071,1712.3,2.0,3,Aggressive
0.0,0.0,0.0,1,1,89.01,0,0,2,58,1394,0,0,0.0,1938,0.0,95,90,0,0,651.7,0,0.0,0,0,768.7,5,1595,0.5,1420.4,0.0,3,Survivalist
0.0,0.0,0.0,1,2,23.22,0,0,1,73,1419,0,0,0.0,1414,0.0,30,30,0,0,0.0,0,0.0,0,0,424.5,4,1480,0.3448,424.5,0.0,3,Survivalist
0.0,0.0,0.0,3,2,377.4,3,6,2,4,1524,5,1,250.1,1325,0.0,33,31,0,1,0.0,0,0.0,0,0,2025.0,7,1506,0.9375,2025.0,1.2,4,Aggressive
0.0,0.0,0.0,0,0,0.0,0,0,0,86,0,0,0,0.0,1412,0.0,28,28,1447,0,0.0,0,0.0,0,0,174.9,1,0,0.0,174.9,0.0,0,Survivalist
0.0,6538880051508.0,0.0,0,1,203.4,1,3,0,13,0,2,1,106.0,1418,0.0,49,47,1503,0,1626.0,0,0.0,0,0,2406.0,3,0,0.9167,4032.0,1.5,1,Aggressive
0.0,0.0,0.0,0,0,134.0,1,0,1,73,1551,0,0,0.0,1884,0.0,29,29,0,0,0.0,0,0.0,0,0,724.5,5,1474,0.3571,724.5,0.0,1,Survivalist
0.0,0.0,0.0,0,1,215.9,3,1,1,10,0,3,2,15.75,1860,0.0,28,25,1504,0,0.0,0,0.0,0,0,185.3,3,0,0.2222,185.3,0.3333333333333333,2,Aggressive
0.0,0.0,0.0,1,1,65.54,1,0,5,24,0,1,1,2.101,1773,0.0,50,49,1512,0,5743.0,0,0.0,0,0,1495.0,4,0,0.9184,7238.0,0.0,6,Aggressive
0.0,0.0,0.0,0,2,0.0,0,0,0,87,0,0,0,0.0,1185,0.0,26,26,1522,0,0.0,0,0.0,0,0,220.0,1,0,0.08,220.0,0.0,2,Survivalist
0.0,0.0,0.0,0,0,0.0,0,0,0,96,1072,0,0,0.0,1759,0.0,97,93,0,0,0.0,0,0.0,0,0,0.0,0,1469,0.0,0.0,0.0,0,Survivalist
0.0,0.0,0.0,0,0,0.0,0,0,0,87,478,0,0,0.0,1416,0.0,28,26,0,0,0.0,0,0.0,0,0,0.0,0,341,0.0,0.0,0.0,0,Survivalist
0.0,0.0,0.0,1,4,0.0,2,2,2,27,0,1,1,5.925,1777,0.0,28,27,1459,0,0.0,0,0.0,0,0,0.0,7,0,0.0,0.0,2.0,6,Aggressive
0.0,0.0,0.0,0,4,0.0,0,0,1,40,1326,0,0,0.0,1286,0.0,33,33,0,0,0.0,0,0.0,0,0,0.0,4,1455,0.0,0.0,0.0,5,Survivalist
0.0,0.0,0.0,0,0,0.0,0,0,0,79,0,0,0,0.0,1801,0.0,46,45,1478,0,0.0,0,0.0,0,0,201.5,0,0,0.1556,201.5,0.0,0,Survivalist
0.0,0.0,0.0,0,1,278.0,3,0,6,27,1164,1,1,4.391,1843,0.0,29,29,0,2,1125.0,0,0.0,0,0,699.3,5,1477,0.4286,1824.3,0.0,7,Aggressive
0.0,0.0,0.0,0,0,99.74,0,0,0,76,0,0,0,0.0,2015,0.0,28,28,1488,0,0.0,0,0.0,0,0,98.13,3,0,0.1852,98.13,0.0,0,Survivalist
0.0,0.0,0.0,0,0,46.3,0,0,0,61,1000,0,0,0.0,1280,0.0,48,48,0,0,0.0152,0,9.801,0,0,1085.0,4,1500,0.4468,1094.8162,0.0,0,Survivalist
0.0,0.0,0.0,0,0,163.2,0,0,0,44,0,1,1,1.384,1376,0.0,99,96,1500,0,0.0,0,0.0,0,0,7.032,2,0,0.0714,7.032,0.0,0,Aggressive
0.0,0.0,0.0,0,0,0.0,0,0,0,95,0,0,0,0.0,1362,0.0,99,96,1458,0,0.0,0,0.0,0,0,0.0,0,0,0.0204,0.0,0.0,0,Survivalist
0.0,0.0,0.0,0,3,27.85,0,0,4,44,0,0,0,0.0,1852,0.0,94,89,1500,0,0.0,0,389.8,0,0,2886.0,3,0,0.8065,3275.8,0.0,7,Survivalist
0.0,0.0,0.0,0,0,0.0,0,0,0,90,0,0,0,0.0,1898,0.0,30,27,1491,0,0.0,0,0.0,0,0,0.0,0,0,0.0,0.0,0.0,0,Survivalist
0.0,0.0,0.0,2,5,500.7,4,0,3,9,0,3,1,81.08,1889,0.0,27,26,1485,0,454.0,0,0.0,0,0,4402.0,8,0,0.8077,4856.0,0.0,8,Aggressive
0.0,0.0,0.0,0,0,0.0,0,0,0,86,0,0,0,0.0,1842,0.0,27,26,1470,0,0.0,0,0.0,0,0,0.0,0,0,0.0,0.0,0.0,0,Survivalist
0.0,0.0,0.0,0,0,27.37,0,0,1,63,0,0,0,0.0,1893,0.0,44,42,1486,0,627.7,0,0.0,0,0,508.7,7,0,0.3256,1136.4,0.0,1,Survivalist
0.0,0.0,0.0,0,0,0.0,0,0,0,64,0,0,0,0.0,1933,0.0,94,94,1500,0,0.0,0,0.0,0,0,1289.0,5,0,0.3656,1289.0,0.0,0,Survivalist
0.0,0.0,0.0,0,4,133.3,0,0,2,23,0,1,1,2.421,1397,0.0,49,45,1471,1,482.6,0,0.0,0,0,2534.0,7,0,0.875,3016.6,0.0,6,Aggressive
0.0,0.0,0.0,0,0,0.0,0,0,0,77,1054,60,0,0.0,1441,0.0,98,96,0,0,0.0,0,0.0,0,0,0.0,1,1479,0.0,0.0,0.0,0,Aggressive
0.0,0.0,0.0,0,4,0.0,0,0,0,47,0,0,0,0.0,1366,0.0,92,91,1666,0,630.4,0,0.0,0,0,1277.0,6,0,0.6923,1907.4,0.0,4,Survivalist
0.0,0.0,0.0,0,2,198.9,0,2,4,13,0,2,1,15.76,1890,0.0,99,95,1494,0,0.0008,0,4.008,0,0,3797.0,6,0,0.7551,3801.0087999999996,1.0,6,Aggressive
0.0,0.0,0.0,0,0,0.0,0,0,0,90,0,0,0,0.0,1860,0.0,49,47,1511,0,0.0,0,0.0,0,0,80.3,1,0,0.0417,80.3,0.0,0,Survivalist
0.0,0.0,0.0,0,5,276.0,1,1,3,11,0,3,1,246.7,1892,0.0,47,45,1397,1,1485.0,0,0.0,0,0,2978.0,7,0,0.7391,4463.0,0.3333333333333333,8,Aggressive
0.0,0.0,0.0,1,4,1752.0,11,2,5,1,0,12,2,262.9,1868,0.0,50,47,1604,2,2468.0,0,0.0,0,0,2130.0,7,0,0.9592,4598.0,0.16666666666666666,9,Aggressive
0.0,0.0,0.0,0,0,369.0,3,1,1,11,0,3,2,69.7,1456,0.0,27,27,1495,1,0.0,0,0.0,0,0,461.8,3,0,0.1538,461.8,0.3333333333333333,1,Aggressive
0.0,0.0,0.0,0,0,75.0,1,0,0,25,0,1,1,28.91,1863,0.0,30,30,1500,0,331.2,0,30.79,0,0,2411.0,6,0,0.7241,2772.99,0.0,0,Aggressive
0.0,0.0,0.0,1,0,161.2,1,0,0,90,0,0,0,0.0,1279,0.0,27,27,1500,0,0.0,0,0.0,0,0,68.05,1,0,0.0,68.05,0.0,0,Survivalist
0.0,0.0,0.0,1,4,513.4,4,5,1,5,0,4,1,228.3,1808,0.0,28,28,1500,0,6337.0,0,0.0,0,0,3371.0,5,0,1.0,9708.0,1.25,5,Aggressive
0.0,0.0,0.0,0,0,0.0,0,0,0,83,1162,0,0,0.0,1376,0.0,49,49,0,0,0.0,0,0.0,0,0,14.43,1,1538,0.1458,14.43,0.0,0,Survivalist
0.0,0.0,0.0,0,6,351.7,4,1,4,4,1154,5,2,57.89,1346,0.0,32,32,0,3,0.0,0,0.0,0,0,2951.0,5,1512,0.8065,2951.0,0.2,10,Aggressive
0.0,0.0,0.0,0,0,0.0,0,0,0,72,0,0,0,0.0,1924,0.0,30,29,1470,0,0.0,0,0.0,0,0,42.41,2,0,0.2759,42.41,0.0,0,Survivalist
0.0,0.0,0.0,0,0,0.0,0,0,0,72,0,0,0,0.0,1886,0.0,29,29,1386,0,5190.0,0,0.0,0,0,581.1,3,0,0.1429,5771.1,0.0,0,Survivalist
0.0,0.0,0.0,0,1,0.0,0,0,3,55,1081,0,0,0.0,1521,0.0,97,93,0,0,0.0,0,0.0,0,0,1021.0,7,1471,0.5729,1021.0,0.0,4,Survivalist
0.0,0.0,0.0,0,0,47.3,0,0,0,91,1126,0,0,0.0,1397,0.0,28,26,0,0,0.0,0,0.0,0,0,2.78,1,1514,0.0,2.78,0.0,0,Survivalist
0.0,0.0,0.0,0,0,0.0,0,0,0,67,0,0,0,0.0,1798,0.0,27,24,1472,0,0.0,0,0.0,0,0,1102.0,1,0,0.0,1102.0,0.0,0,Survivalist
0.0,0.0,0.0,0,0,18.0,0,0,0,57,1074,0,0,0.0,1245,0.0,29,28,0,0,0.0,0,0.0,0,0,51.7,2,1486,0.4286,51.7,0.0,0,Survivalist
0.0,0.0,0.0,0,0,0.0,0,0,0,80,0,0,0,0.0,1387,0.0,95,94,1545,0,0.0,0,0.0,0,0,0.0,2,0,0.0,0.0,0.0,0,Survivalist
0.0,0.0,0.0,0,0,90.74,0,0,0,27,0,1,1,100.3,1799,0.0,26,26,1446,0,2680.0,0,0.0,0,0,615.8,7,0,0.52,3295.8,0.0,0,Aggressive
0.0,0.0,0.0,0,0,0.0,0,0,1,70,0,0,0,0.0,1843,0.0,50,48,1424,0,0.0,0,0.0,0,0,0.0,4,0,0.0,0.0,0.0,1,Survivalist
0.0,0.0,0.0,0,0,280.9,2,1,1,4,0,4,2,34.07,1417,0.0,48,47,1502,0,0.0,0,0.0,0,0,405.1,2,0,0.4468,405.1,0.25,1,Aggressive
0.0,0.0,0.0,0,0,0.0,0,0,0,90,1056,0,0,0.0,1369,0.0,49,49,0,0,0.0,0,0.0,0,0,59.18,1,1515,0.0625,59.18,0.0,0,Survivalist
0.0,0.0,0.0,0,0,49.5,0,0,0,71,0,0,0,0.0,1316,0.0,26,26,1379,0,0.0,0,0.0,0,0,434.3,6,0,0.32,434.3,0.0,0,Survivalist
0.0,0.0,0.0,3,4,267.9,0,0,3,30,0,1,1,10.04,1810,0.0,46,45,1486,1,7257.0,0,0.0,0,0,1098.0,8,0,0.0,8355.0,0.0,7,Aggressive
0.0,0.0,0.0,0,0,164.1,1,0,0,49,0,0,0,0.0,1385,0.0,50,49,1586,0,0.0,0,0.0,0,0,2589.0,6,0,0.8367,2589.0,0.0,0,Survivalist
0.0,0.0,0.0,1,0,119.8,1,0,0,58,1129,0,0,0.0,1370,0.0,50,49,0,0,723.2,0,0.0,0,0,729.4,4,1463,0.5714,1452.6,0.0,0,Survivalist
0.0,0.0,0.0,0,0,0.0,0,0,0,47,1242,0,0,0.0,1887,0.0,28,27,0,0,0.0,0,0.0,0,0,1301.0,4,1554,0.8519,1301.0,0.0,0,Survivalist
0.0,0.0,0.0,0,0,0.0,0,0,0,84,0,0,0,0.0,1434,0.0,48,46,1489,0,0.0,0,0.0,0,0,0.0,2,0,0.0,0.0,0.0,0,Survivalist
0.0,0.0,0.0,0,4,371.8,3,0,3,3,0,5,2,65.71,1342,0.0,29,28,1702,1,0.0043,0,3.077,0,0,4878.0,7,0,1.0,4881.0813,0.0,7,Aggressive
0.0,0.0,0.0,0,1,156.5,1,2,0,41,1613,1,1,8.52,1358,0.0,31,29,0,0,0.0,0,0.0,0,0,253.5,3,1508,0.3,253.5,2.0,1,Aggressive
0.0,0.0,0.0,0,0,220.1,1,0,5,75,0,0,0,0.0,1873,0.0,28,28,1518,0,0.0,0,0.0,0,0,199.3,2,0,0.1481,199.3,0.0,5,Survivalist
0.0,0.0,0.0,1,2,390.8,3,0,7,4,1070,4,2,37.39,1916,0.0,27,25,0,0,0.0,0,0.0,0,0,521.7,6,1466,0.3846,521.7,0.0,9,Aggressive
0.0,0.0,0.0,0,0,25.8,0,0,0,55,0,0,0,0.0,2027,0.0,46,44,1500,0,0.0,0,0.0,0,0,1441.0,6,0,0.5333,1441.0,0.0,0,Survivalist
0.0,0.0,0.0,0,0,109.2,2,2,0,33,1657,1,1,9.097,1374,0.0,48,47,0,0,0.0,0,0.0,0,0,283.5,2,1482,0.3404,283.5,2.0,0,Aggressive
0.0,0.0,0.0,2,7,206.5,1,0,1,51,0,0,0,0.0,1353,0.0,27,27,1483,1,0.0035,0,5.299,0,0,3989.0,5,0,0.8077,3994.3025,0.0,8,Survivalist
0.0,0.0,0.0,0,2,0.0,0,0,6,49,0,0,0,0.0,1904,0.0,50,47,1471,0,4543.0,0,0.0,0,0,2055.0,6,0,0.7755,6598.0,0.0,8,Survivalist
0.0,0.0,0.0,0,2,131.4,0,0,1,33,0,1,1,6.232,1768,0.0,29,28,1530,1,2538.0,0,0.0,0,0,1056.0,2,0,0.5357,3594.0,0.0,3,Aggressive
0.0,0.0,0.0,0,0,100.0,1,0,0,38,0,1,1,11.94,1921,0.0,49,45,1409,0,0.0,0,0.0,0,0,57.33,2,0,0.25,57.33,0.0,0,Aggressive
0.0,0.0,0.0,0,0,0.0,0,0,0,94,0,0,0,0.0,1982,0.0,97,96,1491,0,0.0,0,0.0,0,0,31.75,1,0,0.0312,31.75,0.0,0,Survivalist
0.0,0.0,0.0,0,0,193.7,1,0,0,53,0,0,0,0.0,1406,0.0,28,27,1504,0,0.0,0,0.0,0,0,1690.0,6,0,0.7778,1690.0,0.0,0,Survivalist
0.0,0.0,0.0,0,0,44.28,0,0,0,90,1101,0,0,0.0,1884,0.0,48,47,0,0,0.0,0,0.0,0,0,42.98,0,1477,0.0425,42.98,0.0,0,Survivalist
0.0,0.0,0.0,0,2,57.1,0,0,1,45,1138,0,0,0.0,1492,0.0,50,50,0,1,1938.0,0,11.33,0,0,1443.0,3,1510,0.9592,3392.33,0.0,3,Survivalist
0.0,0.0,0.0,0,0,0.0,0,0,0,86,0,0,0,0.0,1840,0.0,48,45,1479,0,587.7,0,0.0,0,0,0.4192,0,0,0.1064,588.1192000000001,0.0,0,Survivalist
0.0,0.0,0.0,0,0,0.0,0,0,0,75,0,0,0,0.0,1989,0.0,47,45,1490,0,0.0,0,0.0,0,0,284.6,2,0,0.2174,284.6,0.0,0,Survivalist
0.0,53483639307526.0,0.0,0,0,0.0,0,0,0,90,1173,0,0,0.0,1792,0.0,28,28,0,0,0.0,0,0.0,0,0,39.05,1,1483,0.0,39.05,0.0,0,Survivalist
0.0,0.0,0.0,0,0,27.93,0,0,0,60,0,0,0,0.0,1327,0.0,49,49,1469,0,0.0,0,0.0,0,0,1016.0,2,0,0.5625,1016.0,0.0,0,Survivalist
0.0,0.0,0.0,0,0,0.0,0,0,0,57,0,0,0,0.0,1885,0.0,50,48,1495,0,0.0,0,0.0,0,0,1758.0,8,0,0.551,1758.0,0.0,0,Survivalist
0.0,0.0,0.0,0,4,0.0,0,2,1,1,0,8,1,424.6,1936,0.0,96,89,1552,0,98.21,0,0.0,0,0,0.0,9,0,0.0,98.21,0.25,5,Aggressive
0.0,0.0,0.0,0,0,21.15,0,0,0,65,0,0,0,0.0,1381,0.0,49,47,1516,0,0.0,0,0.0,0,0,265.2,4,0,0.3333,265.2,0.0,0,Survivalist
0.0,0.0,0.0,0,0,128.1,2,1,1,38,0,1,1,3.444,1918,0.0,50,47,1512,0,0.0,0,0.0,0,0,738.8,3,0,0.3265,738.8,1.0,1,Aggressive
0.0,0.0,0.0,1,4,424.6,3,1,10,13,1555,2,1,12.38,1252,0.0,26,26,0,1,0.0,0,0.0,0,0,3299.0,4,1477,0.92,3299.0,0.5,14,Aggressive
0.0,0.0,0.0,0,0,149.0,1,0,1,30,1541,1,1,51.84,1271,0.0,28,27,0,0,0.0,0,0.0,0,0,1779.0,5,1598,0.4815,1779.0,0.0,1,Aggressive
0.0,0.0,0.0,0,3,133.8,0,0,5,28,0,1,1,64.03,1865,0.0,26,26,1418,0,6623.0,0,0.0,0,0,3566.0,4,0,0.84,10189.0,0.0,8,Aggressive
0.0,0.0,0.0,1,0,32.34,0,0,0,64,1373,0,0,0.0,1392,0.0,29,28,0,0,0.0,0,0.0,0,0,841.8,2,1552,0.3929,841.8,0.0,0,Survivalist
0.0,0.0,0.0,0,0,0.0,0,0,0,79,0,0,0,0.0,1352,0.0,97,95,1494,0,0.0,0,0.0,0,0,44.81,3,0,0.1979,44.81,0.0,0,Survivalist
0.0,0.0,0.0,0,0,103.8,0,0,0,82,1588,0,0,0.0,1413,0.0,29,29,0,0,0.0,0,0.0,0,0,45.82,2,1535,0.1429,45.82,0.0,0,Survivalist
0.0,0.0,0.0,0,0,0.0,0,0,0,43,1241,0,0,0.0,1878,0.0,54,53,0,0,0.0,0,0.0,0,0,178.7,2,1521,0.2075,178.7,0.0,0,Survivalist
0.0,0.0,0.0,0,0,0.0,0,0,0,66,0,0,0,0.0,1442,0.0,28,27,1140,0,0.0,0,0.0,0,0,244.1,4,0,0.0,244.1,0.0,0,Survivalist
0.0,0.0,0.0,0,0,0.0,0,0,0,51,0,0,0,0.0,1436,0.0,96,93,1491,0,440.0,0,123.1,0,0,1781.0,3,0,0.6842,2344.1,0.0,0,Survivalist
0.0,0.0,0.0,0,0,0.0,0,0,0,39,0,1,1,5.114,1971,0.0,94,91,1813,0,0.0,0,0.0,0,0,0.0,3,0,0.0,0.0,0.0,0,Aggressive
0.0,0.0,0.0,0,0,156.1,0,0,0,68,0,0,0,0.0,1389,0.0,26,23,1593,0,0.0,0,0.0,0,0,26.83,1,0,0.32,26.83,0.0,0,Survivalist
0.0,0.0,0.0,0,2,79.29,1,0,1,69,0,0,0,0.0,1383,0.0,26,25,1412,1,0.0,0,0.0,0,0,289.3,4,0,0.36,289.3,0.0,3,Survivalist
0.0,0.0,0.0,1,0,154.1,1,0,1,29,1003,1,1,6.845,1417,0.0,28,27,0,0,1159.0,0,0.0,0,0,2253.0,4,1510,0.7037,3412.0,0.0,1,Aggressive
0.0,0.0,0.0,0,1,100.0,0,0,1,29,0,1,1,39.98,1413,0.0,98,94,1500,0,0.0,0,0.0,0,0,1186.0,5,0,0.6186,1186.0,0.0,2,Aggressive
0.0,0.0,0.0,0,0,0.0,0,0,0,3,0,0,0,0.0,1609,0.0,19,1,1500,0,0.0,0,0.0,0,0,0.0,5,0,0.0,0.0,0.0,0,Survivalist
0.0,0.0,0.0,0,0,0.0,0,0,0,53,0,0,0,0.0,1372,0.0,46,44,1482,0,0.0,0,0.0,0,0,2150.0,4,0,0.6889,2150.0,0.0,0,Survivalist
0.0,0.0,0.0,0,0,0.0,0,0,0,49,0,0,0,0.0,1375,0.0,50,48,1497,0,0.0,0,0.0,0,0,2186.0,8,0,0.7143,2186.0,0.0,0,Survivalist
0.0,0.0,0.0,0,2,82.4,0,0,0,28,1114,1,1,13.85,1311,0.0,48,45,0,0,0.0,0,0.0,0,0,1898.0,3,1486,0.766,1898.0,0.0,2,Aggressive
0.0,0.0,0.0,0,0,31.59,0,0,0,45,0,0,0,0.0,1450,0.0,49,48,1498,0,0.0,0,21.41,0,0,1727.0,5,0,0.9167,1748.41,0.0,0,Survivalist
0.0,0.0,0.0,0,1,0.0,0,0,7,64,1048,0,0,0.0,1883,0.0,47,43,0,0,1040.0,0,227.1,0,0,1491.0,2,1513,0.3696,2758.1,0.0,8,Survivalist
0.0,0.0,0.0,0,2,151.8,2,0,6,14,0,2,1,35.06,1820,0.0,23,21,1500,1,3029.0,0,0.0,0,0,1913.0,3,0,0.4545,4942.0,0.0,8,Aggressive
0.0,0.0,0.0,1,6,683.9,0,3,6,3,0,6,1,75.16,1864,0.0,92,92,1516,0,0.0,0,0.0,0,0,3016.0,7,0,0.9011,3016.0,0.5,12,Aggressive
0.0,0.0,0.0,0,0,0.0,0,0,0,78,0,0,0,0.0,1393,0.0,50,48,1515,0,0.0,0,0.0,0,0,87.71,1,0,0.1837,87.71,0.0,0,Survivalist
0.0,0.0,0.0,0,2,100.0,1,0,0,59,0,0,0,0.0,1984,0.0,30,30,1501,0,5679.0,0,0.0,0,0,2286.0,8,0,0.5517,7965.0,0.0,2,Survivalist
0.0,0.0,0.0,0,0,0.0,0,0,0,88,0,0,0,0.0,1910,0.0,49,49,1533,0,0.0,0,0.0,0,0,75.05,2,0,0.125,75.05,0.0,0,Survivalist
0.0,0.0,0.0,0,3,140.2,1,0,1,42,0,0,0,0.0,1902,0.0,44,43,1500,2,3264.0,0,0.0,1,0,3177.0,3,0,0.8372,6441.0,0.0,4,Survivalist
0.0,0.0,0.0,0,0,0.0,0,0,0,48,0,0,0,0.0,1254,0.0,32,29,1614,0,0.0,0,0.0,0,0,182.3,3,0,0.7419,182.3,0.0,0,Survivalist
0.0,0.0,0.0,0,0,18.59,1,1,0,34,0,1,1,10.73,1404,0.0,49,47,1510,0,0.0,0,0.0,0,0,162.2,2,0,0.0,162.2,1.0,0,Aggressive
0.0,0.0,0.0,1,2,25.8,0,0,2,56,0,0,0,0.0,1472,0.0,47,45,1505,0,0.0,0,0.0,0,0,1207.0,2,0,0.6739,1207.0,0.0,4,Survivalist
0.0,0.0,0.0,0,0,43.0,0,0,0,83,0,0,0,0.0,1381,0.0,28,26,1500,0,0.0,0,0.0,0,0,32.81,1,0,0.037,32.81,0.0,0,Survivalist
0.0,0.0,0.0,0,2,283.5,2,0,11,15,0,2,2,17.7,1933,0.0,44,40,1483,0,0.0,0,0.0,0,0,2673.0,5,0,0.814,2673.0,0.0,13,Aggressive
0.0,0.0,0.0,0,3,66.6,0,0,0,39,1087,0,0,0.0,1857,0.0,41,39,0,0,7054.0,0,0.0,0,0,1932.0,10,1513,0.85,8986.0,0.0,3,Survivalist
0.0,0.0,0.0,0,0,0.0,0,0,0,85,0,0,0,0.0,1408,0.0,30,29,1381,0,0.0,0,0.0,0,0,115.2,2,0,0.1034,115.2,0.0,0,Survivalist
0.0,0.0,0.0,4,2,208.0,1,0,0,40,1221,1,1,9.347,1855,0.0,27,27,0,0,0.0,0,0.0,0,0,298.4,4,1391,0.1923,298.4,0.0,2,Aggressive
0.0,0.0,0.0,0,0,64.31,0,0,0,80,1472,0,0,0.0,1350,0.0,98,97,0,0,0.0,0,0.0,0,0,33.65,1,1574,0.2165,33.65,0.0,0,Survivalist
0.0,0.0,0.0,0,4,867.7,6,2,1,1,0,7,2,131.1,1898,0.0,44,44,1498,1,4974.0,0,0.0,0,0,3543.0,9,0,0.907,8517.0,0.2857142857142857,5,Aggressive
0.0,0.0,0.0,0,0,0.0,0,0,0,87,1000,0,0,0.0,1336,0.0,30,26,0,0,0.0,0,0.0,0,0,18.69,1,1500,0.0345,18.69,0.0,0,Survivalist
0.0,0.0,0.0,0,5,0.0,0,1,5,23,1250,1,1,0.0,1287,0.0,50,48,0,0,0.0,0,0.0,0,0,0.0,4,1427,0.0,0.0,1.0,10,Aggressive
0.0,0.0,0.0,0,6,539.6,3,0,5,6,0,4,2,79.12,1390,0.0,47,47,1347,0,465.4,0,3.033,0,0,2445.0,6,0,0.8696,2913.433,0.0,11,Aggressive
0.0,0.0,0.0,0,0,0.0,0,0,0,94,1000,0,0,0.0,1352,0.0,27,27,0,0,0.0,0,0.0,0,0,5.578,1,1500,0.0385,5.578,0.0,0,Survivalist
0.0,0.0,0.0,0,0,0.0,0,0,0,77,0,0,0,0.0,1737,0.0,25,25,1454,0,0.0,0,0.0,0,0,144.1,2,0,0.0417,144.1,0.0,0,Survivalist
0.0,0.0,0.0,1,0,0.0,0,0,0,79,0,0,0,0.0,1442,0.0,48,45,1514,0,0.0,0,0.0,0,0,83.15,1,0,0.1489,83.15,0.0,0,Survivalist
0.0,0.0,0.0,0,1,159.2,1,0,0,65,0,0,0,0.0,1346,0.0,28,27,1293,0,0.0,0,0.0,0,0,1210.0,5,0,0.4815,1210.0,0.0,1,Survivalist
0.0,0.0,0.0,0,0,26.96,0,0,0,59,0,0,0,0.0,1888,0.0,27,26,1429,0,0.0,0,41.46,0,0,258.4,5,0,0.4615,299.85999999999996,0.0,0,Survivalist
0.0,0.0,0.0,1,6,492.1,0,3,3,5,1474,4,1,108.9,1455,0.0,99,99,0,0,1380.0,0,0.0,0,0,2546.0,4,1540,0.8776,3926.0,0.75,9,Aggressive
0.0,0.0,0.0,1,2,207.7,1,0,1,52,0,0,0,0.0,1376,0.0,26,26,1510,1,0.0,0,0.0,0,0,2631.0,7,0,0.72,2631.0,0.0,3,Survivalist
0.0,0.0,0.0,0,0,63.21,0,0,0,83,0,0,0,0.0,1355,0.0,29,28,1448,0,0.0,0,0.0,0,0,103.7,1,0,0.1071,103.7,0.0,0,Survivalist
0.0,0.0,0.0,0,0,0.0,0,0,0,92,0,0,0,0.0,1911,0.0,26,25,1496,0,0.0,0,0.0,0,0,365.0,1,0,0.0,365.0,0.0,0,Survivalist
0.0,0.0,0.0,0,0,443.0,4,1,0,7,1317,4,2,34.79,1910,0.0,28,28,0,0,0.0,0,0.0,0,0,455.2,5,1432,0.2963,455.2,0.25,0,Aggressive
0.0,0.0,0.0,0,0,91.91,0,0,0,97,1049,0,0,0.0,1979,0.0,28,27,0,0,0.0,0,0.0,0,0,53.61,1,1477,0.0,53.61,0.0,0,Survivalist
0.0,0.0,0.0,2,2,73.71,0,0,2,46,0,0,0,0.0,1430,0.0,27,25,1496,0,0.0,0,0.0,0,0,2521.0,6,0,0.6923,2521.0,0.0,4,Survivalist
0.0,0.0,0.0,0,0,58.91,0,0,0,74,1231,0,0,0.0,1309,0.0,96,92,0,0,0.0,0,0.0,0,0,19.31,1,1473,0.2,19.31,0.0,0,Survivalist
0.0,0.0,44751296165268.0,0,0,65.88,0,0,0,83,0,0,0,0.0,1278,0.0,26,26,1417,0,0.0,0,0.0,0,0,9.052,0,0,0.0,9.052,0.0,0,Survivalist
0.0,0.0,0.0,0,0,200.0,1,0,5,20,0,2,2,94.44,1358,0.0,49,49,1488,0,0.0,0,0.0,0,0,564.0,2,0,0.3958,564.0,0.0,5,Aggressive
0.0,0.0,0.0,0,0,117.3,0,0,1,57,0,0,0,0.0,1872,0.0,27,27,1453,0,829.5,0,0.0,0,0,2174.0,4,0,0.5769,3003.5,0.0,1,Survivalist
0.0,0.0,0.0,0,1,0.0,0,0,1,62,0,0,0,0.0,1882,0.0,29,29,1500,0,34.07,0,0.0,0,0,3094.0,5,0,0.5357,3128.07,0.0,2,Survivalist
0.0,0.0,0.0,0,0,0.0,0,0,0,64,0,0,0,0.0,1318,0.0,28,27,1388,0,0.0,0,0.0,0,0,0.0,2,0,0.0,0.0,0.0,0,Survivalist
0.0,0.0,0.0,0,0,0.0,0,0,0,45,0,0,0,0.0,1380,0.0,46,45,1494,0,0.0,0,0.0,0,0,1780.0,3,0,0.7333,1780.0,0.0,0,Survivalist
0.0,0.0,0.0,0,0,0.0,0,0,0,65,1372,0,0,0.0,1420,0.0,99,99,0,0,0.0,0,0.0,0,0,176.8,4,1551,0.0,176.8,0.0,0,Survivalist
0.0,0.0,0.0,1,7,0.0,4,1,6,4,0,5,2,112.6,1895,0.0,48,47,1527,0,4772.0,0,0.0,0,0,2548.0,6,0,0.0,7320.0,0.2,13,Aggressive
0.0,0.0,0.0,0,0,0.0,0,0,0,79,0,0,0,0.0,1449,0.0,28,27,1470,0,0.0,0,0.0,0,0,300.9,3,0,0.2593,300.9,0.0,0,Survivalist
0.0,0.0,0.0,1,0,42.0,1,0,0,66,1340,0,0,0.0,1282,0.0,30,30,0,0,0.0,0,0.0,0,0,88.5,1,1436,0.2414,88.5,0.0,0,Survivalist
0.0,0.0,0.0,0,2,100.0,0,0,0,38,0,1,1,11.09,1851,0.0,89,87,1502,0,0.0,0,0.0,0,0,619.5,3,0,0.4545,619.5,0.0,2,Aggressive
0.0,0.0,0.0,0,1,200.0,1,1,0,28,0,1,1,94.39,1392,0.0,28,28,1488,1,0.0,0,0.0,0,0,2139.0,6,0,0.7407,2139.0,1.0,1,Aggressive
0.0,0.0,0.0,0,0,0.0,0,0,0,79,0,0,0,0.0,1905,0.0,26,26,1500,0,1533.0,0,0.0,0,0,578.2,3,0,0.24,2111.2,0.0,0,Survivalist
0.0,0.0,0.0,0,4,696.5,6,2,7,3,1586,6,2,103.1,1775,0.0,26,25,0,1,0.0,0,0.0,0,0,1165.0,6,1562,0.6,1165.0,0.3333333333333333,11,Aggressive
0.0,0.0,0.0,0,1,67.04,2,1,0,30,1345,1,1,8.819,1824,0.0,31,29,0,0,1741.0,0,0.0,0,0,895.8,4,1529,0.3,2636.8,1.0,1,Aggressive
0.0,0.0,0.0,0,0,0.0,0,0,0,60,0,0,0,0.0,1431,0.0,97,94,1573,0,0.0,0,0.0,0,0,170.5,2,0,0.4479,170.5,0.0,0,Survivalist
0.0,0.0,0.0,0,2,374.4,0,1,12,11,0,2,1,65.95,1424,0.0,94,93,1488,0,0.0,0,0.0,0,0,2265.0,7,0,0.9677,2265.0,0.5,14,Aggressive
0.0,0.0,0.0,0,0,0.0,0,0,0,81,0,0,0,0.0,1408,0.0,91,88,1514,0,0.0,0,0.0,0,0,0.12,1,0,0.1,0.12,0.0,0,Survivalist
0.0,0.0,0.0,0,0,115.9,0,0,0,70,0,0,0,0.0,1895,0.0,48,47,1494,0,0.0,0,0.0,0,0,550.1,6,0,0.3191,550.1,0.0,0,Survivalist
0.0,0.0,0.0,0,0,23.27,0,0,0,74,1039,0,0,0.0,1418,0.0,32,31,0,0,0.0,0,0.0,0,0,487.7,6,1505,0.2258,487.7,0.0,0,Survivalist
0.0,0.0,0.0,1,1,1516.0,0,5,0,1,1296,14,2,244.1,1957,0.0,97,93,0,0,156.2,0,0.0,0,0,5060.0,4,1513,1.0,5216.2,0.35714285714285715,1,Aggressive
0.0,0.0,0.0,0,0,87.2,0,0,0,76,0,0,0,0.0,1404,0.0,28,27,1458,0,0.0,0,0.0,0,0,35.56,1,0,0.1481,35.56,0.0,0,Survivalist
0.0,0.0,0.0,0,5,231.2,0,0,5,14,1365,2,1,30.45,1466,0.0,95,95,0,0,0.0,0,0.0,0,0,2958.0,5,1604,0.9149,2958.0,0.0,10,Aggressive
0.0,0.0,0.0,0,4,433.2,3,0,4,22,1208,1,1,39.27,1774,0.0,28,26,0,1,3749.0,0,0.0,0,0,2474.0,6,1471,0.8889,6223.0,0.0,8,Aggressive
0.0,0.0,0.0,1,3,485.0,0,6,0,3,1411,5,1,285.9,1361,0.0,95,91,0,0,0.0,0,61.3,0,0,2730.0,9,1603,0.9574,2791.3,1.2,3,Aggressive
0.0,0.0,0.0,0,0,0.0,0,0,0,88,1210,0,0,0.0,1895,0.0,49,44,0,0,0.0,0,0.0,0,0,88.6,1,1493,0.0417,88.6,0.0,0,Survivalist
0.0,0.0,0.0,0,0,143.0,1,0,0,35,0,1,1,2.81,1436,0.0,27,26,1443,0,0.0,0,0.0,0,0,192.7,2,0,0.1923,192.7,0.0,0,Aggressive
0.0,0.0,0.0,0,0,230.1,0,1,0,22,0,2,1,26.38,1389,0.0,99,96,1646,0,0.0,0,0.0,0,0,319.5,2,0,0.398,319.5,0.5,0,Aggressive
0.0,0.0,0.0,0,2,301.2,2,0,3,12,0,2,1,8.527,1297,0.0,28,27,1384,0,0.0,0,2.147,0,0,1949.0,7,0,0.8889,1951.147,0.0,5,Aggressive
0.0,0.0,0.0,5,2,319.9,3,0,8,10,0,3,1,178.1,1401,0.0,27,25,1500,1,0.0,0,0.0,0,0,2281.0,3,0,0.8846,2281.0,0.0,10,Aggressive
0.0,0.0,0.0,2,5,717.8,3,0,0,15,0,2,1,222.9,1369,0.0,28,28,1448,0,0.0,0,0.0,0,0,3032.0,4,0,0.0,3032.0,0.0,5,Aggressive
inf,0.0,0.0,0,0,30.06,0,0,0,78,0,0,0,0.0,1863,0.0,27,27,1433,0,0.0,0,0.0,0,0,67.5,0,0,0.2308,67.5,0.0,0,Survivalist
0.0,0.0,0.0,0,0,0.0,0,0,0,70,0,0,0,0.0,1376,0.0,29,27,1361,0,0.0,0,0.0,0,0,1195.0,5,0,0.3214,1195.0,0.0,0,Survivalist
0.0,0.0,0.0,0,0,138.2,1,0,0,39,1321,1,1,9.22,1261,0.0,27,26,0,0,0.0,0,0.0,0,0,236.0,3,1519,0.1923,236.0,0.0,0,Aggressive
0.0,0.0,0.0,0,0,0.0,0,0,0,94,0,0,0,0.0,1940,0.0,28,25,1431,1,0.0,0,0.0,0,0,89.78,1,0,0.0,89.78,0.0,0,Survivalist
0.0,0.0,0.0,2,2,241.1,0,0,2,36,1028,1,1,1.524,1395,0.0,50,50,0,0,0.0,0,0.0,0,0,535.3,2,1500,0.4082,535.3,0.0,4,Aggressive
0.0,0.0,0.0,0,0,0.0,0,0,0,91,1173,0,0,0.0,1376,0.0,29,29,0,0,0.0,0,0.0,0,0,88.14,2,1440,0.0357,88.14,0.0,0,Survivalist
0.0,0.0,0.0,0,0,0.0,0,0,0,89,0,0,0,0.0,1835,0.0,49,46,1487,0,0.0,0,0.0,0,0,33.82,1,0,0.0,33.82,0.0,0,Survivalist
0.0,0.0,0.0,0,0,0.0,0,0,0,74,0,0,0,0.0,1284,0.0,47,47,1508,0,0.0,0,0.0,0,0,101.8,2,0,0.2826,101.8,0.0,0,Survivalist
0.0,0.0,0.0,0,1,41.71,0,0,0,62,1263,0,0,0.0,1300,0.0,33,32,0,0,0.0,0,0.0,0,0,249.5,3,1495,0.4688,249.5,0.0,1,Survivalist
0.0,0.0,0.0,0,0,216.4,0,0,1,56,0,0,0,0.0,1974,0.0,96,95,1586,0,4418.0,0,0.0,0,0,978.5,9,0,0.6421,5396.5,0.0,1,Survivalist
0.0,0.0,0.0,1,5,343.8,1,1,2,7,1102,2,1,118.4,1789,0.0,46,45,0,0,2403.0,0,0.0,0,0,3364.0,5,1507,0.9778,5767.0,0.5,7,Aggressive
0.0,0.0,0.0,0,2,330.2,4,1,1,16,0,2,2,72.94,1353,0.0,26,25,1421,1,0.0,0,0.0,0,0,1510.0,3,0,0.52,1510.0,0.5,3,Aggressive
0.0,0.0,0.0,2,1,0.0,3,0,2,10,0,3,1,27.83,1387,0.0,28,28,1433,0,310.3,0,0.0,0,0,2070.0,2,0,0.0,2380.3,0.0,3,Aggressive
0.0,0.0,0.0,0,5,0.0,0,3,7,20,1428,2,1,11.53,1802,0.0,97,95,0,0,9100.0,0,0.0,1,0,1084.0,9,1588,0.0,10184.0,1.5,12,Aggressive
0.0,0.0,0.0,0,0,0.0,0,0,0,76,0,0,0,0.0,1878,0.0,25,22,1459,0,0.0,0,0.0,0,0,20.79,0,0,0.125,20.79,0.0,0,Survivalist
0.0,0.0,0.0,0,4,301.0,0,0,0,7,1594,3,1,84.96,1292,0.0,97,96,0,0,0.0,0,0.0,0,0,3043.0,6,1550,0.9062,3043.0,0.0,4,Aggressive
0.0,0.0,0.0,0,4,248.8,1,0,2,42,0,0,0,0.0,1297,0.0,48,46,1479,1,0.0,0,0.0,0,0,1935.0,4,0,0.8085,1935.0,0.0,6,Survivalist
0.0,0.0,0.0,1,0,98.49,0,0,0,69,0,0,0,0.0,1876,0.0,28,26,1434,0,1281.0,0,0.0,0,0,238.8,4,0,0.1852,1519.8,0.0,0,Survivalist
0.0,0.0,0.0,0,3,0.0,0,0,6,28,0,1,1,30.25,1906,0.0,48,46,1522,0,7805.0,0,0.0,1,0,3368.0,5,0,0.0,11173.0,0.0,9,Aggressive
0.0,0.0,0.0,0,0,73.98,0,0,0,54,0,0,0,0.0,1383,0.0,49,48,1444,0,354.6,0,0.0,0,0,1718.0,3,0,0.6042,2072.6,0.0,0,Survivalist
0.0,0.0,0.0,0,0,0.0,0,0,0,57,1355,0,0,0.0,1354,0.0,98,95,0,0,0.0,0,0.0,0,0,0.0,0,1498,0.6289,0.0,0.0,0,Survivalist
0.0,0.0,0.0,0,0,0.0,0,0,0,91,1153,0,0,0.0,1921,0.0,49,47,0,0,0.0,0,0.0,0,0,114.7,0,1479,0.0417,114.7,0.0,0,Survivalist
0.0,0.0,0.0,0,0,0.0,0,0,0,72,0,0,0,0.0,1319,0.0,48,48,1518,0,0.0,0,0.0,0,0,94.48,3,0,0.2553,94.48,0.0,0,Survivalist
0.0,0.0,0.0,0,8,1111.0,6,1,5,2,0,8,2,345.8,1910,0.0,26,25,1516,0,2253.0,0,0.0,0,0,2933.0,7,0,0.92,5186.0,0.125,13,Aggressive
0.0,0.0,0.0,1,1,657.9,4,4,1,7,1843,3,1,41.99,1274,0.0,32,31,0,2,0.0,0,0.0,0,0,2160.0,7,1721,0.871,2160.0,1.3333333333333333,2,Aggressive
0.0,0.0,0.0,0,0,69.09,0,0,0,72,1231,0,0,0.0,1385,0.0,28,28,0,0,0.0,0,0.0,0,0,492.4,3,1391,0.3704,492.4,0.0,0,Survivalist
0.0,0.0,0.0,0,5,130.0,1,1,1,10,0,2,2,13.58,1360,0.0,48,45,1616,0,1564.0,0,80.91,0,0,2221.0,6,0,0.9574,3865.91,0.5,6,Aggressive
0.0,0.0,0.0,0,0,0.0,0,0,0,92,1338,0,0,0.0,1770,0.0,29,29,0,0,0.0,0,0.0,0,0,15.91,1,1461,0.0357,15.91,0.0,0,Survivalist
0.0,0.0,0.0,0,0,0.0,0,0,3,67,0,0,0,0.0,1408,0.0,29,29,1459,1,0.0,0,0.0,0,0,1373.0,3,0,0.0,1373.0,0.0,3,Survivalist
0.0,0.0,0.0,0,3,152.4,1,0,7,54,0,0,0,0.0,1950,0.0,16,16,1500,0,4063.0,0,0.0,0,0,1843.0,2,0,0.2,5906.0,0.0,10,Survivalist
0.0,0.0,0.0,0,0,199.3,1,0,0,81,0,0,0,0.0,1397,0.0,49,47,1488,0,0.0,0,0.0,0,0,330.0,2,0,0.1667,330.0,0.0,0,Survivalist
0.0,0.0,0.0,1,7,742.4,3,0,14,12,0,2,1,160.6,1888,0.0,29,29,1396,1,4545.0,0,0.0,0,1,1924.0,4,0,1.0,6469.0,0.0,21,Aggressive
0.0,0.0,0.0,0,0,182.3,1,0,1,77,0,0,0,0.0,1777,0.0,29,29,1477,0,0.0,0,0.0,0,0,103.7,1,0,0.1786,103.7,0.0,1,Survivalist
0.0,0.0,0.0,0,0,783.2,2,4,1,4,1044,6,2,122.4,1242,0.0,25,24,0,0,0.0,0,0.0,0,0,3580.0,4,1507,0.9583,3580.0,0.6666666666666666,1,Aggressive
0.0,0.0,0.0,0,1,254.4,0,0,2,10,0,3,1,75.91,1347,0.0,92,88,1494,0,0.0,0,0.0,0,0,1801.0,4,0,0.7363,1801.0,0.0,3,Aggressive
0.0,0.0,0.0,0,1,0.0,0,0,0,72,0,0,0,0.0,1872,0.0,29,28,1536,0,0.0,0,0.0,0,0,188.8,1,0,0.25,188.8,0.0,1,Survivalist
0.0,0.0,0.0,0,2,403.9,3,2,3,13,1423,2,1,14.65,2115,0.0,47,46,0,0,1792.0,0,0.0,0,0,4194.0,6,1606,0.8043,5986.0,1.0,5,Aggressive
0.0,0.0,0.0,0,0,100.0,1,1,0,31,1367,1,1,6.458,1448,0.0,29,26,0,0,0.0,0,0.0,0,0,1465.0,3,1442,0.5357,1465.0,1.0,0,Aggressive
0.0,0.0,0.0,0,3,115.3,0,1,0,32,0,1,1,129.2,1890,0.0,47,45,1446,0,2261.0,0,0.0,0,0,1364.0,5,0,0.4783,3625.0,1.0,3,Aggressive
0.0,0.0,0.0,0,0,0.0,0,0,0,82,0,0,0,0.0,1332,0.0,27,26,1345,0,0.0,0,0.0,0,0,70.55,1,0,0.0769,70.55,0.0,0,Survivalist
0.0,0.0,0.0,0,0,0.0,0,0,1,34,0,0,0,0.0,1359,0.0,27,23,1433,1,0.0,0,0.0,0,0,2609.0,7,0,0.8462,2609.0,0.0,1,Survivalist
0.0,0.0,0.0,0,0,38.95,0,0,0,78,0,0,0,0.0,1481,0.0,96,93,1476,0,0.0,0,0.0,0,0,47.87,2,0,0.1895,47.87,0.0,0,Survivalist
0.0,0.0,0.0,0,0,0.0,0,0,0,63,0,0,0,0.0,1810,0.0,28,26,1446,0,0.0,0,0.0,0,0,955.9,3,0,0.4444,955.9,0.0,0,Survivalist
0.0,0.0,0.0,0,2,156.2,0,0,0,39,0,1,1,13.84,1421,0.0,94,92,1503,0,0.0,0,0.0,0,0,245.2,2,0,0.3226,245.2,0.0,2,Aggressive
0.0,0.0,0.0,0,1,218.6,1,0,1,30,0,1,1,11.05,1351,0.0,47,46,1560,0,0.0,0,0.0,0,0,1528.0,8,0,0.6522,1528.0,0.0,2,Aggressive
0.0,0.0,0.0,0,0,88.46,1,0,0,33,1017,1,1,0.7388,1941,0.0,27,27,0,0,1314.0,0,0.0,0,0,931.0,6,1503,0.3077,2245.0,0.0,0,Aggressive
0.0,0.0,0.0,0,1,34.43,0,0,0,56,1271,0,0,0.0,1895,0.0,97,95,0,0,2991.0,0,0.0,0,0,803.2,7,1627,0.6042,3794.2,0.0,1,Survivalist
0.0,0.0,0.0,0,3,49.02,0,0,0,48,1477,0,0,0.0,1367,0.0,26,25,0,0,0.0,0,199.7,0,0,2613.0,8,1548,0.68,2812.7,0.0,3,Survivalist
0.0,0.0,0.0,0,0,0.0,0,0,0,53,0,0,0,0.0,1377,0.0,49,46,1486,0,0.0,0,0.0,0,0,877.7,1,0,0.6042,877.7,0.0,0,Survivalist
0.0,0.0,0.0,0,2,200.0,0,1,1,20,0,2,1,19.83,1361,0.0,95,94,1798,0,0.0,0,0.0,0,0,593.8,6,0,0.5745,593.8,0.5,3,Aggressive
0.0,0.0,0.0,0,0,0.0,0,0,0,55,1177,0,0,0.0,1367,0.0,28,27,0,0,0.0,0,0.0,0,0,932.4,4,1506,0.0,932.4,0.0,0,Survivalist
0.0,0.0,0.0,1,0,136.0,1,0,0,71,0,0,0,0.0,921,0.0,51,47,1500,0,0.0,0,0.0,0,0,455.8,1,0,0.22,455.8,0.0,0,Survivalist
0.0,0.0,0.0,0,0,0.0,0,0,0,79,0,0,0,0.0,1347,0.0,28,27,1409,0,136.0,0,0.0,0,0,193.1,4,0,0.1481,329.1,0.0,0,Survivalist
0.0,0.0,0.0,0,0,0.0,0,0,0,96,0,0,0,0.0,1693,0.0,28,27,1484,0,0.0,0,0.0,0,0,0.0,3,0,0.0,0.0,0.0,0,Survivalist
0.0,0.0,0.0,0,2,100.0,1,1,2,28,1074,1,1,20.48,1443,0.0,28,27,0,1,0.0,0,5.08,0,0,2862.0,3,1410,0.8148,2867.08,1.0,4,Aggressive
0.0,0.0,0.0,0,3,0.0,0,0,0,39,0,0,0,0.0,1950,0.0,16,16,1500,1,7697.0,0,0.0,0,0,2663.0,8,0,0.6667,10360.0,0.0,3,Survivalist
0.0,0.0,0.0,1,2,0.0,1,2,2,33,1000,1,1,24.27,1412,0.0,30,30,0,0,372.8,0,0.0,0,0,0.0,3,1500,0.0,372.8,2.0,4,Aggressive
0.0,0.0,0.0,1,3,239.1,2,0,2,47,0,0,0,0.0,1963,0.0,48,42,1490,1,5284.0,0,0.0,0,0,2967.0,3,0,0.8298,8251.0,0.0,5,Survivalist
0.0,0.0,0.0,0,0,0.0,0,0,0,94,1403,0,0,0.0,1370,0.0,49,49,0,0,0.0,0,0.0,0,0,63.95,2,1478,0.0208,63.95,0.0,0,Survivalist
0.0,0.0,0.0,0,3,0.0,0,0,2,47,0,0,0,0.0,1885,0.0,46,44,1510,1,3457.0,0,0.0,0,0,2600.0,9,0,0.8222,6057.0,0.0,5,Survivalist
0.0,0.0,0.0,1,6,294.8,0,0,3,24,0,1,1,105.9,2002,0.0,49,48,1524,0,4834.0,0,0.0,0,0,2647.0,7,0,0.9583,7481.0,0.0,9,Aggressive
0.0,0.0,0.0,1,0,69.09,0,0,0,71,0,0,0,0.0,1566,0.0,47,45,1617,0,0.0,0,0.0,0,0,341.0,2,0,0.2609,341.0,0.0,0,Survivalist
0.0,0.0,0.0,0,0,0.0,0,0,0,70,1377,0,0,0.0,1433,0.0,97,94,0,0,0.0,0,0.0,0,0,165.2,2,1543,0.3229,165.2,0.0,0,Survivalist
0.0,0.0,0.0,0,2,689.4,4,0,2,3,1489,6,2,159.0,1373,0.0,26,25,0,0,0.0,0,0.5377,0,0,3488.0,6,1532,1.0,3488.5377,0.0,4,Aggressive
0.0,0.0,0.0,0,0,162.4,1,0,0,43,0,1,1,2.252,1791,0.0,50,46,1482,0,0.0,0,0.0,0,0,21.58,1,0,0.0,21.58,0.0,0,Aggressive
0.0,0.0,0.0,0,0,55.65,0,0,0,78,1250,0,0,0.0,1745,0.0,27,26,0,0,0.0,0,0.0,0,0,245.4,4,1471,0.0769,245.4,0.0,0,Survivalist
0.0,0.0,0.0,0,0,276.8,0,0,10,29,1406,1,1,14.28,1821,0.0,91,87,0,0,0.0,0,0.0,0,0,450.1,2,1634,0.5556,450.1,0.0,10,Aggressive
0.0,0.0,0.0,0,1,81.13,0,1,0,30,1073,1,1,21.18,1354,0.0,98,97,0,0,2294.0,0,0.0,0,0,1020.0,3,1486,0.7216,3314.0,1.0,1,Aggressive
0.0,0.0,0.0,0,0,0.0,0,0,0,83,0,0,0,0.0,1890,0.0,27,26,1455,0,0.0,0,0.0,0,0,570.2,4,0,0.0385,570.2,0.0,0,Survivalist
0.0,0.0,0.0,0,0,91.0,1,0,0,58,0,0,0,0.0,1405,0.0,48,48,1496,0,0.0,0,0.0,0,0,823.7,3,0,0.5319,823.7,0.0,0,Survivalist
0.0,0.0,0.0,0,1,75.0,0,1,1,27,0,1,1,27.77,1292,0.0,47,45,1511,1,0.0,0,0.0,0,0,937.1,5,0,0.5652,937.1,1.0,2,Aggressive
0.0,0.0,0.0,0,0,46.55,0,0,0,84,1299,0,0,0.0,1348,0.0,26,26,0,0,0.0,0,0.0,0,0,139.0,1,1505,0.04,139.0,0.0,0,Survivalist
0.0,0.0,0.0,0,0,100.0,1,0,0,88,1444,0,0,0.0,1774,0.0,28,26,0,0,0.0,0,0.0,0,0,49.21,1,1461,0.0,49.21,0.0,0,Survivalist
0.0,0.0,0.0,0,1,91.59,0,0,1,69,1594,0,0,0.0,1276,0.0,26,26,0,0,0.0,0,0.0,0,0,159.6,3,1495,0.2,159.6,0.0,2,Survivalist
0.0,0.0,0.0,0,4,420.1,2,0,9,20,0,1,1,46.04,1931,0.0,28,28,1591,0,3321.0,0,0.0,0,0,3646.0,8,0,0.9259,6967.0,0.0,13,Aggressive
0.0,0.0,0.0,0,1,315.1,1,0,1,18,0,2,1,21.65,1723,0.0,27,25,1437,1,0.0,0,0.0,0,0,1056.0,3,0,0.5,1056.0,0.0,2,Aggressive
0.0,0.0,0.0,0,0,0.0,0,0,0,77,1105,0,0,0.0,1421,0.0,27,26,0,0,0.0,0,0.0,0,0,29.22,2,1517,0.1538,29.22,0.0,0,Survivalist
0.0,0.0,93845489901459.0,0,0,0.0,1,0,0,26,1093,1,1,50.95,1370,0.0,49,47,0,1,0.0,0,112.6,0,0,2033.0,7,1474,0.9375,2145.6,0.0,0,Aggressive
0.0,0.0,0.0,0,3,0.0,1,1,9,29,0,1,1,18.07,1374,0.0,28,28,1500,0,0.0,0,0.0,1,0,3715.0,4,0,0.0,3715.0,1.0,12,Aggressive
0.0,0.0,0.0,0,0,156.3,0,0,0,58,0,0,0,0.0,1809,0.0,24,23,1451,0,377.0,0,0.0,0,0,1766.0,6,0,0.5217,2143.0,0.0,0,Survivalist
0.0,0.0,0.0,0,0,0.0,0,0,0,89,1320,0,0,0.0,1900,0.0,28,24,0,0,0.0,0,0.0,0,0,41.03,1,1525,0.037,41.03,0.0,0,Survivalist
0.0,0.0,0.0,0,0,67.68,0,0,4,70,0,0,0,0.0,1833,0.0,29,28,1423,0,0.0,0,0.0,0,0,822.1,7,0,0.3571,822.1,0.0,4,Survivalist
0.0,0.0,0.0,0,2,220.9,2,0,1,55,1722,0,0,0.0,1345,0.0,35,34,0,2,0.0,0,0.0,0,0,1733.0,5,1571,0.7353,1733.0,0.0,3,Survivalist
0.0,0.0,0.0,0,2,368.0,0,2,2,6,0,4,1,203.4,1787,0.0,95,92,1500,0,1324.0,0,0.0,0,0,2903.0,7,0,0.9787,4227.0,0.5,4,Aggressive
0.0,0.0,0.0,0,0,100.0,0,0,0,34,0,1,1,3.916,1852,0.0,96,90,1517,0,0.0,0,0.0,0,0,815.9,3,0,0.4316,815.9,0.0,0,Aggressive
0.0,0.0,0.0,1,0,43.7,0,0,0,86,1226,0,0,0.0,1296,0.0,28,27,0,0,0.0,0,0.0,0,0,80.76,1,1473,0.0741,80.76,0.0,0,Survivalist
0.0,0.0,0.0,0,0,64.83,2,0,0,62,0,0,0,0.0,1321,0.0,30,30,1500,1,2049.0,0,0.0,0,0,806.3,0,0,0.4828,2855.3,0.0,0,Survivalist
0.0,0.0,0.0,2,1,202.3,1,0,1,24,0,1,1,39.08,1377,0.0,26,25,1601,0,0.0,0,0.0,0,0,534.3,3,0,0.84,534.3,0.0,2,Aggressive
0.0,0.0,0.0,0,2,401.0,3,1,3,6,0,4,1,52.8,1310,0.0,29,28,1433,0,0.0,0,0.0,0,0,2269.0,2,0,0.8214,2269.0,0.25,5,Aggressive
0.0,0.0,0.0,0,0,54.18,0,0,0,90,1473,0,0,0.0,1343,0.0,29,28,0,0,0.0,0,0.0,0,0,211.6,5,1478,0.0357,211.6,0.0,0,Survivalist
0.0,0.0,0.0,1,1,0.0,2,0,3,7,0,3,2,168.6,2141,0.0,13,13,1500,0,1705.0,0,0.0,0,0,0.0,8,0,0.0,1705.0,0.0,4,Aggressive
0.0,0.0,0.0,0,0,0.0,0,0,0,87,0,0,0,0.0,1337,0.0,48,47,1484,0,0.0,0,0.0,0,0,31.21,2,0,0.1064,31.21,0.0,0,Survivalist
0.0,0.0,0.0,0,1,280.1,1,0,11,30,0,1,1,11.08,1425,0.0,27,27,1500,2,1131.0,0,0.0,0,0,3003.0,6,0,0.8462,4134.0,0.0,12,Aggressive
0.0,0.0,0.0,0,7,404.2,2,0,9,11,0,2,1,147.1,1858,0.0,47,46,1506,0,0.0,0,0.0,0,0,4914.0,5,0,0.0,4914.0,0.0,16,Aggressive
0.0,0.0,0.0,0,0,100.0,0,0,0,30,0,1,1,10.19,1326,0.0,95,94,1620,0,0.0,0,0.0,0,0,322.8,5,0,0.4787,322.8,0.0,0,Aggressive
0.0,0.0,0.0,0,0,0.0,0,0,0,88,0,0,0,0.0,1410,0.0,48,47,1432,0,0.0,0,0.0,0,0,55.41,0,0,0.0851,55.41,0.0,0,Survivalist
0.0,0.0,0.0,0,1,100.0,1,0,0,42,0,1,1,17.38,1352,0.0,27,26,1372,0,0.0,0,0.0,0,0,135.2,3,0,0.1923,135.2,0.0,1,Aggressive
0.0,0.0,0.0,0,0,63.52,0,0,0,68,1128,0,0,0.0,1412,0.0,96,94,0,0,0.0,0,0.0,0,0,311.1,2,1515,0.3263,311.1,0.0,0,Survivalist
0.0,0.0,0.0,0,0,0.0,0,0,0,79,0,0,0,0.0,1979,0.0,29,29,1490,0,0.0,0,0.0,0,0,0.0,4,0,0.0,0.0,0.0,0,Survivalist
0.0,0.0,0.0,0,1,39.6,1,1,10,21,1094,1,1,25.13,1971,0.0,47,44,0,1,6597.0,0,0.0,0,0,1637.0,5,1540,0.8913,8234.0,1.0,11,Aggressive
0.0,0.0,0.0,0,2,504.4,5,2,5,4,1325,4,2,76.38,1192,0.0,27,25,0,0,0.0,0,0.0,0,0,956.2,6,1481,0.5385,956.2,0.5,7,Aggressive
0.0,0.0,0.0,0,0,17.28,0,0,0,83,0,0,0,0.0,1987,0.0,97,93,1511,0,0.0,0,0.0,0,0,147.2,1,0,0.1562,147.2,0.0,0,Survivalist
0.0,0.0,0.0,0,0,117.2,1,1,0,44,0,1,1,38.75,1358,0.0,26,26,1497,0,0.0,0,0.0,0,0,108.7,2,0,0.08,108.7,1.0,0,Aggressive
0.0,0.0,0.0,1,4,412.4,3,1,2,5,0,4,1,53.39,1361,0.0,28,28,1517,0,0.0,0,39.65,0,0,2859.0,4,0,0.7778,2898.65,0.25,6,Aggressive
0.0,0.0,0.0,0,1,19.71,1,0,1,30,0,1,1,11.28,2161,0.0,32,31,1135,0,0.0,0,0.0,0,0,523.5,1,0,0.2903,523.5,0.0,2,Aggressive
0.0,0.0,0.0,0,0,0.0,0,0,0,84,1344,0,0,0.0,1323,0.0,27,27,0,0,0.0,0,0.0,0,0,105.1,2,1521,0.1154,105.1,0.0,0,Survivalist
0.0,0.0,0.0,0,0,0.0,0,0,0,85,0,0,0,0.0,1802,0.0,27,27,1502,0,0.0,0,0.0,0,0,75.06,2,0,0.0385,75.06,0.0,0,Survivalist
0.0,0.0,0.0,0,0,0.0,0,0,0,55,1099,0,0,0.0,1385,0.0,75,73,0,0,0.0,0,0.0,0,0,275.8,3,1466,0.2838,275.8,0.0,0,Survivalist
0.0,0.0,0.0,0,1,25.14,0,0,4,48,1242,0,0,0.0,1424,0.0,29,29,0,1,0.0,0,22.04,0,0,2102.0,7,1491,0.8214,2124.04,0.0,5,Survivalist
0.0,0.0,0.0,0,2,0.0,0,0,1,57,1008,0,0,0.0,2185,0.0,45,42,0,0,840.3,0,0.0,0,0,779.4,6,1490,0.4773,1619.6999999999998,0.0,3,Survivalist
0.0,0.0,0.0,0,0,20.4,0,0,0,75,1320,0,0,0.0,1451,0.0,30,29,0,0,0.0,0,0.0,0,0,913.4,3,1497,0.2759,913.4,0.0,0,Survivalist
0.0,0.0,0.0,1,4,315.2,2,1,3,19,0,1,1,77.81,1464,0.0,48,47,1499,1,0.0,0,0.0,0,0,2771.0,6,0,0.9149,2771.0,1.0,7,Aggressive
0.0,0.0,0.0,3,5,537.5,2,2,8,11,0,2,1,166.7,1894,0.0,28,26,1499,1,5461.0,0,0.0,0,0,1723.0,6,0,0.963,7184.0,1.0,13,Aggressive
0.0,0.0,0.0,1,0,0.0,0,0,0,86,1264,0,0,0.0,1498,0.0,48,48,0,0,0.0,0,0.0,0,0,176.4,1,1539,0.1064,176.4,0.0,0,Survivalist
0.0,0.0,0.0,0,0,100.0,0,0,0,29,0,1,1,2.635,1384,0.0,90,85,1500,0,0.0,0,0.0,0,0,770.4,4,0,0.5169,770.4,0.0,0,Aggressive
0.0,0.0,0.0,0,0,94.75,0,0,0,71,0,0,0,0.0,1338,0.0,28,28,1426,0,0.0,0,0.0,0,0,34.54,1,0,0.2222,34.54,0.0,0,Survivalist
0.0,0.0,0.0,0,3,504.5,3,1,0,8,1033,4,2,33.79,1390,0.0,26,24,0,0,0.0,0,40.69,0,0,3294.0,6,1481,0.84,3334.69,0.25,3,Aggressive
0.0,0.0,0.0,0,1,100.0,0,1,0,31,0,1,1,59.09,1283,0.0,95,94,1497,0,1791.0,0,0.0,0,0,912.3,4,0,0.7234,2703.3,1.0,1,Aggressive
0.0,0.0,0.0,0,1,175.0,1,2,1,22,1647,2,1,84.68,1384,0.0,28,28,0,0,0.0,0,0.0,0,0,224.3,5,1592,0.4444,224.3,1.0,2,Aggressive
0.0,0.0,0.0,0,0,0.0,0,0,0,72,1045,0,0,0.0,1935,0.0,26,23,0,0,0.0,0,0.0,0,0,274.3,1,1502,0.08,274.3,0.0,0,Survivalist
0.0,0.0,0.0,0,2,310.2,0,1,1,23,0,2,1,12.7,1442,0.0,97,96,1500,0,0.0,0,0.0,0,0,254.7,3,0,0.4896,254.7,0.5,3,Aggressive
0.0,0.0,0.0,0,1,0.0,0,0,6,48,1000,0,0,0.0,1311,0.0,28,26,0,0,0.0,0,0.0,0,0,686.7,3,1500,0.5556,686.7,0.0,7,Survivalist
0.0,0.0,0.0,0,0,66.95,0,0,0,77,0,0,0,0.0,1348,0.0,29,29,1500,0,0.0,0,0.0,0,0,297.1,3,0,0.2857,297.1,0.0,0,Survivalist
0.0,0.0,0.0,0,0,100.0,0,0,1,32,1198,1,1,40.49,1366,0.0,96,96,0,0,0.0,0,0.0,0,0,678.0,8,1508,0.5895,678.0,0.0,1,Aggressive
0.0,0.0,0.0,0,0,95.55,0,0,0,69,0,0,0,0.0,1365,0.0,50,49,1528,0,0.0,0,0.0,0,0,20.43,1,0,0.3673,20.43,0.0,0,Survivalist
0.0,0.0,0.0,0,1,148.3,1,2,1,30,1219,1,1,6.885,1237,0.0,27,26,0,1,0.0,0,0.0,0,0,548.1,4,1495,0.5385,548.1,2.0,2,Aggressive
0.0,0.0,0.0,1,2,0.0,0,0,3,53,0,0,0,0.0,1893,0.0,28,28,1475,0,4876.0,0,0.0,0,0,2793.0,11,0,0.8148,7669.0,0.0,5,Survivalist
0.0,0.0,0.0,0,0,106.7,2,0,0,38,1512,1,1,6.608,1324,0.0,27,26,0,0,0.0,0,0.0,0,0,89.86,2,1423,0.0385,89.86,0.0,0,Aggressive
0.0,0.0,0.0,0,2,0.0,5,2,1,2,1413,6,2,30.57,1375,0.0,32,31,0,0,0.0,0,124.4,0,0,0.0,7,1447,0.0,124.4,0.3333333333333333,3,Aggressive
0.0,0.0,0.0,0,0,0.0,0,0,0,81,0,0,0,0.0,1362,0.0,26,26,1444,0,0.0,0,0.0,0,0,82.81,1,0,0.12,82.81,0.0,0,Survivalist
0.0,0.0,0.0,2,2,409.7,1,1,4,8,1348,3,1,84.61,1343,0.0,47,44,0,1,1317.0,0,0.0,0,0,1862.0,5,1565,0.8696,3179.0,0.3333333333333333,6,Aggressive
0.0,0.0,0.0,0,0,9.688,0,0,0,87,1481,0,0,0.0,1359,0.0,28,27,0,0,0.0,0,0.0,0,0,66.28,3,1515,0.037,66.28,0.0,0,Survivalist
0.0,0.0,0.0,1,1,129.9,0,0,2,20,0,1,1,19.21,1375,0.0,28,28,1400,0,0.0,0,0.0,0,0,2729.0,6,0,1.0,2729.0,0.0,3,Aggressive
0.0,0.0,0.0,1,6,303.8,1,0,8,28,1386,1,1,62.64,2045,0.0,28,27,0,0,8724.0,0,0.0,0,0,2835.0,5,1506,0.8519,11559.0,0.0,14,Aggressive
0.0,0.0,0.0,0,0,0.0,0,0,1,56,0,0,0,0.0,1881,0.0,48,46,1512,1,2939.0,0,96.36,0,0,1040.0,5,0,0.5319,4075.36,0.0,1,Survivalist
0.0,0.0,0.0,0,0,0.0,0,0,0,73,0,0,0,0.0,1363,0.0,97,94,1554,0,0.0,0,0.0,0,0,47.1,2,0,0.2812,47.1,0.0,0,Survivalist
0.0,0.0,0.0,0,0,100.0,0,0,0,35,1131,1,1,7.55,1445,0.0,98,97,0,0,0.0,0,0.0,0,0,948.5,1,1542,0.4433,948.5,0.0,0,Aggressive
0.0,0.0,0.0,0,4,204.0,0,0,1,23,0,2,1,1.95,1354,0.0,93,92,1501,0,0.0,0,0.0,0,0,2347.0,4,0,0.6957,2347.0,0.0,5,Aggressive
0.0,0.0,0.0,0,2,62.49,0,0,1,61,0,0,0,0.0,1359,0.0,28,28,1506,0,0.0,0,0.0,0,0,1456.0,3,0,0.4815,1456.0,0.0,3,Survivalist
0.0,0.0,0.0,0,0,33.11,0,0,0,83,0,0,0,0.0,1334,0.0,26,25,1500,0,0.0,0,0.0,0,0,43.05,3,0,0.0,43.05,0.0,0,Survivalist
0.0,0.0,0.0,0,0,71.95,0,0,1,51,0,0,0,0.0,1828,0.0,96,95,1568,0,0.0,0,0.0,0,0,1730.0,5,0,0.7053,1730.0,0.0,1,Survivalist
0.0,0.0,0.0,0,2,153.2,1,0,2,8,0,3,1,160.7,1911,0.0,29,27,1382,0,380.8,0,0.0,0,0,3377.0,8,0,1.0,3757.8,0.0,4,Aggressive
0.0,0.0,0.0,0,2,57.49,0,0,6,51,0,0,0,0.0,1886,0.0,49,45,1500,1,4350.0,0,0.0,0,0,2460.0,5,0,0.9583,6810.0,0.0,8,Survivalist
0.0,0.0,0.0,0,1,0.0,1,0,5,36,0,1,1,1.864,1385,0.0,49,49,1490,0,0.0,0,0.0,0,0,472.8,4,0,0.0,472.8,0.0,6,Aggressive
0.0,0.0,0.0,1,5,23.22,0,0,1,44,0,0,0,0.0,1378,0.0,29,29,1531,0,205.7,0,50.17,0,0,2467.0,4,0,0.75,2722.87,0.0,6,Survivalist
0.0,0.0,0.0,0,0,0.0,0,0,0,12,1443,3,1,123.7,1417,0.0,49,47,0,0,0.0,0,0.0,0,0,0.0,3,1613,0.0,0.0,0.0,0,Aggressive
0.0,0.0,0.0,0,1,0.0,0,0,1,67,0,0,0,0.0,1810,0.0,30,30,1425,0,0.0,0,0.0,0,0,1475.0,3,0,0.5172,1475.0,0.0,2,Survivalist
0.0,0.0,0.0,0,0,139.8,0,1,1,30,1268,1,1,6.268,1416,0.0,48,48,0,0,0.0,0,0.0,0,0,819.5,3,1604,0.5106,819.5,1.0,1,Aggressive
0.0,0.0,0.0,0,0,36.36,0,0,0,93,0,0,0,0.0,1819,0.0,28,28,1459,0,0.0,0,0.0,0,0,54.09,2,0,0.037,54.09,0.0,0,Survivalist
0.0,0.0,0.0,0,1,20.95,0,0,0,65,0,0,0,0.0,1379,0.0,95,94,1519,0,0.0,0,0.0,0,0,100.5,2,0,0.4255,100.5,0.0,1,Survivalist
0.0,0.0,0.0,0,0,35.49,0,0,0,42,1153,1,1,20.11,1985,0.0,98,97,0,0,0.0,0,0.0,0,0,574.2,4,1403,0.2887,574.2,0.0,0,Aggressive
0.0,0.0,0.0,0,3,0.0,0,0,1,51,0,0,0,0.0,1887,0.0,49,46,1500,0,2028.0,0,0.0,0,0,1744.0,5,0,0.6458,3772.0,0.0,4,Survivalist
0.0,0.0,0.0,0,3,0.0,0,3,1,17,0,2,1,232.7,1966,0.0,29,27,1539,0,937.0,0,0.0,0,0,0.0,5,0,0.0,937.0,1.5,4,Aggressive
0.0,0.0,0.0,0,2,357.4,0,0,0,48,0,0,0,0.0,1859,0.0,98,93,1503,0,0.0,0,45.83,0,0,3047.0,4,0,0.9381,3092.83,0.0,2,Survivalist
0.0,0.0,0.0,0,1,70.5,1,0,6,62,0,0,0,0.0,1415,0.0,49,49,1505,0,0.0,0,0.0,0,0,794.7,2,0,0.6042,794.7,0.0,7,Survivalist
0.0,0.0,0.0,0,0,0.0,0,0,0,93,0,0,0,0.0,1882,0.0,48,43,1487,0,0.0,0,0.0,0,0,0.0,1,0,0.0,0.0,0.0,0,Survivalist
0.0,0.0,0.0,0,1,279.7,1,1,3,25,1647,1,1,99.43,1403,0.0,28,25,0,0,0.0,0,0.0,0,0,1276.0,5,1577,0.8148,1276.0,1.0,4,Aggressive
0.0,0.0,0.0,2,3,96.9,2,3,4,19,0,2,1,98.49,1339,0.0,29,28,1526,0,0.0,0,0.0,0,0,2546.0,4,0,0.6786,2546.0,1.5,7,Aggressive
0.0,0.0,0.0,0,0,5.39,0,0,0,95,1334,0,0,0.0,1387,0.0,49,47,0,0,0.0,0,0.0,0,0,27.34,1,1446,0.0,27.34,0.0,0,Survivalist
0.0,0.0,0.0,0,2,0.0,3,0,2,26,1495,1,1,37.08,1788,0.0,29,28,0,0,3817.0,0,0.0,0,0,0.0,10,1380,0.0,3817.0,0.0,4,Aggressive
0.0,0.0,0.0,0,0,28.38,0,0,0,49,0,0,0,0.0,1367,0.0,26,26,1502,0,0.0,0,0.0,0,0,2257.0,4,0,0.84,2257.0,0.0,0,Survivalist
0.0,0.0,0.0,2,6,316.4,0,0,9,15,0,2,1,55.19,1949,0.0,48,48,1590,0,11900.0,0,0.0,0,0,2825.0,4,0,0.9787,14725.0,0.0,15,Aggressive
0.0,0.0,0.0,2,4,589.9,1,1,2,6,0,3,2,104.0,1823,0.0,48,47,1523,3,6662.0,0,0.0,0,1,2284.0,3,0,0.9787,8946.0,0.3333333333333333,6,Aggressive
0.0,0.0,0.0,2,2,200.8,0,0,3,47,0,0,0,0.0,1873,0.0,50,49,1477,1,0.0,0,0.0,0,0,2968.0,9,0,0.8367,2968.0,0.0,5,Survivalist
0.0,0.0,0.0,2,4,480.9,2,3,0,4,1623,5,1,133.5,1511,0.0,50,47,0,0,2730.0,0,0.0,0,0,1575.0,6,1553,0.9796,4305.0,0.6,4,Aggressive
0.0,0.0,0.0,0,0,0.0,0,0,0,89,1532,0,0,0.0,1372,0.0,31,26,0,0,0.0,0,0.0,0,0,0.0,0,1603,0.0,0.0,0.0,0,Survivalist
0.0,0.0,0.0,0,0,136.0,0,0,4,83,0,0,0,0.0,1818,0.0,30,30,1443,0,0.0,0,0.0,0,0,223.9,3,0,0.1034,223.9,0.0,4,Survivalist
0.0,0.0,0.0,0,0,163.7,1,0,0,85,1646,0,0,0.0,1281,0.0,30,28,0,0,0.0,0,0.0,0,0,45.91,2,1571,0.1379,45.91,0.0,0,Survivalist
0.0,0.0,0.0,0,3,249.6,1,1,1,14,1141,2,1,47.07,1383,0.0,48,47,0,1,0.0,0,0.0,0,0,2431.0,7,1477,0.8085,2431.0,0.5,4,Aggressive
0.0,0.0,0.0,0,0,111.1,0,0,0,24,0,1,1,58.33,1352,0.0,30,30,1410,0,0.0,0,0.0,0,0,2411.0,9,0,0.8276,2411.0,0.0,0,Aggressive
0.0,0.0,0.0,3,0,419.2,3,2,0,5,1189,4,1,117.6,1371,0.0,28,27,0,2,0.0,0,0.0,0,0,3060.0,4,1504,1.0,3060.0,0.5,0,Aggressive
0.0,0.0,0.0,0,0,0.0,0,0,0,70,0,0,0,0.0,1872,0.0,27,23,1500,0,796.9,0,0.0,0,0,0.0,5,0,0.0,796.9,0.0,0,Survivalist
0.0,0.0,0.0,0,0,0.0,0,0,0,68,0,0,0,0.0,1889,0.0,28,28,1484,0,0.0,0,0.0,0,0,1303.0,2,0,0.2963,1303.0,0.0,0,Survivalist
0.0,0.0,0.0,0,0,48.75,0,0,0,65,1129,0,0,0.0,1417,0.0,47,45,0,0,0.0,0,0.0,0,0,253.6,2,1511,0.3261,253.6,0.0,0,Survivalist
0.0,0.0,0.0,1,0,130.0,0,0,0,82,1441,0,0,0.0,1332,0.0,28,28,0,0,0.0,0,0.0,0,0,134.0,2,1510,0.2222,134.0,0.0,0,Survivalist
0.0,0.0,0.0,0,0,100.0,1,0,0,75,0,0,0,0.0,1366,0.0,33,33,1496,0,0.0,0,0.0,0,0,115.5,1,0,0.1875,115.5,0.0,0,Survivalist
0.0,0.0,0.0,0,1,210.2,1,0,1,91,1013,0,0,0.0,1418,0.0,32,31,0,0,0.0,0,0.0,0,0,111.7,1,1504,0.0323,111.7,0.0,2,Survivalist
0.0,0.0,0.0,1,0,110.0,1,0,0,31,1403,1,1,3.881,1326,0.0,31,30,0,0,0.0,0,0.0,0,0,435.3,4,1577,0.3333,435.3,0.0,0,Aggressive
0.0,0.0,0.0,0,2,76.62,0,0,1,47,1185,0,0,0.0,1334,0.0,28,28,0,0,0.0,0,9.273,0,0,2967.0,4,1500,0.7778,2976.273,0.0,3,Survivalist
0.0,0.0,0.0,0,0,0.0,0,0,0,96,0,0,0,0.0,1361,0.0,29,28,1500,0,0.0,0,0.0,0,0,0.0,0,0,0.0,0.0,0.0,0,Survivalist
0.0,0.0,0.0,1,5,617.0,2,0,2,8,1439,4,2,291.8,1367,0.0,29,29,0,0,971.1,0,0.0,0,0,2634.0,4,1536,0.7857,3605.1,0.0,7,Aggressive
0.0,0.0,0.0,0,4,100.9,0,0,0,42,0,0,0,0.0,1495,0.0,47,47,1515,0,0.0,0,0.0,0,0,2441.0,6,0,0.8261,2441.0,0.0,4,Survivalist
0.0,0.0,0.0,0,6,0.0,5,0,1,2,0,7,4,34.54,1376,0.0,28,28,1606,0,561.3,0,0.0,0,0,1972.0,7,0,0.7778,2533.3,0.0,7,Aggressive
0.0,0.0,0.0,0,0,0.0,0,0,0,49,0,0,0,0.0,1296,0.0,47,45,1500,0,0.0,0,0.0,0,0,2268.0,5,0,0.6522,2268.0,0.0,0,Survivalist
0.0,0.0,0.0,0,0,190.3,1,0,0,36,1438,1,1,3.28,1397,0.0,49,48,0,0,0.0,0,0.0,0,0,200.2,1,1472,0.3958,200.2,0.0,0,Aggressive
0.0,0.0,0.0,0,0,267.7,3,0,1,26,1452,1,1,9.338,1380,0.0,27,27,0,0,0.0,0,11.27,0,0,2282.0,4,1559,0.7692,2293.27,0.0,1,Aggressive
0.0,0.0,0.0,1,2,49.5,0,0,2,46,1307,0,0,0.0,1258,0.0,48,47,0,0,0.0,0,122.5,0,0,2501.0,3,1499,0.8085,2623.5,0.0,4,Survivalist
0.0,0.0,0.0,0,0,40.8,0,0,0,53,0,0,0,0.0,1188,0.0,25,24,1481,1,0.0,0,0.0,0,0,257.1,3,0,0.5417,257.1,0.0,0,Survivalist
0.0,0.0,0.0,0,0,0.0,0,0,0,73,0,0,0,0.0,1896,0.0,45,40,1455,0,0.0,0,0.0,0,0,0.0,0,0,0.1364,0.0,0.0,0,Survivalist
0.0,0.0,0.0,0,0,54.32,0,0,0,97,0,0,0,0.0,1350,0.0,29,29,1450,0,0.0,0,0.0,0,0,20.89,1,0,0.0,20.89,0.0,0,Survivalist
0.0,0.0,0.0,0,0,42.63,0,0,0,75,1506,0,0,0.0,1457,0.0,28,28,0,0,0.0,0,0.0,0,0,270.7,5,1471,0.2963,270.7,0.0,0,Survivalist
0.0,0.0,0.0,0,0,0.0,0,0,0,90,0,0,0,0.0,1380,0.0,48,47,1517,0,0.0,0,0.0,0,0,6.488,1,0,0.0638,6.488,0.0,0,Survivalist
0.0,0.0,0.0,0,0,6.455,0,0,0,67,1163,0,0,0.0,1441,0.0,29,28,0,0,1412.0,0,0.0,0,0,546.5,3,1485,0.3214,1958.5,0.0,0,Survivalist
0.0,0.0,0.0,0,0,212.1,4,0,0,74,0,0,0,0.0,1656,0.0,29,27,1500,1,1622.0,0,0.0,0,0,676.9,6,0,0.1786,2298.9,0.0,0,Survivalist
0.0,0.0,0.0,0,0,150.4,1,0,0,75,0,0,0,0.0,1397,0.0,29,29,1709,0,0.0,0,0.0,0,0,36.78,2,0,0.2857,36.78,0.0,0,Survivalist
0.0,0.0,0.0,0,0,91.8,0,0,0,81,0,0,0,0.0,1348,0.0,48,47,1460,0,0.0,0,0.0,0,0,87.66,1,0,0.1702,87.66,0.0,0,Survivalist
0.0,0.0,0.0,1,6,0.0,1,1,5,4,0,4,2,114.5,1884,0.0,48,45,1525,0,8059.0,0,0.0,0,0,2528.0,4,0,0.0,10587.0,0.25,11,Aggressive
0.0,0.0,0.0,0,2,34.14,0,0,0,57,1000,0,0,0.0,1373,0.0,98,98,0,0,1519.0,0,0.0,0,0,478.6,5,1500,0.6392,1997.6,0.0,2,Survivalist
0.0,0.0,0.0,0,1,223.0,1,1,1,16,1864,2,1,32.41,1250,0.0,29,28,0,0,0.0,0,0.0,0,0,292.2,2,1649,0.3929,292.2,0.5,2,Aggressive
0.0,0.0,0.0,0,0,60.2,0,0,1,73,0,0,0,0.0,1309,0.0,98,95,1518,0,0.0,0,0.0,0,0,259.4,2,0,0.3093,259.4,0.0,1,Survivalist
0.0,0.0,0.0,0,0,38.07,0,0,1,68,0,0,0,0.0,1378,0.0,48,46,1806,0,0.0,0,0.0,0,0,138.9,1,0,0.3404,138.9,0.0,1,Survivalist
0.0,0.0,0.0,1,0,362.1,2,0,1,19,1126,2,1,38.28,1330,0.0,49,46,0,0,0.0,0,0.0,0,0,1133.0,2,1500,0.6458,1133.0,0.0,1,Aggressive
0.0,0.0,0.0,1,1,0.0,0,0,0,25,0,1,1,63.02,1439,0.0,43,40,1550,0,2629.0,0,0.0,0,0,670.9,3,0,0.5476,3299.9,0.0,1,Aggressive
0.0,0.0,0.0,0,2,74.79,0,0,1,58,0,0,0,0.0,1789,0.0,27,26,1475,0,981.4,0,0.0,0,0,1673.0,6,0,0.4231,2654.4,0.0,3,Survivalist
0.0,0.0,0.0,0,0,134.3,1,0,0,31,1468,1,1,30.65,1191,0.0,28,26,0,0,0.0,0,0.0,0,0,713.3,3,1533,0.4074,713.3,0.0,0,Aggressive
0.0,0.0,0.0,0,0,0.0,0,0,0,84,1019,0,0,0.0,1796,0.0,44,43,0,0,0.0,0,0.0,0,0,60.42,2,1497,0.0465,60.42,0.0,0,Survivalist
0.0,0.0,0.0,0,0,0.0,0,0,0,73,0,0,0,0.0,1848,0.0,30,30,1500,0,0.0,0,0.0,0,0,167.9,4,0,0.2069,167.9,0.0,0,Survivalist
0.0,0.0,0.0,0,0,266.2,2,1,3,30,0,1,1,30.92,1428,0.0,26,26,1433,0,0.0,0,0.0,0,0,1674.0,4,0,0.72,1674.0,1.0,3,Aggressive
0.0,0.0,0.0,0,0,63.11,0,0,0,49,0,0,0,0.0,1697,0.0,30,30,1234,0,5500.0,0,0.0,0,1,1622.0,12,0,0.7586,7122.0,0.0,0,Survivalist
0.0,0.0,0.0,0,0,100.0,1,0,0,81,1499,0,0,0.0,1280,0.0,28,28,0,0,0.0,0,0.0,0,0,106.0,2,1485,0.2593,106.0,0.0,0,Survivalist
0.0,0.0,0.0,0,0,10.13,0,0,0,58,0,0,0,0.0,1862,0.0,29,28,1463,0,0.0,0,0.0,0,0,539.3,3,0,0.25,539.3,0.0,0,Survivalist
0.0,0.0,0.0,2,5,1008.0,8,11,10,1,1751,10,2,66.72,1318,0.0,26,26,0,0,0.0,0,0.0,0,0,4186.0,4,1488,1.0,4186.0,1.1,15,Aggressive
0.0,0.0,0.0,0,0,0.0,0,0,0,80,0,0,0,0.0,1817,0.0,27,26,1465,0,0.0,0,0.0,0,0,0.0,0,0,0.2308,0.0,0.0,0,Survivalist
0.0,0.0,0.0,1,0,207.6,1,2,0,40,0,1,1,18.44,1305,0.0,28,28,1458,0,0.0,0,0.0,0,0,271.9,4,0,0.3333,271.9,2.0,0,Aggressive
0.0,0.0,0.0,0,0,0.0,0,0,0,84,0,0,0,0.0,1767,0.0,98,94,1500,0,0.0,0,0.0,0,0,63.64,2,0,0.1546,63.64,0.0,0,Survivalist
0.0,0.0,0.0,0,1,1078.0,5,3,2,1,1641,9,2,48.29,1342,0.0,27,26,0,0,0.0,0,0.0,1,0,512.5,3,1486,0.5,512.5,0.3333333333333333,3,Aggressive
0.0,0.0,0.0,0,6,775.5,0,3,4,2,1507,8,2,75.15,1438,0.0,97,95,0,0,0.0,0,0.0,0,0,1603.0,4,1456,0.7604,1603.0,0.375,10,Aggressive
0.0,0.0,0.0,1,0,0.0,0,0,1,35,1442,1,1,19.45,1400,0.0,28,28,0,0,0.0,0,0.0,0,0,0.0,4,1538,0.0,0.0,0.0,1,Aggressive
0.0,0.0,0.0,0,5,36.72,0,0,0,40,0,0,0,0.0,1385,0.0,50,49,1530,0,0.0,0,0.0,0,0,2460.0,7,0,0.898,2460.0,0.0,5,Survivalist
0.0,0.0,0.0,0,0,133.1,1,1,0,36,0,1,1,27.1,1389,0.0,48,47,1512,0,0.0,0,0.0,0,0,131.6,3,0,0.2128,131.6,1.0,0,Aggressive
0.0,0.0,0.0,0,3,343.0,2,2,4,7,0,3,2,55.33,1863,0.0,48,46,1500,0,3787.0,0,0.0,0,0,2714.0,4,0,0.9149,6501.0,0.6666666666666666,7,Aggressive
0.0,0.0,0.0,0,0,0.0,0,0,0,59,0,0,0,0.0,1882,0.0,96,94,1497,0,1890.0,0,0.0,0,0,679.0,3,0,0.5368,2569.0,0.0,0,Survivalist
0.0,0.0,0.0,0,4,0.0,0,0,4,49,0,0,0,0.0,1416,0.0,50,50,1532,0,640.3,0,0.0,0,0,1914.0,7,0,0.7755,2554.3,0.0,8,Survivalist
0.0,0.0,0.0,0,1,0.0,0,0,8,53,1296,0,0,0.0,1359,0.0,27,26,0,0,1879.0,0,0.0,0,0,1238.0,2,1613,0.6154,3117.0,0.0,9,Survivalist
0.0,0.0,0.0,0,0,0.0,0,0,0,91,1177,0,0,0.0,1345,0.0,98,94,0,0,0.0,0,0.0,0,0,4.239,0,1473,0.0412,4.239,0.0,0,Survivalist
0.0,0.0,0.0,0,1,445.7,3,1,1,6,0,4,2,179.2,1872,0.0,29,29,1612,1,1013.0,0,0.0,0,0,1875.0,3,0,0.5714,2888.0,0.25,2,Aggressive
0.0,0.0,0.0,0,0,367.0,4,1,1,10,0,4,4,23.19,1744,0.0,27,25,1434,0,0.0,0,0.0,0,0,189.4,2,0,0.1154,189.4,0.25,1,Aggressive
0.0,0.0,0.0,0,2,0.0,0,0,0,19,0,2,1,3.848,1372,0.0,96,95,1498,0,0.0,0,0.0,0,0,399.2,2,0,0.5263,399.2,0.0,2,Aggressive
0.0,0.0,0.0,1,3,23.22,0,0,9,58,0,0,0,0.0,1336,0.0,29,27,1388,0,0.0,0,0.0,0,0,401.1,9,0,0.4643,401.1,0.0,12,Survivalist
0.0,0.0,0.0,0,0,186.7,1,0,0,39,1338,1,1,11.33,1907,0.0,46,44,0,0,0.0,0,0.0,0,0,431.8,6,1415,0.1111,431.8,0.0,0,Aggressive
0.0,0.0,0.0,0,0,133.7,2,0,0,66,1257,0,0,0.0,1364,0.0,30,30,0,0,0.0,0,0.0,2,0,535.8,3,1531,0.4138,535.8,0.0,0,Survivalist
0.0,0.0,0.0,0,0,150.4,0,0,0,15,0,2,1,34.6,1397,0.0,90,88,1664,0,0.0,0,0.0,0,0,103.6,2,0,0.2809,103.6,0.0,0,Aggressive
0.0,0.0,0.0,0,0,322.7,1,1,0,17,1501,2,1,32.51,1364,0.0,50,50,0,0,0.0,0,0.0,0,0,845.6,3,1591,0.6122,845.6,0.5,0,Aggressive
0.0,0.0,0.0,0,1,49.19,0,0,1,66,0,0,0,0.0,1429,0.0,28,28,1496,1,0.0,0,0.0,0,0,399.7,5,0,0.4074,399.7,0.0,2,Survivalist
0.0,0.0,0.0,0,0,0.0,0,0,1,67,0,0,0,0.0,1839,0.0,48,47,1500,0,0.0,0,0.0,0,0,594.1,4,0,0.2979,594.1,0.0,1,Survivalist
0.0,0.0,0.0,1,0,102.4,1,0,1,72,0,0,0,0.0,1435,0.0,27,26,1472,1,0.0,0,0.0,0,0,478.6,3,0,0.2692,478.6,0.0,1,Survivalist
0.0,0.0,0.0,0,0,0.0,0,0,0,99,1670,0,0,0.0,1355,0.0,29,28,0,0,0.0,0,0.0,0,0,21.83,1,1602,0.0,21.83,0.0,0,Survivalist
0.0,0.0,0.0,0,0,0.0,0,0,0,78,0,0,0,0.0,1871,0.0,28,26,1291,0,2680.0,0,0.0,0,0,635.7,0,0,0.2222,3315.7,0.0,0,Survivalist
0.0,0.0,0.0,0,3,0.0,0,0,9,60,0,0,0,0.0,1837,0.0,26,26,1465,0,0.0,0,0.0,0,0,1392.0,7,0,0.52,1392.0,0.0,12,Survivalist
0.0,0.0,0.0,0,0,252.1,0,0,0,16,0,2,1,68.34,1964,0.0,96,88,1518,0,0.0,0,0.0,0,0,701.7,2,0,0.2947,701.7,0.0,0,Aggressive
0.0,0.0,0.0,4,2,540.2,6,3,1,3,0,6,2,182.3,1877,0.0,29,27,1537,0,2928.0,0,0.0,0,0,4022.0,8,0,1.0,6950.0,0.5,3,Aggressive
0.0,0.0,0.0,0,0,0.0,0,0,0,76,1035,0,0,0.0,1425,0.0,50,50,0,0,0.0,0,0.0,0,0,20.67,0,1539,0.2857,20.67,0.0,0,Survivalist
0.0,0.0,0.0,0,5,283.2,1,0,6,20,0,2,1,18.27,1299,0.0,31,30,1428,0,997.9,0,0.0,0,0,1957.0,6,0,0.7667,2954.9,0.0,11,Aggressive
0.0,0.0,0.0,0,2,100.0,1,0,1,31,0,1,1,21.52,1756,0.0,46,43,1524,0,2165.0,0,0.0,0,0,1649.0,8,0,0.6444,3814.0,0.0,3,Aggressive
0.0,0.0,0.0,0,0,0.0,0,0,0,88,0,0,0,0.0,1749,0.0,49,48,1499,0,0.0,0,0.0,0,0,121.3,1,0,0.0833,121.3,0.0,0,Survivalist
0.0,0.0,0.0,0,5,79.13,0,0,4,49,0,0,0,0.0,1887,0.0,50,45,1514,0,8825.0,0,0.0,0,0,2242.0,6,0,0.7551,11067.0,0.0,9,Survivalist
0.0,0.0,0.0,0,0,0.0,0,0,0,78,1404,0,0,0.0,1911,0.0,27,24,0,0,0.0,0,0.0,0,0,0.0,0,1535,0.0,0.0,0.0,0,Survivalist
0.0,0.0,0.0,0,1,252.4,2,0,0,21,0,2,2,16.01,1395,0.0,24,24,1491,0,0.0,0,0.0,0,0,194.7,2,0,0.3478,194.7,0.0,1,Aggressive
0.0,0.0,0.0,0,0,24.51,0,0,5,71,1293,0,0,0.0,1255,0.0,48,47,0,0,0.0,0,0.0,0,0,88.09,1,1470,0.2766,88.09,0.0,5,Survivalist
0.0,0.0,0.0,0,4,0.0,0,1,9,21,0,1,1,87.8,1464,0.0,92,89,1513,0,0.0,0,0.0,0,0,0.0,4,0,0.0,0.0,1.0,13,Aggressive
0.0,0.0,0.0,0,2,0.0,0,0,0,63,0,0,0,0.0,1880,0.0,27,26,1493,0,2007.0,0,0.0,0,0,1186.0,5,0,0.4615,3193.0,0.0,2,Survivalist
0.0,0.0,0.0,0,0,48.49,0,0,1,54,0,0,0,0.0,1449,0.0,29,29,1494,0,0.0,0,12.55,0,0,1531.0,5,0,0.6786,1543.55,0.0,1,Survivalist
0.0,0.0,inf,0,0,100.0,1,0,0,35,0,1,1,8.647,1873,0.0,26,23,1490,0,0.0,0,0.0,0,0,373.0,4,0,0.0,373.0,0.0,0,Aggressive
0.0,0.0,0.0,0,0,60.63,0,0,1,66,1000,0,0,0.0,1377,0.0,28,28,0,0,0.0,0,0.0,0,0,383.1,6,1500,0.3333,383.1,0.0,1,Survivalist
0.0,0.0,0.0,0,0,0.0,0,0,0,87,0,0,0,0.0,1446,0.0,29,27,1521,0,0.0,0,0.0,0,0,0.0,0,0,0.0,0.0,0.0,0,Survivalist
0.0,0.0,0.0,0,1,87.8,0,0,4,31,0,1,1,23.29,1365,0.0,94,94,1514,0,865.4,0,0.0,0,0,1188.0,3,0,0.6452,2053.4,0.0,5,Aggressive
0.0,0.0,0.0,0,0,0.0,0,0,0,85,1249,0,0,0.0,1876,0.0,93,90,0,0,0.0,0,0.0,0,0,65.06,2,1464,0.0761,65.06,0.0,0,Survivalist
0.0,0.0,0.0,0,3,40.64,0,0,0,40,1000,0,0,0.0,1927,0.0,32,32,0,0,8977.0,0,0.0,0,0,1132.0,7,1500,0.4194,10109.0,0.0,3,Survivalist
0.0,0.0,0.0,0,1,185.4,1,0,1,28,0,1,1,3.901,1310,0.0,31,29,1308,3,0.0,0,0.0,0,0,1526.0,3,0,0.5667,1526.0,0.0,2,Aggressive
0.0,0.0,0.0,0,0,0.0,0,0,0,94,0,0,0,0.0,1959,0.0,49,46,1492,0,0.0,0,0.0,0,0,37.34,1,0,0.0,37.34,0.0,0,Survivalist
0.0,0.0,0.0,0,1,193.2,1,0,2,26,1465,1,1,199.0,1410,0.0,28,28,0,0,563.1,0,38.09,0,0,2460.0,6,1528,0.9259,3061.19,0.0,3,Aggressive
0.0,0.0,0.0,0,0,48.67,0,0,0,65,1000,0,0,0.0,1794,0.0,29,29,0,0,0.0,0,0.0,0,0,1184.0,5,1500,0.3214,1184.0,0.0,0,Survivalist
0.0,0.0,0.0,0,0,0.0,0,0,0,74,0,0,0,0.0,1313,0.0,48,46,1490,0,0.0,0,0.0,0,0,80.07,1,0,0.234,80.07,0.0,0,Survivalist
0.0,0.0,0.0,0,0,129.4,0,0,0,41,0,1,1,6.08,1385,0.0,89,87,1490,0,0.0,0,0.0,0,0,360.5,1,0,0.2727,360.5,0.0,0,Aggressive
0.0,0.0,0.0,0,3,0.0,0,0,2,44,0,0,0,0.0,1395,0.0,27,27,1574,0,0.0,0,24.14,0,0,2737.0,5,0,0.6538,2761.14,0.0,5,Survivalist
0.0,0.0,0.0,0,3,180.0,0,0,0,48,0,0,0,0.0,1377,0.0,27,27,1513,0,0.0,0,0.0,0,0,2768.0,3,0,0.7692,2768.0,0.0,3,Survivalist
0.0,0.0,0.0,3,4,619.1,2,5,5,6,0,4,1,48.03,2193,0.0,47,45,1630,0,7585.0,1,0.0,0,0,1723.0,4,0,0.8478,9308.0,1.25,9,Aggressive
0.0,0.0,0.0,0,0,0.0,0,0,0,76,0,0,0,0.0,1377,0.0,48,45,1497,0,0.0,0,0.0,0,0,240.3,5,0,0.2128,240.3,0.0,0,Survivalist
0.0,0.0,0.0,0,2,6.455,0,0,2,55,1214,0,0,0.0,1392,0.0,49,49,0,0,1231.0,0,0.0,0,0,2417.0,7,1535,0.7292,3648.0,0.0,4,Survivalist
0.0,0.0,0.0,0,1,57.37,0,0,0,55,0,0,0,0.0,1360,0.0,26,26,1329,0,0.0,0,0.0,0,0,1791.0,5,0,0.52,1791.0,0.0,1,Survivalist
0.0,0.0,0.0,0,0,0.0,0,0,0,83,1103,0,0,0.0,1358,0.0,30,29,0,2,0.0,0,0.0,0,0,23.89,1,1494,0.0345,23.89,0.0,0,Survivalist
0.0,0.0,0.0,0,0,300.0,2,0,1,10,1197,3,2,21.95,1393,0.0,46,45,0,1,0.0,0,0.0,0,0,172.3,3,1505,0.1111,172.3,0.0,1,Aggressive
0.0,0.0,0.0,2,3,160.7,1,0,5,34,0,1,1,39.46,1753,0.0,28,27,1485,0,1195.0,0,24.38,0,0,3953.0,5,0,0.5556,5172.38,0.0,8,Aggressive
0.0,0.0,0.0,0,0,118.1,0,0,0,64,0,0,0,0.0,1460,0.0,45,44,1621,0,0.0,0,0.0,0,0,769.7,8,0,0.3409,769.7,0.0,0,Survivalist
0.0,0.0,0.0,0,3,196.4,2,0,10,11,0,2,1,26.26,1300,0.0,49,47,1433,0,0.0,0,8.575,0,0,3057.0,6,0,0.8542,3065.575,0.0,13,Aggressive
0.0,0.0,0.0,0,0,61.47,0,0,0,73,1346,0,0,0.0,1821,0.0,27,27,0,0,5747.0,0,0.0,0,0,639.9,3,1508,0.3846,6386.9,0.0,0,Survivalist
0.0,0.0,0.0,0,0,140.8,1,0,0,91,1464,0,0,0.0,1892,0.0,28,28,0,0,0.0,0,0.0,0,0,213.9,2,1416,0.0,213.9,0.0,0,Survivalist
0.0,0.0,0.0,0,0,173.6,1,2,0,47,1439,1,1,1.12,1391,0.0,27,27,0,0,0.0,0,0.0,0,0,79.59,1,1538,0.0385,79.59,2.0,0,Aggressive
0.0,0.0,0.0,1,1,0.0,1,0,0,32,0,1,1,16.66,1196,0.0,28,23,1519,0,0.0,0,0.0,0,0,230.7,3,0,0.3333,230.7,0.0,1,Aggressive
0.0,0.0,0.0,0,0,0.0,0,0,0,47,0,1,1,14.27,1380,0.0,50,49,1490,0,0.0,0,0.0,0,0,0.0,1,0,0.0,0.0,0.0,0,Aggressive
0.0,inf,0.0,0,0,53.3,0,0,0,71,0,0,0,0.0,1983,0.0,47,46,1500,0,0.0,0,0.0,0,0,547.2,7,0,0.2609,547.2,0.0,0,Survivalist
0.0,0.0,0.0,0,0,100.0,0,2,0,29,1059,1,1,2.486,1266,0.0,96,95,0,0,0.0,0,0.0,0,0,378.2,5,1536,0.5263,378.2,2.0,0,Aggressive
0.0,0.0,0.0,0,0,0.0,0,0,0,91,1342,0,0,0.0,1889,0.0,30,28,0,0,0.0,0,0.0,0,0,0.0,1,1471,0.0,0.0,0.0,0,Survivalist
0.0,0.0,0.0,0,0,119.2,1,0,2,25,0,1,1,9.694,1306,0.0,29,28,1480,1,0.0,0,0.0,0,0,1831.0,5,0,0.75,1831.0,0.0,2,Aggressive
0.0,0.0,0.0,0,0,0.0,0,0,0,86,0,0,0,0.0,1469,0.0,97,93,1500,0,0.0,0,0.0,0,0,9.989,3,0,0.1042,9.989,0.0,0,Survivalist
0.0,0.0,0.0,0,0,0.0,0,0,0,46,0,0,0,0.0,1831,0.0,99,97,1662,0,1268.0,0,127.9,0,0,3295.0,5,0,0.7857,4690.9,0.0,0,Survivalist
0.0,0.0,0.0,0,0,32.76,0,0,0,72,1345,0,0,0.0,1961,0.0,27,25,0,0,0.0,0,0.0,0,0,390.1,5,1494,0.1538,390.1,0.0,0,Survivalist
0.0,0.0,0.0,0,0,96.54,1,1,0,34,0,1,1,6.401,1984,0.0,48,45,1497,0,0.0,0,0.0,0,0,620.1,4,0,0.4681,620.1,1.0,0,Aggressive
0.0,0.0,0.0,0,2,24.33,0,0,1,52,0,0,0,0.0,1823,0.0,26,25,1598,0,3702.0,0,27.03,0,0,2984.0,9,0,0.64,6713.03,0.0,3,Survivalist
0.0,0.0,0.0,0,2,22.49,0,0,0,38,0,0,0,0.0,1870,0.0,28,28,1468,0,149.3,0,0.0,0,0,1363.0,4,0,0.7407,1512.3,0.0,2,Survivalist
0.0,0.0,0.0,1,0,0.0,0,0,1,65,0,0,0,0.0,1837,0.0,27,26,1460,0,0.0,0,0.0,0,0,0.0,1,0,0.0,0.0,0.0,1,Survivalist
0.0,0.0,0.0,1,1,20.4,0,0,0,60,0,0,0,0.0,1370,0.0,29,28,1435,0,340.6,0,0.0,0,0,893.5,2,0,0.6071,1234.1,0.0,1,Survivalist
0.0,0.0,0.0,0,0,0.0,0,0,0,84,1183,0,0,0.0,1886,0.0,98,94,0,0,0.0,0,0.0,0,0,240.2,3,1547,0.1546,240.2,0.0,0,Survivalist
0.0,0.0,0.0,0,0,186.0,0,1,1,20,0,2,1,26.36,1383,0.0,46,45,1512,1,0.0,0,0.0,1,0,414.0,3,0,0.4667,414.0,0.5,1,Aggressive
0.0,0.0,0.0,1,7,0.0,0,1,0,8,1450,3,1,43.63,1308,0.0,49,48,0,1,0.0,0,0.0,0,0,0.0,8,1479,0.0,0.0,0.3333333333333333,7,Aggressive
0.0,0.0,0.0,0,1,277.5,0,1,1,19,1378,2,1,17.76,1369,0.0,96,94,0,0,0.0,0,0.0,0,0,362.3,7,1314,0.5684,362.3,0.5,2,Aggressive
0.0,0.0,0.0,0,0,0.0,0,0,0,58,1000,0,0,0.0,1887,0.0,48,44,0,0,0.0,0,0.0,0,0,48.18,1,1500,0.5319,48.18,0.0,0,Survivalist
0.0,0.0,0.0,0,0,0.0,0,0,0,87,0,0,0,0.0,1792,0.0,45,43,1488,0,0.0,0,0.0,0,0,0.0,0,0,0.0,0.0,0.0,0,Survivalist
0.0,0.0,0.0,0,0,0.0,0,0,0,57,0,0,0,0.0,1331,0.0,49,46,1552,0,0.0,0,0.0,0,0,193.4,4,0,0.5208,193.4,0.0,0,Survivalist
0.0,0.0,0.0,1,4,679.6,4,4,8,2,0,6,2,51.79,1442,0.0,28,27,1490,0,0.0,0,0.0,0,0,3176.0,5,0,1.0,3176.0,0.6666666666666666,12,Aggressive
0.0,0.0,0.0,2,3,965.3,3,3,4,1,0,7,2,231.1,1797,0.0,44,34,1508,0,270.9,0,0.0,0,0,3536.0,8,0,1.0,3806.9,0.42857142857142855,7,Aggressive
0.0,0.0,0.0,0,4,355.3,3,1,7,3,0,4,2,70.1,1378,0.0,26,26,1501,0,0.0,0,85.29,0,0,1980.0,5,0,0.92,2065.29,0.25,11,Aggressive
0.0,0.0,0.0,0,0,56.8,1,0,0,56,1000,0,0,0.0,1804,0.0,28,26,0,0,1184.0,0,152.9,1,0,1366.0,5,1500,0.3333,2702.9,0.0,0,Survivalist
0.0,0.0,0.0,0,0,0.0,0,0,0,90,0,0,0,0.0,1341,0.0,49,47,1490,0,0.0,0,0.0,0,0,17.59,1,0,0.0625,17.59,0.0,0,Survivalist
0.0,0.0,0.0,0,0,100.0,1,0,0,75,0,0,0,0.0,1657,0.0,28,28,1482,0,0.0,0,0.0,0,0,595.9,3,0,0.1852,595.9,0.0,0,Survivalist
0.0,0.0,0.0,0,0,0.0,0,0,0,81,1398,0,0,0.0,1456,0.0,30,28,0,0,0.0,0,0.0,0,0,40.51,1,1519,0.069,40.51,0.0,0,Survivalist
0.0,0.0,0.0,0,0,0.0,0,0,0,55,0,0,0,0.0,1387,0.0,95,94,1497,0,0.0,0,0.0,0,0,736.2,5,0,0.617,736.2,0.0,0,Survivalist
0.0,0.0,0.0,0,3,116.0,0,0,2,57,0,0,0,0.0,1918,0.0,29,27,1378,0,800.9,0,0.0,0,0,2790.0,7,0,0.5357,3590.9,0.0,5,Survivalist
0.0,0.0,0.0,0,0,0.0,1,0,0,44,1139,1,1,3.755,1436,0.0,50,47,0,0,0.0,0,0.0,0,0,156.8,2,1482,0.1429,156.8,0.0,0,Aggressive
0.0,0.0,0.0,0,0,0.0,0,0,0,74,1000,0,0,0.0,1444,0.0,48,46,0,0,0.0,0,0.0,0,0,148.6,2,1500,0.2128,148.6,0.0,0,Survivalist
0.0,0.0,0.0,0,0,15.6,0,0,0,89,1159,0,0,0.0,1374,0.0,29,26,0,0,0.0,0,0.0,0,0,34.42,1,1475,0.0357,34.42,0.0,0,Survivalist
0.0,0.0,0.0,0,0,0.0,0,0,0,78,1370,0,0,0.0,1779,0.0,27,27,0,0,0.0,0,0.0,0,0,7.195,1,1494,0.1154,7.195,0.0,0,Survivalist
0.0,0.0,0.0,0,0,0.0,1,0,0,30,1119,60,1,34.17,1383,0.0,50,49,0,0,0.0,0,0.0,0,0,0.0,6,1485,0.0,0.0,0.0,0,Aggressive
0.0,0.0,0.0,0,5,757.3,0,3,7,4,1591,5,1,93.47,2030,0.0,86,85,0,0,4341.0,0,0.0,0,0,2614.0,4,1659,0.9647,6955.0,0.6,12,Aggressive
0.0,0.0,0.0,0,0,0.0,0,0,0,81,0,0,0,0.0,1438,0.0,29,29,1358,0,0.0,0,0.0,0,0,42.8,1,0,0.1429,42.8,0.0,0,Survivalist
0.0,0.0,0.0,0,2,242.4,2,0,0,20,0,2,2,24.94,1829,0.0,28,27,1582,0,0.0,0,0.0,0,0,171.2,2,0,0.1111,171.2,0.0,2,Aggressive
0.0,0.0,0.0,0,0,0.0,0,0,0,55,991,0,0,0.0,1470,0.0,97,97,0,0,0.0,0,0.0,0,0,997.8,6,1490,0.6146,997.8,0.0,0,Survivalist
0.0,0.0,0.0,0,0,55.79,0,0,3,40,1229,0,0,0.0,1776,0.0,28,27,0,0,2280.0,0,0.0,0,0,3344.0,6,1448,0.8889,5624.0,0.0,3,Survivalist
0.0,0.0,0.0,0,0,0.0,0,0,0,66,0,0,0,0.0,1458,0.0,48,46,1462,0,0.0,0,0.0,0,0,1458.0,6,0,0.4255,1458.0,0.0,0,Survivalist
0.0,0.0,0.0,0,0,0.0,1,0,0,70,0,0,0,0.0,1811,0.0,50,48,1485,0,0.0,0,0.0,2,0,843.0,2,0,0.4286,843.0,0.0,0,Survivalist
0.0,0.0,0.0,0,0,345.0,4,1,0,6,0,4,2,24.96,1904,0.0,28,28,1500,1,0.0,0,0.0,0,0,1758.0,7,0,0.5185,1758.0,0.25,0,Aggressive
0.0,0.0,0.0,0,0,100.0,1,1,0,25,1386,1,1,130.7,1267,0.0,25,22,0,0,0.0,0,0.0,0,0,1030.0,4,1577,0.7917,1030.0,1.0,0,Aggressive
0.0,0.0,0.0,1,2,324.3,3,0,0,7,0,4,2,26.61,1356,0.0,27,27,1464,2,0.0,0,0.0,0,0,1751.0,4,0,0.6154,1751.0,0.0,2,Aggressive
0.0,0.0,0.0,0,2,353.1,1,3,2,10,1957,2,1,56.48,1232,0.0,28,27,0,0,1307.0,0,0.0,0,0,2595.0,4,1560,1.0,3902.0,1.5,4,Aggressive
0.0,0.0,0.0,0,2,182.7,1,0,1,14,1209,2,1,26.68,1306,0.0,47,46,0,0,274.3,0,0.0,1,0,555.7,3,1477,0.0,830.0,0.0,3,Aggressive
0.0,0.0,0.0,0,3,12.8,0,0,1,52,0,0,0,0.0,1391,0.0,29,28,1490,0,0.0,0,0.0,0,0,2857.0,4,0,0.7143,2857.0,0.0,4,Survivalist
0.0,0.0,0.0,0,0,281.4,4,2,0,21,0,2,1,9.5,1870,0.0,28,27,1474,0,0.0,0,0.0,0,0,674.2,4,0,0.3333,674.2,1.0,0,Aggressive
0.0,0.0,0.0,1,0,22.6,0,0,0,24,1392,1,1,22.32,1414,0.0,30,30,0,0,0.0,0,0.0,0,0,3318.0,7,1448,0.9655,3318.0,0.0,0,Aggressive
0.0,0.0,0.0,1,4,420.5,2,3,21,7,0,3,2,67.85,1383,0.0,47,46,1500,1,0.0,0,3.62,0,0,3916.0,7,0,0.9565,3919.62,1.0,25,Aggressive
0.0,0.0,0.0,0,0,52.5,0,0,3,56,0,0,0,0.0,1781,0.0,30,28,1400,0,2591.0,0,0.0,0,0,1522.0,4,0,0.5517,4113.0,0.0,3,Survivalist
0.0,0.0,0.0,0,0,53.28,0,0,0,75,0,0,0,0.0,1318,0.0,27,27,1483,0,0.0,0,0.0,0,0,212.2,0,0,0.2692,212.2,0.0,0,Survivalist
0.0,0.0,0.0,1,7,465.0,2,2,4,6,1348,4,2,43.33,1473,0.0,47,45,0,0,0.0,0,0.0,0,0,3214.0,3,1519,0.8043,3214.0,0.5,11,Aggressive
0.0,0.0,0.0,2,4,297.4,1,0,1,14,1351,2,1,36.65,1378,0.0,50,50,0,0,0.0,0,0.0,0,0,1882.0,5,1484,0.9796,1882.0,0.0,5,Aggressive
0.0,0.0,0.0,0,0,0.0,0,0,0,93,0,0,0,0.0,1464,0.0,48,43,1447,0,0.0,0,0.0,0,0,0.0,2,0,0.0,0.0,0.0,0,Survivalist
0.0,0.0,0.0,0,0,0.0,0,0,0,86,0,0,0,0.0,1456,0.0,97,97,1500,0,0.0,0,0.0,0,0,0.0,0,0,0.0,0.0,0.0,0,Survivalist
0.0,0.0,0.0,0,0,120.7,2,2,0,18,0,2,1,40.87,1863,0.0,25,24,1431,0,0.0,0,0.0,0,0,249.9,2,0,0.0833,249.9,1.0,0,Aggressive
0.0,0.0,0.0,0,0,0.0,0,0,0,71,0,0,0,0.0,1821,0.0,28,27,1478,0,0.0,0,0.0,0,0,0.0,2,0,0.0,0.0,0.0,0,Survivalist
0.0,0.0,0.0,0,0,90.78,0,0,0,77,0,0,0,0.0,1380,0.0,28,28,1490,0,0.0,0,0.0,0,0,129.2,1,0,0.2963,129.2,0.0,0,Survivalist
0.0,0.0,0.0,0,0,0.0,0,0,0,82,0,0,0,0.0,1373,0.0,27,24,1502,0,0.0,0,0.0,0,0,210.9,1,0,0.1154,210.9,0.0,0,Survivalist
0.0,0.0,0.0,0,0,0.0,0,0,0,90,0,0,0,0.0,1475,0.0,95,93,1511,0,0.0,0,0.0,0,0,49.91,1,0,0.0425,49.91,0.0,0,Survivalist
0.0,0.0,0.0,0,0,25.8,0,0,0,62,0,0,0,0.0,1865,0.0,98,93,1500,0,0.0,0,0.0,0,0,1715.0,2,0,0.4948,1715.0,0.0,0,Survivalist
0.0,0.0,0.0,0,1,0.0,2,0,1,35,0,1,1,35.81,1403,0.0,28,27,1518,0,0.0,0,0.0,0,0,0.0,3,0,0.0,0.0,0.0,2,Aggressive
0.0,0.0,0.0,0,0,0.0,0,0,0,98,1000,0,0,0.0,1370,0.0,28,27,0,0,0.0,0,0.0,0,0,20.42,0,1500,0.0,20.42,0.0,0,Survivalist
0.0,0.0,0.0,1,5,540.3,4,2,6,8,1632,3,1,92.6,1920,0.0,27,26,0,0,0.0,0,0.0,0,0,5424.0,9,1848,1.0,5424.0,0.6666666666666666,11,Aggressive
0.0,0.0,0.0,0,0,90.86,1,0,0,69,0,0,0,0.0,1797,0.0,30,28,1413,0,0.0,0,0.0,0,0,767.1,5,0,0.1379,767.1,0.0,0,Survivalist
0.0,0.0,0.0,1,5,16.83,0,0,3,28,1039,1,1,3.94,1450,0.0,50,50,0,0,0.0,0,0.0,0,0,2861.0,3,1479,0.8571,2861.0,0.0,8,Aggressive
0.0,0.0,0.0,0,4,0.0,1,0,5,24,0,1,1,124.2,1840,0.0,27,27,1444,0,5535.0,0,0.0,0,0,0.0,3,0,0.0,5535.0,0.0,9,Aggressive
0.0,0.0,0.0,0,0,100.0,1,0,0,88,0,0,0,0.0,1935,0.0,49,46,1476,0,0.0,0,0.0,0,0,253.3,6,0,0.0833,253.3,0.0,0,Survivalist
0.0,0.0,0.0,1,4,141.1,1,0,7,30,0,1,1,20.1,1386,0.0,49,49,1486,0,0.0,0,0.0,0,0,2257.0,13,0,0.8542,2257.0,0.0,11,Aggressive
0.0,0.0,0.0,0,0,0.0,2,2,0,34,1231,1,1,23.64,1363,0.0,28,27,0,0,0.0,0,0.0,0,0,0.0,3,1411,0.0,0.0,2.0,0,Aggressive
0.0,0.0,0.0,1,4,122.6,1,0,2,28,0,1,1,155.2,1493,0.0,48,48,1814,0,0.0,0,206.1,0,0,2902.0,5,0,0.9362,3108.1,0.0,6,Aggressive
0.0,0.0,0.0,1,1,274.5,0,0,1,55,1184,0,0,0.0,1366,0.0,28,26,0,0,693.8,0,110.7,0,0,2582.0,3,1538,0.5926,3386.5,0.0,2,Survivalist
0.0,0.0,0.0,0,0,0.0,0,0,0,93,0,0,0,0.0,1382,0.0,48,45,1495,0,0.0,0,0.0,0,0,0.0,0,0,0.0,0.0,0.0,0,Survivalist
0.0,0.0,0.0,0,0,0.0,0,0,0,72,0,0,0,0.0,1819,0.0,96,94,1480,0,0.0,0,0.0,0,0,192.4,1,0,0.2632,192.4,0.0,0,Survivalist
0.0,0.0,0.0,0,4,0.0,2,0,1,4,0,4,2,224.6,1889,0.0,48,48,1496,0,1144.0,0,0.0,0,0,0.0,6,0,0.0,1144.0,0.0,5,Aggressive
0.0,0.0,0.0,0,1,100.0,0,2,1,20,0,1,1,3.536,1940,0.0,93,90,1557,0,987.5,0,0.0,0,0,3394.0,6,0,0.9022,4381.5,2.0,2,Aggressive
0.0,0.0,0.0,2,2,393.5,1,1,7,20,0,2,1,111.1,1362,0.0,29,26,1502,1,0.0,0,0.0,0,0,771.0,2,0,0.5,771.0,0.5,9,Aggressive
0.0,0.0,0.0,0,3,238.2,0,0,4,65,0,0,0,0.0,1378,0.0,28,27,1480,1,64.37,0,0.0,1,0,1836.0,5,0,0.5926,1900.37,0.0,7,Survivalist
0.0,0.0,0.0,2,2,497.5,2,1,1,10,0,3,2,66.68,1358,0.0,47,45,1517,0,0.0,0,0.0,0,0,1204.0,4,0,0.5,1204.0,0.3333333333333333,3,Aggressive
0.0,0.0,0.0,1,0,516.7,4,0,4,11,0,3,1,22.74,1842,0.0,28,28,1427,1,2824.0,0,0.0,0,0,2358.0,3,0,0.6667,5182.0,0.0,4,Aggressive
0.0,0.0,0.0,0,2,0.0,0,0,0,72,0,0,0,0.0,1462,0.0,45,43,1493,0,0.0,0,0.0,0,0,93.24,2,0,0.2273,93.24,0.0,2,Survivalist
0.0,0.0,0.0,0,0,0.0,0,0,0,77,1266,0,0,0.0,1394,0.0,28,27,0,0,0.0,0,0.0,0,0,74.24,3,1423,0.2222,74.24,0.0,0,Survivalist
0.0,0.0,0.0,0,0,173.7,0,0,1,24,0,1,1,33.08,1888,0.0,96,94,1490,0,2042.0,0,0.0,0,0,1440.0,10,0,0.7474,3482.0,0.0,1,Aggressive
0.0,0.0,0.0,0,0,0.0,0,0,0,69,0,0,0,0.0,1385,0.0,98,96,1500,0,0.0,0,0.0,0,0,128.1,2,0,0.299,128.1,0.0,0,Survivalist
0.0,0.0,0.0,0,0,123.2,1,0,0,20,1328,2,2,7.713,1368,0.0,30,29,0,0,0.0,0,0.0,0,0,62.28,2,1509,0.3448,62.28,0.0,0,Aggressive
0.0,0.0,0.0,0,0,100.0,0,0,0,31,0,1,1,4.208,1433,0.0,94,90,1516,0,0.0,0,0.0,0,0,781.0,6,0,0.5914,781.0,0.0,0,Aggressive
0.0,0.0,0.0,0,0,100.0,0,0,0,47,1095,1,1,1.683,1366,0.0,96,96,0,0,0.0,0,0.0,0,0,11.87,1,1492,0.0842,11.87,0.0,0,Aggressive
0.0,0.0,0.0,0,2,139.2,0,0,2,44,1316,0,0,0.0,1318,0.0,45,43,0,2,734.3,0,0.0,0,0,2115.0,4,1508,0.8182,2849.3,0.0,4,Survivalist
0.0,0.0,0.0,0,0,0.0,0,0,0,84,1360,0,0,0.0,1404,0.0,100,98,0,0,0.0,0,0.0,0,0,52.17,1,1574,0.1414,52.17,0.0,0,Survivalist
0.0,0.0,0.0,0,0,76.16,0,0,0,50,0,0,0,0.0,1318,0.0,28,25,1508,0,271.7,0,0.0,0,0,496.5,4,0,0.4815,768.2,0.0,0,Survivalist
0.0,0.0,0.0,0,0,206.0,3,1,0,20,0,2,1,28.49,1329,0.0,28,27,1424,0,0.0,0,0.0,0,0,212.9,2,0,0.1481,212.9,0.5,0,Aggressive
0.0,0.0,0.0,0,0,0.0,0,0,0,93,0,0,0,0.0,1984,0.0,95,93,1543,0,0.0,0,0.0,0,0,14.48,0,0,0.0213,14.48,0.0,0,Survivalist
0.0,0.0,0.0,0,0,100.0,1,1,0,36,0,1,1,57.38,1383,0.0,28,27,1500,0,0.0,0,0.0,0,0,1866.0,4,0,0.5556,1866.0,1.0,0,Aggressive
0.0,0.0,0.0,0,0,324.9,2,0,0,63,0,0,0,0.0,1344,0.0,30,28,1414,0,0.0,0,0.0,0,0,452.0,3,0,0.3103,452.0,0.0,0,Survivalist
0.0,0.0,0.0,0,0,0.0,0,0,0,82,1000,0,0,0.0,1449,0.0,26,24,0,0,0.0,0,0.0,0,0,68.44,1,1500,0.16,68.44,0.0,0,Survivalist
0.0,0.0,0.0,1,1,52.31,0,0,7,36,1188,0,0,0.0,1911,0.0,27,24,0,0,773.8,0,0.0,0,0,2679.0,7,1484,0.9615,3452.8,0.0,8,Survivalist
0.0,0.0,0.0,0,1,68.19,1,0,0,75,0,0,0,0.0,1877,0.0,26,24,1542,0,603.0,0,0.0,0,0,927.1,1,0,0.2,1530.1,0.0,1,Survivalist
0.0,0.0,0.0,1,2,31.99,0,0,2,55,1224,0,0,0.0,1366,0.0,27,25,0,1,810.8,0,0.0,0,0,1316.0,2,1467,0.5769,2126.8,0.0,4,Survivalist
0.0,0.0,0.0,0,0,0.0,0,0,0,55,0,0,0,0.0,1377,0.0,46,45,1487,0,0.0,0,6.702,0,0,1407.0,3,0,0.5556,1413.702,0.0,0,Survivalist
0.0,0.0,0.0,1,5,0.0,0,0,8,5,1267,3,1,257.2,1865,0.0,26,25,0,3,1948.0,0,0.0,0,0,0.0,2,1435,0.0,1948.0,0.0,13,Aggressive
0.0,0.0,0.0,0,0,92.88,0,0,0,97,0,0,0,0.0,1445,0.0,97,91,1626,0,0.0,0,0.0,0,0,0.0,0,0,0.0,0.0,0.0,0,Survivalist
0.0,0.0,0.0,0,2,0.0,0,0,1,23,0,1,1,20.56,1873,0.0,47,45,1517,1,1551.0,0,0.0,0,0,2771.0,7,0,0.8478,4322.0,0.0,3,Aggressive
0.0,0.0,0.0,0,0,30.6,0,0,0,58,1000,0,0,0.0,1793,0.0,46,46,0,0,0.0,0,0.0,0,0,1254.0,3,1500,0.5556,1254.0,0.0,0,Survivalist
0.0,0.0,0.0,0,1,108.0,0,0,0,32,0,1,1,1.488,2049,0.0,94,89,1500,0,0.0,0,0.0,0,0,2121.0,12,0,0.5161,2121.0,0.0,1,Aggressive
0.0,0.0,0.0,0,0,0.0,0,0,0,93,0,0,0,0.0,1915,0.0,98,93,1473,0,0.0,0,0.0,0,0,56.17,1,0,0.0206,56.17,0.0,0,Survivalist
0.0,0.0,0.0,0,0,62.79,0,0,0,79,0,0,0,0.0,1826,0.0,48,47,1505,0,0.0,0,0.0,0,0,410.4,3,0,0.2128,410.4,0.0,0,Survivalist
0.0,0.0,0.0,0,0,334.3,3,0,7,22,1260,2,1,10.44,1780,0.0,27,27,0,0,0.0,0,0.0,0,0,156.0,2,1378,0.1154,156.0,0.0,7,Aggressive
0.0,0.0,0.0,0,4,100.0,0,0,11,29,0,1,1,5.283,1369,0.0,95,95,1511,0,0.0,0,0.0,0,0,2469.0,5,0,0.8085,2469.0,0.0,15,Aggressive
0.0,0.0,0.0,0,6,160.0,0,0,0,13,1331,2,1,70.26,1401,0.0,96,95,0,0,0.0,0,0.0,0,0,3157.0,6,1627,1.0,3157.0,0.0,6,Aggressive
0.0,0.0,0.0,0,3,363.3,2,1,4,9,1505,3,1,30.6,1358,0.0,29,26,0,0,0.0,1,0.0,0,0,3249.0,5,1569,0.9286,3249.0,0.3333333333333333,7,Aggressive
0.0,0.0,0.0,0,0,105.8,0,0,0,71,0,0,0,0.0,1293,0.0,28,27,1436,0,0.0,0,0.0,0,0,105.5,3,0,0.2593,105.5,0.0,0,Survivalist
0.0,0.0,0.0,0,1,0.0,0,0,0,81,1274,0,0,0.0,1778,0.0,29,29,0,0,0.0,0,0.0,0,0,58.35,2,1476,0.1429,58.35,0.0,1,Survivalist
0.0,0.0,0.0,2,6,133.7,0,0,2,46,0,0,0,0.0,1365,0.0,30,29,1532,1,1168.0,0,0.0,0,0,2758.0,3,0,0.8276,3926.0,0.0,8,Survivalist
0.0,0.0,0.0,0,0,0.0,0,0,0,92,0,0,0,0.0,1843,0.0,28,27,1474,0,0.0,0,0.0,0,0,0.0,0,0,0.0,0.0,0.0,0,Survivalist
0.0,0.0,0.0,0,0,0.0,0,0,0,60,0,0,0,0.0,1859,0.0,49,48,1407,0,0.0,0,0.0,0,0,100.8,1,0,0.5,100.8,0.0,0,Survivalist
0.0,0.0,0.0,0,1,0.0,0,0,1,46,1000,0,0,0.0,1366,0.0,29,28,0,0,0.0,0,176.2,0,0,2017.0,6,1500,0.7143,2193.2,0.0,2,Survivalist
0.0,0.0,0.0,0,0,150.1,1,0,2,74,0,0,0,0.0,1418,0.0,29,28,1415,0,0.0,0,0.0,0,0,169.4,2,0,0.2857,169.4,0.0,2,Survivalist
0.0,0.0,0.0,0,0,0.0,0,0,0,70,0,0,0,0.0,1896,0.0,28,28,1500,0,0.0,0,0.0,0,0,224.8,3,0,0.3333,224.8,0.0,0,Survivalist
0.0,0.0,0.0,2,5,925.3,3,3,2,2,0,8,2,202.6,1898,0.0,50,48,1558,0,3243.0,0,0.0,0,0,3147.0,11,0,1.0,6390.0,0.375,7,Aggressive
0.0,0.0,0.0,0,0,0.0,0,0,0,52,0,0,0,0.0,1653,0.0,48,47,1504,0,0.0,0,0.0,0,0,279.8,2,0,0.7234,279.8,0.0,0,Survivalist
0.0,0.0,0.0,0,0,0.0,0,0,0,54,0,0,0,0.0,1263,0.0,27,26,1450,0,0.0,0,24.4,0,0,513.5,7,0,0.5769,537.9,0.0,0,Survivalist
0.0,0.0,0.0,0,0,77.08,0,0,0,65,0,0,0,0.0,1971,0.0,49,45,1500,0,0.0,0,0.0,0,0,236.4,4,0,0.4375,236.4,0.0,0,Survivalist
0.0,0.0,0.0,0,3,0.0,0,0,0,55,0,0,0,0.0,1759,0.0,49,48,1502,0,3474.0,0,0.0,0,0,1178.0,4,0,0.5833,4652.0,0.0,3,Survivalist
0.0,0.0,0.0,0,1,34.59,1,0,0,55,1309,0,0,0.0,1286,0.0,27,27,0,1,0.0,0,0.0,0,0,2527.0,5,1530,0.6154,2527.0,0.0,1,Survivalist
0.0,0.0,0.0,0,0,55.67,0,0,1,61,1003,0,0,0.0,1363,0.0,30,30,0,0,316.3,0,0.0,0,0,638.6,5,1499,0.4138,954.9000000000001,0.0,1,Survivalist
0.0,0.0,0.0,0,0,159.5,2,1,3,22,0,2,1,8.404,1870,0.0,27,26,1469,0,0.0,0,0.0,0,0,312.2,5,0,0.0385,312.2,0.5,3,Aggressive
0.0,0.0,0.0,0,0,0.0,0,0,0,87,1302,0,0,0.0,1745,0.0,27,26,0,0,0.0,0,0.0,0,0,23.57,1,1443,0.0,23.57,0.0,0,Survivalist
0.0,0.0,0.0,0,0,0.0,0,0,0,87,1146,0,0,0.0,1180,0.0,32,31,0,0,0.0,0,0.0,0,0,15.3,2,1491,0.0323,15.3,0.0,0,Survivalist
0.0,0.0,0.0,2,3,825.1,5,1,2,1,0,7,3,179.4,1435,0.0,28,27,1450,0,1175.0,0,0.0,0,0,2697.0,4,0,0.9259,3872.0,0.14285714285714285,5,Aggressive
0.0,0.0,0.0,0,4,328.1,0,0,1,6,1227,3,1,204.0,1796,0.0,98,92,0,0,2942.0,0,0.0,0,0,1618.0,4,1552,0.9175,4560.0,0.0,5,Aggressive
0.0,0.0,0.0,0,2,338.5,2,1,1,7,1060,3,2,107.1,1386,0.0,49,41,0,0,0.0,0,0.0,0,0,1913.0,4,1430,0.6042,1913.0,0.3333333333333333,3,Aggressive
0.0,0.0,0.0,0,2,58.8,0,0,2,49,1311,0,0,0.0,1769,0.0,96,92,0,0,0.0,0,0.0,0,0,2028.0,4,1536,0.7684,2028.0,0.0,4,Survivalist
0.0,0.0,0.0,0,2,24.53,0,0,5,60,1320,0,0,0.0,1443,0.0,48,47,0,0,501.3,0,0.0,0,0,1114.0,2,1555,0.5106,1615.3,0.0,7,Survivalist
0.0,0.0,0.0,0,0,0.0,0,0,0,93,360,0,0,0.0,1466,0.0,97,82,0,0,0.0,0,0.0,0,0,0.0,0,840,0.0,0.0,0.0,0,Survivalist
0.0,0.0,0.0,0,0,0.0,0,0,1,72,1081,0,0,0.0,1324,0.0,27,26,0,0,0.0,0,0.0,0,0,316.1,3,1504,0.1923,316.1,0.0,1,Survivalist
0.0,0.0,0.0,1,7,578.0,3,4,4,1,1359,7,2,71.7,1399,0.0,49,47,0,1,0.0,0,0.0,0,0,4168.0,4,1504,0.9792,4168.0,0.5714285714285714,11,Aggressive
0.0,0.0,0.0,0,2,105.9,0,0,0,19,0,2,1,18.87,1345,0.0,97,95,1488,0,0.0,0,0.0,0,0,187.8,2,0,0.4167,187.8,0.0,2,Aggressive
0.0,0.0,0.0,0,0,269.0,1,0,1,36,1195,1,1,12.43,1402,0.0,30,29,0,0,0.0,0,0.0,0,0,493.1,3,1468,0.3793,493.1,0.0,1,Aggressive
0.0,0.0,0.0,0,0,62.38,1,2,0,37,0,1,1,10.79,1350,0.0,29,29,1499,0,0.0,0,0.0,0,0,658.0,3,0,0.2143,658.0,2.0,0,Aggressive
0.0,0.0,0.0,0,0,0.0,0,0,0,32,1004,1,1,9.988,1895,0.0,98,95,0,0,0.0,0,0.0,0,0,1499.0,5,1457,0.4536,1499.0,0.0,0,Aggressive
0.0,0.0,0.0,0,2,0.0,0,0,5,17,1338,2,1,33.97,1785,0.0,96,92,0,0,1891.0,0,0.0,0,0,1373.0,6,1594,0.6947,3264.0,0.0,7,Aggressive
0.0,0.0,0.0,0,0,95.5,1,0,0,58,0,0,0,0.0,1398,0.0,24,24,1480,0,0.0,0,0.0,0,0,2080.0,7,0,0.3913,2080.0,0.0,0,Survivalist
0.0,0.0,0.0,0,0,27.68,0,0,0,51,0,0,0,0.0,1873,0.0,23,22,1484,0,0.0,0,0.0,0,0,2664.0,5,0,0.5909,2664.0,0.0,0,Survivalist
0.0,0.0,0.0,0,0,0.0,0,0,0,53,0,0,0,0.0,1388,0.0,27,27,1457,0,0.0,0,0.0,0,0,2073.0,6,0,0.6538,2073.0,0.0,0,Survivalist
0.0,0.0,0.0,0,0,0.0,0,0,0,83,0,0,0,0.0,1985,0.0,98,94,1502,0,0.0,0,0.0,0,0,119.2,2,0,0.1237,119.2,0.0,0,Survivalist
0.0,0.0,0.0,0,4,429.5,0,0,4,6,0,4,1,311.0,1936,0.0,97,95,1494,0,2652.0,0,0.0,0,0,3625.0,7,0,0.7604,6277.0,0.0,8,Aggressive
0.0,0.0,0.0,1,0,83.96,1,0,0,26,0,1,1,4.629,1832,0.0,29,28,1412,0,5326.0,0,0.0,1,0,3308.0,7,0,0.8214,8634.0,0.0,0,Aggressive
0.0,0.0,0.0,1,2,0.0,2,1,2,12,0,3,1,46.09,1394,0.0,29,28,1486,0,0.0,0,0.0,0,0,592.4,3,0,0.3929,592.4,0.3333333333333333,4,Aggressive
0.0,0.0,0.0,1,1,187.1,1,0,0,16,1265,2,2,14.65,1348,0.0,47,46,0,0,2126.0,0,0.0,0,0,654.8,9,1619,0.8913,2780.8,0.0,1,Aggressive
0.0,0.0,0.0,0,4,0.0,0,0,6,55,1000,0,0,0.0,1357,0.0,29,27,0,0,0.0,0,152.6,0,0,2465.0,7,1500,0.7857,2617.6,0.0,10,Survivalist
0.0,0.0,0.0,0,2,82.0,1,2,1,29,0,1,1,62.75,1250,0.0,27,27,1484,0,0.0,0,0.0,0,0,1804.0,4,0,0.5769,1804.0,2.0,3,Aggressive
0.0,0.0,0.0,0,0,0.0,0,0,0,97,0,0,0,0.0,1351,0.0,98,98,1500,0,0.0,0,0.0,0,0,33.43,1,0,0.0103,33.43,0.0,0,Survivalist
0.0,0.0,0.0,1,0,80.72,0,0,0,36,1030,0,0,0.0,1903,0.0,29,29,0,0,0.0,0,0.0,0,0,260.0,2,1506,0.9286,260.0,0.0,0,Survivalist
0.0,0.0,0.0,0,0,121.8,0,0,2,64,1161,0,0,0.0,1277,0.0,50,49,0,0,0.0,0,0.0,0,0,191.1,1,1480,0.3878,191.1,0.0,2,Survivalist
0.0,0.0,0.0,0,0,0.0,0,0,0,88,0,0,0,0.0,1871,0.0,27,26,1395,0,0.0,0,0.0,0,0,0.0,0,0,0.0,0.0,0.0,0,Survivalist
0.0,0.0,0.0,0,0,100.0,0,1,0,41,0,1,1,23.98,1355,0.0,98,97,1512,0,0.0,0,0.0,0,0,130.4,1,0,0.2784,130.4,1.0,0,Aggressive
0.0,0.0,0.0,1,2,281.7,3,1,13,19,0,2,1,24.66,1407,0.0,27,26,1491,1,0.0,0,0.0,2,0,504.7,4,0,0.4615,504.7,0.5,15,Aggressive
0.0,0.0,0.0,0,0,79.98,0,0,1,59,0,0,0,0.0,1806,0.0,49,48,1491,0,0.0,0,0.0,0,0,1822.0,3,0,0.4583,1822.0,0.0,1,Survivalist
0.0,0.0,0.0,0,5,456.1,3,0,1,17,0,2,1,56.47,1769,0.0,27,26,1490,0,2294.0,0,0.0,0,0,3753.0,4,0,0.7308,6047.0,0.0,6,Aggressive
0.0,0.0,0.0,1,0,100.0,1,1,0,43,0,1,1,31.23,1322,0.0,48,44,1528,0,0.0,0,0.0,0,0,143.4,2,0,0.0851,143.4,1.0,0,Aggressive
0.0,0.0,0.0,1,0,70.73,0,0,0,91,0,0,0,0.0,1834,0.0,96,95,1482,0,0.0,0,0.0,0,0,25.03,2,0,0.0526,25.03,0.0,0,Survivalist
0.0,0.0,0.0,0,0,100.0,1,0,0,57,1173,0,0,0.0,1463,0.0,49,47,0,1,453.6,0,0.0,0,0,1426.0,6,1503,0.625,1879.6,0.0,0,Survivalist
0.0,0.0,0.0,0,0,100.0,1,0,0,74,1000,0,0,0.0,1353,0.0,26,24,0,0,0.0,0,0.0,1,0,348.4,2,1500,0.16,348.4,0.0,0,Survivalist
0.0,0.0,0.0,0,0,38.7,0,0,0,46,0,0,0,0.0,1851,0.0,48,46,1513,0,2666.0,0,0.0,0,0,1849.0,8,0,0.6809,4515.0,0.0,0,Survivalist
0.0,0.0,0.0,0,0,100.0,1,0,0,40,1258,1,1,6.209,1892,0.0,26,26,0,0,0.0,0,0.0,0,0,248.1,2,1458,0.08,248.1,0.0,0,Aggressive
0.0,0.0,0.0,0,0,140.8,1,0,2,29,0,1,1,100.7,1429,0.0,48,47,1516,0,0.0,0,0.0,0,0,1187.0,4,0,0.6383,1187.0,0.0,2,Aggressive
0.0,0.0,0.0,0,1,102.5,1,0,0,27,0,1,1,97.01,1970,0.0,28,25,1481,0,0.0,0,0.0,0,0,1148.0,6,0,0.4444,1148.0,0.0,1,Aggressive
0.0,0.0,0.0,0,6,597.1,4,2,4,2,1154,7,2,183.0,1919,0.0,48,47,0,0,1792.0,0,0.0,0,0,3114.0,4,1529,1.0,4906.0,0.2857142857142857,10,Aggressive
0.0,0.0,0.0,1,0,88.9,1,0,3,50,1000,0,0,0.0,1314,0.0,28,26,0,0,0.0,0,0.0,0,0,1645.0,7,1500,0.7778,1645.0,0.0,3,Survivalist
0.0,0.0,0.0,0,0,507.4,2,0,0,34,1252,0,0,0.0,1753,0.0,27,25,0,0,1552.0,0,0.0,0,0,3586.0,5,1424,0.9615,5138.0,0.0,0,Survivalist
0.0,0.0,0.0,0,0,533.8,3,0,0,14,0,3,2,12.88,1340,0.0,48,48,1632,1,0.0,0,21.21,0,0,651.1,7,0,0.0,672.3100000000001,0.0,0,Aggressive
0.0,0.0,0.0,0,0,0.0,0,0,0,92,0,0,0,0.0,1781,0.0,49,47,1500,0,0.0,0,0.0,0,0,154.5,1,0,0.0417,154.5,0.0,0,Survivalist
0.0,0.0,0.0,0,1,9.7,1,0,0,29,1165,1,1,11.55,1393,0.0,28,27,0,2,0.0,0,0.0,0,0,761.0,3,1425,0.4815,761.0,0.0,1,Aggressive
0.0,0.0,0.0,0,1,284.7,1,2,6,16,1441,2,2,11.18,1429,0.0,50,48,0,1,0.0,0,0.0,0,0,700.9,7,1516,0.5102,700.9,1.0,7,Aggressive
0.0,0.0,0.0,0,1,100.0,1,0,1,36,0,1,1,5.663,1958,0.0,28,27,1639,0,0.0,0,0.0,0,0,573.3,5,0,0.1111,573.3,0.0,2,Aggressive
0.0,0.0,0.0,0,2,0.0,2,1,2,5,0,3,2,22.28,1369,0.0,28,28,1358,0,0.0,0,0.0,0,0,2625.0,2,0,0.7778,2625.0,0.3333333333333333,4,Aggressive
0.0,0.0,0.0,1,4,0.0,1,1,1,16,1363,2,1,86.92,1421,0.0,30,29,0,1,0.0,0,202.5,0,0,2517.0,8,1477,0.9655,2719.5,0.5,5,Aggressive
0.0,0.0,0.0,0,0,0.0,0,0,1,57,1000,0,0,0.0,1380,0.0,48,47,0,0,0.0,0,0.0,0,0,1331.0,5,1500,0.617,1331.0,0.0,1,Survivalist
0.0,0.0,0.0,0,3,76.62,1,0,2,17,1210,2,1,169.4,1866,0.0,29,29,0,0,1487.0,0,0.0,0,0,4009.0,5,1508,0.7857,5496.0,0.0,5,Aggressive
0.0,0.0,0.0,0,3,395.1,2,3,2,13,1000,2,1,124.4,1376,0.0,49,48,0,0,0.0,0,0.0,0,0,2080.0,7,1500,0.875,2080.0,1.5,5,Aggressive
0.0,0.0,0.0,0,0,60.8,1,0,0,35,1261,1,1,75.99,1396,0.0,47,45,0,1,0.0,0,0.0,0,0,175.2,2,1490,0.3478,175.2,0.0,0,Aggressive
0.0,0.0,0.0,1,8,118.8,1,0,20,42,0,0,0,0.0,1823,0.0,29,27,1400,1,3160.0,0,373.2,1,0,2760.0,9,0,0.9286,6293.2,0.0,28,Survivalist
0.0,0.0,0.0,0,5,149.3,0,0,4,24,0,1,1,113.4,1419,0.0,49,49,1534,1,0.0,0,382.2,0,0,2724.0,5,0,0.9375,3106.2,0.0,9,Aggressive
0.0,0.0,0.0,0,0,148.6,0,0,0,13,1099,2,1,26.61,1928,0.0,95,92,0,0,2348.0,0,0.0,0,0,964.5,6,1520,0.7128,3312.5,0.0,0,Aggressive
0.0,0.0,0.0,0,0,74.2,1,0,0,66,1406,0,0,0.0,1267,0.0,29,28,0,1,0.0,0,0.0,1,0,272.6,3,1584,0.4643,272.6,0.0,0,Survivalist
0.0,0.0,0.0,0,7,4.19,1,2,9,32,0,1,1,44.81,1895,0.0,28,28,1437,0,0.0,0,0.0,0,0,2925.0,8,0,0.7037,2925.0,2.0,16,Aggressive
0.0,0.0,0.0,0,0,147.9,1,0,0,35,1014,1,1,15.62,1800,0.0,28,26,0,0,0.0,0,0.0,0,0,81.15,1,1505,0.0,81.15,0.0,0,Aggressive
0.0,0.0,0.0,1,0,95.8,0,0,0,88,0,0,0,0.0,1915,0.0,98,93,1474,0,0.0,0,0.0,0,0,59.16,5,0,0.0722,59.16,0.0,0,Survivalist
0.0,0.0,0.0,0,1,0.0,3,1,1,14,0,3,1,8.875,1391,0.0,28,27,1500,1,0.0,0,0.0,0,0,0.0,3,0,0.0,0.0,0.3333333333333333,2,Aggressive
0.0,0.0,0.0,0,0,0.0,0,0,0,88,1063,0,0,0.0,1288,0.0,28,28,0,0,0.0,0,0.0,0,0,164.8,5,1508,0.0741,164.8,0.0,0,Survivalist
0.0,0.0,0.0,0,0,268.3,2,1,0,13,0,3,2,10.64,1380,0.0,49,48,1511,1,0.0,0,0.0,0,0,289.3,6,0,0.3333,289.3,0.3333333333333333,0,Aggressive
0.0,0.0,0.0,0,0,0.0,0,0,0,50,0,0,0,0.0,1288,0.0,26,23,1413,0,0.0,0,24.33,0,0,15.31,0,0,0.52,39.64,0.0,0,Survivalist
0.0,0.0,0.0,0,6,0.0,0,0,12,51,0,0,0,0.0,1349,0.0,26,26,1418,1,1093.0,0,0.0,0,0,2933.0,6,0,0.64,4026.0,0.0,18,Survivalist
0.0,0.0,0.0,0,0,200.0,2,0,0,22,0,2,2,5.638,2083,0.0,25,25,1500,0,0.0,0,0.0,0,0,6.167,1,0,0.25,6.167,0.0,0,Aggressive
0.0,0.0,0.0,1,2,153.8,1,0,6,53,1000,0,0,0.0,2202,0.0,47,44,0,0,9212.0,0,157.9,1,0,694.9,3,1500,0.6087,10064.8,0.0,8,Survivalist
0.0,0.0,0.0,0,0,0.0,0,0,2,74,0,0,0,0.0,1259,0.0,49,48,1464,0,0.0,0,0.0,0,0,160.4,1,0,0.375,160.4,0.0,2,Survivalist
0.0,0.0,0.0,0,0,0.0,0,0,0,59,1153,0,0,0.0,1877,0.0,28,28,0,0,1600.0,0,0.0,0,0,1148.0,3,1455,0.4074,2748.0,0.0,0,Survivalist
0.0,0.0,0.0,0,0,130.1,1,1,0,37,0,1,1,3.907,1839,0.0,29,28,1408,0,0.0,0,0.0,0,0,98.78,1,0,0.0357,98.78,1.0,0,Aggressive
0.0,0.0,0.0,0,5,0.0,0,0,6,47,0,0,0,0.0,1875,0.0,27,25,1466,0,5682.0,0,0.0,0,0,1100.0,4,0,0.6923,6782.0,0.0,11,Survivalist
0.0,0.0,0.0,0,5,0.0,1,0,1,24,0,1,1,7.941,1413,0.0,31,28,1397,0,0.0102,0,9.323,0,0,3192.0,7,0,0.0,3201.3332,0.0,6,Aggressive
0.0,0.0,0.0,0,0,0.0,0,0,0,54,944,0,0,0.0,1424,0.0,50,49,0,0,124.0,0,0.0,0,0,2142.0,15,1404,0.7347,2266.0,0.0,0,Survivalist
0.0,0.0,0.0,0,2,345.6,3,0,1,7,1702,3,2,20.86,1400,0.0,28,27,0,0,0.0,0,0.0,0,0,169.6,4,1652,1.0,169.6,0.0,3,Aggressive
0.0,0.0,0.0,0,0,0.0,0,0,2,49,0,0,0,0.0,1384,0.0,28,28,1467,0,512.1,0,0.0,0,0,2172.0,4,0,0.7778,2684.1,0.0,2,Survivalist
0.0,0.0,0.0,0,1,317.8,1,1,1,8,0,3,1,36.65,1963,0.0,48,45,1549,0,0.0,0,0.0,0,0,750.8,3,0,0.5319,750.8,0.3333333333333333,2,Aggressive
0.0,0.0,0.0,0,0,217.0,2,0,0,18,0,2,1,17.2,1910,0.0,28,26,1231,0,0.0,0,0.0,0,0,407.1,2,0,0.3704,407.1,0.0,0,Aggressive
0.0,0.0,0.0,1,0,30.24,0,0,7,48,0,0,0,0.0,1362,0.0,27,27,1605,0,0.0,0,0.0,0,0,1856.0,4,0,0.9615,1856.0,0.0,7,Survivalist
0.0,0.0,0.0,0,0,64.62,0,0,0,97,1353,0,0,0.0,1832,0.0,97,92,0,0,0.0,0,0.0,0,0,3.58,0,1527,0.0,3.58,0.0,0,Survivalist
0.0,0.0,0.0,0,0,0.0,0,0,0,95,0,0,0,0.0,1382,0.0,49,47,1510,0,0.0,0,0.0,0,0,31.96,0,0,0.0,31.96,0.0,0,Survivalist
0.0,0.0,0.0,0,7,0.0,3,2,2,7,1311,60,1,70.83,1509,0.0,45,41,0,0,309.1,0,0.0,0,0,0.0,5,1562,0.0,309.1,0.03333333333333333,9,Aggressive
0.0,0.0,0.0,1,0,0.0,0,0,0,67,0,0,0,0.0,1988,0.0,28,25,1431,0,2664.0,0,0.0,0,0,1638.0,4,0,0.4074,4302.0,0.0,0,Survivalist
0.0,0.0,0.0,0,2,0.0,0,0,0,71,0,0,0,0.0,1385,0.0,49,47,1614,0,0.0,0,0.0,0,0,332.5,1,0,0.3333,332.5,0.0,2,Survivalist
0.0,0.0,0.0,0,0,149.8,0,0,1,59,0,0,0,0.0,1371,0.0,28,26,1458,0,0.0,0,0.0,0,0,873.8,2,0,0.4074,873.8,0.0,1,Survivalist
0.0,0.0,0.0,0,0,32.98,1,0,0,38,1343,1,1,14.18,1812,0.0,29,28,0,0,0.0,0,0.0,0,0,184.1,2,1484,0.1429,184.1,0.0,0,Aggressive
0.0,0.0,0.0,0,2,451.7,3,0,1,5,1059,4,3,82.75,1893,0.0,29,28,0,1,0.0,0,151.0,0,0,3318.0,9,1516,0.9643,3469.0,0.0,3,Aggressive
0.0,0.0,0.0,0,0,125.0,1,0,0,75,0,0,0,0.0,1892,0.0,50,48,1493,1,0.0,0,0.0,0,0,163.6,3,0,0.2245,163.6,0.0,0,Survivalist
0.0,0.0,0.0,0,0,0.0,0,0,0,63,0,0,0,0.0,2089,0.0,28,28,1395,0,0.0,0,0.0,0,0,556.3,6,0,0.5926,556.3,0.0,0,Survivalist
0.0,0.0,0.0,0,0,0.0,0,0,0,91,0,0,0,0.0,1704,0.0,47,44,1514,0,0.0,0,0.0,0,0,0.0,0,0,0.0,0.0,0.0,0,Survivalist
0.0,0.0,0.0,0,4,111.0,1,0,1,37,1295,1,1,1.88,1423,0.0,27,26,0,0,275.1,0,0.0,0,0,1068.0,4,1461,0.6538,1343.1,0.0,5,Aggressive
0.0,0.0,0.0,0,0,46.77,0,0,0,51,1191,0,0,0.0,1312,0.0,29,29,0,0,0.0,0,0.0,0,0,2159.0,5,1502,0.7143,2159.0,0.0,0,Survivalist
0.0,0.0,0.0,2,2,0.0,2,2,3,7,1000,4,2,24.77,1962,0.0,48,48,0,1,187.6,0,0.0,0,1,1767.0,4,1500,0.766,1954.6,0.5,5,Aggressive
0.0,0.0,0.0,0,2,84.16,0,0,0,33,0,1,1,1.67,1381,0.0,49,47,1506,0,0.0,0,0.0,0,0,742.4,8,0,0.4583,742.4,0.0,2,Aggressive
0.0,0.0,0.0,0,2,0.0,0,0,0,57,0,0,0,0.0,1454,0.0,97,96,1486,0,3280.0,0,0.0,0,0,701.4,0,0,0.6354,3981.4,0.0,2,Survivalist
0.0,0.0,0.0,0,0,84.92,0,0,0,71,1155,0,0,0.0,1758,0.0,29,28,0,0,0.0,0,0.0,0,0,1428.0,4,1507,0.2143,1428.0,0.0,0,Survivalist
0.0,0.0,0.0,0,4,58.46,0,0,1,49,0,0,0,0.0,1364,0.0,26,26,1507,0,0.0,0,0.0,0,0,2226.0,9,0,0.76,2226.0,0.0,5,Survivalist
0.0,0.0,0.0,0,1,12.0,0,0,0,61,1000,0,0,0.0,1801,0.0,47,44,0,1,289.1,0,0.0,0,0,1029.0,7,1500,0.413,1318.1,0.0,1,Survivalist
0.0,0.0,0.0,1,0,69.45,0,0,0,58,0,0,0,0.0,1383,0.0,28,28,1500,0,0.0,0,0.0,0,0,1586.0,9,0,0.6296,1586.0,0.0,0,Survivalist
0.0,0.0,0.0,0,4,0.0,4,1,6,3,0,5,2,81.1,1874,0.0,27,25,1460,1,2925.0,0,0.0,0,0,3312.0,6,0,0.9615,6237.0,0.2,10,Aggressive
0.0,0.0,0.0,0,0,103.3,1,0,7,33,1451,1,1,13.74,1330,0.0,28,25,0,0,0.0,0,0.0,0,0,479.9,2,1510,0.4444,479.9,0.0,7,Aggressive
0.0,0.0,0.0,0,4,16.23,1,0,5,42,0,0,0,0.0,1887,0.0,46,43,1510,0,2401.0,0,0.0,0,0,2833.0,14,0,0.8667,5234.0,0.0,9,Survivalist
0.0,0.0,0.0,0,1,48.89,1,0,0,55,0,0,0,0.0,1441,0.0,28,28,1498,0,0.0,0,0.0,0,0,1793.0,3,0,0.6296,1793.0,0.0,1,Survivalist
0.0,0.0,0.0,0,2,18.05,0,0,0,77,1392,0,0,0.0,1886,0.0,31,28,0,1,0.0,0,0.0,0,0,209.5,3,1504,0.2,209.5,0.0,2,Survivalist
0.0,0.0,0.0,0,1,259.1,1,1,0,11,0,3,2,10.23,1357,0.0,50,48,1453,0,0.0,0,0.0,0,0,274.9,5,0,0.3673,274.9,0.3333333333333333,1,Aggressive
0.0,0.0,0.0,0,2,148.4,0,1,0,23,0,1,1,28.89,1778,0.0,92,88,1521,0,873.2,0,0.0,0,0,3341.0,2,0,0.8132,4214.2,1.0,2,Aggressive
0.0,0.0,0.0,0,0,0.0,0,0,0,74,1082,0,0,0.0,1397,0.0,48,43,0,0,0.0,0,0.0,0,0,130.3,3,1474,0.2553,130.3,0.0,0,Survivalist
0.0,0.0,0.0,0,0,0.0,0,0,0,91,0,0,0,0.0,1495,0.0,94,94,1538,0,0.0,0,0.0,0,0,0.0,1,0,0.0323,0.0,0.0,0,Survivalist
0.0,0.0,0.0,0,2,624.1,4,3,4,4,0,5,2,95.84,1367,0.0,26,26,1382,0,0.0,0,0.0,0,0,1907.0,7,0,0.6,1907.0,0.6,6,Aggressive
0.0,0.0,0.0,2,0,142.8,0,0,0,74,1437,0,0,0.0,1336,0.0,50,48,0,0,0.0,0,0.0,0,0,581.2,3,1477,0.3265,581.2,0.0,0,Survivalist
0.0,0.0,0.0,0,0,51.6,0,0,0,49,0,0,0,0.0,1861,0.0,94,91,1500,0,0.0,0,0.0,0,0,1423.0,2,0,0.6022,1423.0,0.0,0,Survivalist
0.0,0.0,0.0,0,1,199.7,3,1,6,16,0,2,1,74.49,1342,0.0,26,23,1523,1,568.1,0,0.0,0,0,2693.0,5,0,0.92,3261.1,0.5,7,Aggressive
0.0,0.0,0.0,0,0,0.0,0,0,0,80,0,0,0,0.0,1902,0.0,29,27,1496,0,0.0,0,0.0,0,0,0.0002,0,0,0.1429,0.0002,0.0,0,Survivalist
0.0,0.0,0.0,2,0,49.29,0,0,4,31,1195,1,1,4.188,1555,0.0,49,48,0,2,1400.0,0,0.0,0,0,987.3,4,1422,0.5833,2387.3,0.0,4,Aggressive
0.0,0.0,0.0,0,2,0.0,2,4,8,9,0,3,2,79.69,1845,0.0,28,27,999,0,0.0,0,0.0,0,0,494.8,3,0,0.0,494.8,1.3333333333333333,10,Aggressive
0.0,0.0,0.0,0,0,23.4,0,0,0,67,1025,0,0,0.0,1725,0.0,26,26,0,0,0.0,0,0.0,0,0,1210.0,6,1482,0.28,1210.0,0.0,0,Survivalist
0.0,0.0,0.0,0,0,0.0,0,0,0,78,0,0,0,0.0,1259,0.0,49,48,1481,0,0.0,0,0.0,0,0,147.9,3,0,0.2917,147.9,0.0,0,Survivalist
0.0,0.0,0.0,1,4,435.5,2,0,21,11,1226,2,2,75.27,1397,0.0,45,42,0,0,757.9,0,0.0,0,0,2037.0,4,1424,0.8636,2794.9,0.0,25,Aggressive
0.0,0.0,0.0,0,0,0.0,0,0,0,78,0,0,0,0.0,1762,0.0,48,45,1513,0,0.0,0,0.0,0,0,419.7,4,0,0.1915,419.7,0.0,0,Survivalist
0.0,0.0,0.0,0,0,0.0,0,0,0,88,0,0,0,0.0,1363,0.0,28,28,1500,0,0.0,0,0.0,0,0,27.07,1,0,0.037,27.07,0.0,0,Survivalist
0.0,0.0,0.0,0,3,19.35,0,0,2,52,1429,0,0,0.0,1301,0.0,28,28,0,0,461.7,0,0.0,0,0,1389.0,4,1498,0.6667,1850.7,0.0,5,Survivalist
0.0,0.0,0.0,0,1,176.6,1,0,1,17,0,2,2,13.95,1797,0.0,26,24,1442,0,0.0,0,0.0,0,0,435.6,3,0,0.24,435.6,0.0,2,Aggressive
0.0,0.0,0.0,0,0,100.0,0,2,0,37,1246,1,1,9.154,1375,0.0,97,95,0,0,0.0,0,0.0,0,0,37.96,3,1516,0.3125,37.96,2.0,0,Aggressive
0.0,0.0,0.0,0,0,139.6,0,0,0,39,0,1,1,8.139,1388,0.0,94,94,1569,0,0.0,0,0.0,0,0,208.3,4,0,0.3763,208.3,0.0,0,Aggressive
0.0,0.0,0.0,0,0,0.0,0,0,0,92,0,0,0,0.0,1457,0.0,50,48,1490,0,0.0,0,0.0,0,0,16.85,0,0,0.0204,16.85,0.0,0,Survivalist
0.0,0.0,0.0,0,0,113.7,2,0,0,16,0,2,1,268.2,1816,0.0,29,27,1525,0,0.0,0,0.0,0,0,3011.0,5,0,0.7857,3011.0,0.0,0,Aggressive
0.0,0.0,0.0,0,0,21.29,0,0,1,51,0,0,0,0.0,1387,0.0,49,47,1524,0,0.0,0,0.0,0,0,1689.0,5,0,0.6875,1689.0,0.0,1,Survivalist
0.0,0.0,0.0,0,3,182.6,0,0,5,44,0,0,0,0.0,1422,0.0,28,26,1425,0,0.0,0,0.0,0,0,2628.0,6,0,0.9259,2628.0,0.0,8,Survivalist
0.0,0.0,0.0,0,0,0.0,0,0,0,76,0,0,0,0.0,2057,0.0,28,28,1476,0,0.0,0,0.0,0,0,532.2,2,0,0.1111,532.2,0.0,0,Survivalist
0.0,0.0,0.0,1,5,126.0,0,0,0,54,0,0,0,0.0,1289,0.0,28,27,1332,0,0.0,0,0.0,0,0,2596.0,4,0,0.8519,2596.0,0.0,5,Survivalist
0.0,0.0,0.0,1,1,259.2,2,0,4,42,0,0,0,0.0,1880,0.0,47,47,1578,0,5190.0,0,0.0,0,0,1911.0,4,0,0.7391,7101.0,0.0,5,Survivalist
0.0,0.0,0.0,0,0,42.9,0,0,0,92,1353,0,0,0.0,1302,0.0,28,28,0,0,0.0,0,0.0,0,0,139.8,3,1444,0.037,139.8,0.0,0,Survivalist
0.0,0.0,0.0,0,0,0.0,0,0,0,87,0,0,0,0.0,1874,0.0,29,27,1460,0,0.0,0,0.0,0,0,0.0,2,0,0.0,0.0,0.0,0,Survivalist
0.0,0.0,0.0,0,6,297.0,1,0,9,24,0,1,1,15.3,1409,0.0,48,47,1500,1,0.0,0,0.0,0,0,2666.0,3,0,0.8298,2666.0,0.0,15,Aggressive
0.0,0.0,0.0,0,0,25.8,0,0,0,61,0,0,0,0.0,1452,0.0,94,92,1500,0,0.0,0,0.0,0,0,394.3,4,0,0.4839,394.3,0.0,0,Survivalist
0.0,0.0,0.0,0,0,200.0,1,1,5,21,1225,2,1,29.47,1971,0.0,49,47,0,0,0.0,0,0.0,0,0,151.9,1,1501,0.1667,151.9,0.5,5,Aggressive
0.0,0.0,0.0,1,6,1163.0,9,0,1,1,1000,9,3,36.57,1527,0.0,30,28,0,2,232.8,0,0.0,0,0,2885.0,5,1500,1.0,3117.8,0.0,7,Aggressive
0.0,0.0,0.0,0,0,0.0,0,0,0,56,1255,0,0,0.0,1420,0.0,48,45,0,0,0.0,0,0.0,0,0,0.28,0,1467,0.5745,0.28,0.0,0,Survivalist
0.0,0.0,0.0,0,0,159.8,1,0,0,41,0,1,1,9.633,1454,0.0,27,27,1426,1,0.0,0,0.0,0,0,302.1,5,0,0.1538,302.1,0.0,0,Aggressive
0.0,0.0,0.0,1,3,214.4,2,0,4,12,0,2,1,96.21,1369,0.0,28,28,1453,0,0.0,0,0.0,0,0,3375.0,6,0,0.8889,3375.0,0.0,7,Aggressive
0.0,0.0,0.0,0,0,0.0,0,0,0,71,1337,0,0,0.0,1385,0.0,27,27,0,0,456.8,0,0.0,0,0,800.3,3,1476,0.2692,1257.1,0.0,0,Survivalist
0.0,0.0,0.0,0,0,6.789,0,0,0,66,1011,0,0,0.0,1974,0.0,92,85,0,0,455.0,0,0.0,0,0,636.4,3,1493,0.3187,1091.4,0.0,0,Survivalist
0.0,0.0,0.0,0,1,0.0,0,0,0,62,1207,0,0,0.0,1816,0.0,28,28,0,0,651.6,0,0.0,0,0,0.0,5,1610,0.0,651.6,0.0,1,Survivalist
0.0,0.0,0.0,0,0,0.0,0,0,0,78,1251,0,0,0.0,1449,0.0,48,47,0,0,0.0,0,0.0,0,0,173.8,5,1410,0.1915,173.8,0.0,0,Survivalist
0.0,0.0,0.0,0,2,0.0,1,0,2,27,0,1,1,14.92,1248,0.0,27,27,1496,0,0.0,0,0.0,0,0,1166.0,4,0,0.6923,1166.0,0.0,4,Aggressive
0.0,0.0,0.0,0,0,126.4,1,0,0,23,0,1,1,74.4,1890,0.0,26,25,1510,0,0.0,0,0.0,0,0,232.5,1,0,0.8,232.5,0.0,0,Aggressive
0.0,0.0,0.0,0,0,0.0,0,0,0,59,1295,0,0,0.0,1294,0.0,27,27,0,1,0.0,0,0.0,0,0,1022.0,6,1460,0.4231,1022.0,0.0,0,Survivalist
0.0,0.0,0.0,0,0,65.6,0,0,0,82,1345,0,0,0.0,1817,0.0,30,26,0,0,0.0,0,0.0,0,0,249.6,6,1583,0.2069,249.6,0.0,0,Survivalist
0.0,0.0,0.0,0,2,108.9,1,0,7,54,0,0,0,0.0,1803,0.0,29,28,1500,0,6734.0,0,0.0,0,0,1535.0,2,0,0.6429,8269.0,0.0,9,Survivalist
0.0,0.0,0.0,0,0,88.88,0,0,0,47,0,0,0,0.0,1874,0.0,95,87,1520,0,0.0,0,0.0,0,0,1052.0,4,0,0.6489,1052.0,0.0,0,Survivalist
0.0,0.0,0.0,0,0,1.566,0,0,0,43,1056,0,0,0.0,1757,0.0,28,28,0,0,2317.0,0,0.0,0,0,3025.0,5,1491,0.7407,5342.0,0.0,0,Survivalist
0.0,0.0,0.0,0,0,86.0,0,0,0,82,0,0,0,0.0,1892,0.0,46,44,1484,0,0.0,0,0.0,0,0,148.0,1,0,0.1333,148.0,0.0,0,Survivalist
0.0,0.0,0.0,0,1,134.2,1,0,1,59,1491,0,0,0.0,1176,0.0,32,32,0,0,0.0,0,0.0,0,0,671.5,2,1516,0.5161,671.5,0.0,2,Survivalist
0.0,0.0,0.0,0,3,0.0,0,0,3,52,1000,0,0,0.0,1258,0.0,28,28,0,0,0.0,0,0.0,0,0,2373.0,3,1500,0.6667,2373.0,0.0,6,Survivalist
0.0,0.0,0.0,2,0,404.1,0,0,1,11,1637,2,1,68.61,1365,0.0,27,27,0,1,0.0,0,58.28,0,0,3601.0,4,1731,1.0,3659.28,0.0,1,Aggressive
0.0,0.0,0.0,1,0,232.3,0,0,0,30,0,1,1,101.8,1792,0.0,45,43,1457,0,0.0,0,0.0,0,0,557.5,4,0,0.5455,557.5,0.0,0,Aggressive
0.0,0.0,0.0,2,0,61.19,0,0,0,72,0,0,0,0.0,1976,0.0,27,26,1399,0,1060.0,0,0.0,0,0,635.8,10,0,0.2308,1695.8,0.0,0,Survivalist
0.0,0.0,0.0,0,0,200.0,1,0,0,18,0,2,2,21.95,1823,0.0,47,46,1491,0,0.0,0,0.0,0,0,89.04,3,0,0.3696,89.04,0.0,0,Aggressive
0.0,0.0,0.0,0,2,10.0,1,1,0,31,0,1,1,35.21,1367,0.0,50,48,1532,0,0.0,0,0.0,0,0,1831.0,9,0,0.7959,1831.0,1.0,2,Aggressive
0.0,0.0,0.0,0,1,115.2,0,0,8,51,0,0,0,0.0,1888,0.0,31,30,1503,0,4161.0,0,0.0,0,0,2330.0,5,0,0.8667,6491.0,0.0,9,Survivalist
0.0,0.0,0.0,1,0,33.32,0,0,0,89,1132,0,0,0.0,1384,0.0,50,47,0,0,0.0,0,0.0,0,0,74.43,2,1516,0.0612,74.43,0.0,0,Survivalist
0.0,0.0,0.0,0,0,99.45,0,0,0,76,1000,0,0,0.0,1427,0.0,47,47,0,0,0.0,0,0.0,0,0,43.19,1,1500,0.1957,43.19,0.0,0,Survivalist
0.0,0.0,0.0,2,5,492.3,3,3,4,5,1389,3,1,116.5,1340,0.0,29,29,0,0,799.3,0,0.0,0,0,1945.0,5,1526,1.0,2744.3,1.0,9,Aggressive
0.0,0.0,0.0,0,2,197.1,0,1,2,27,0,1,1,30.37,1384,0.0,47,47,1498,0,0.0,0,0.0,0,0,1863.0,5,0,0.7174,1863.0,1.0,4,Aggressive
0.0,0.0,0.0,0,0,66.06,0,0,5,60,0,0,0,0.0,1769,0.0,29,28,1552,0,611.6,0,0.0,0,0,454.6,4,0,0.4286,1066.2,0.0,5,Survivalist
0.0,0.0,0.0,0,2,147.1,1,0,1,42,0,0,0,0.0,1374,0.0,49,47,1484,0,0.0,0,0.0,0,0,2466.0,2,0,0.8958,2466.0,0.0,3,Survivalist
0.0,0.0,0.0,0,0,0.0,0,0,0,62,0,0,0,0.0,2194,0.0,46,44,1494,0,2995.0,0,0.0,0,0,170.2,1,0,0.3333,3165.2,0.0,0,Survivalist
0.0,0.0,0.0,1,0,0.0,0,0,0,66,1669,0,0,0.0,1362,0.0,29,28,0,0,0.0,0,0.0,0,0,27.88,1,1572,0.0,27.88,0.0,0,Survivalist
0.0,0.0,0.0,0,1,57.88,1,0,0,31,1293,1,1,12.32,1370,0.0,28,27,0,0,0.0,0,0.0,0,0,424.5,2,1596,0.5185,424.5,0.0,1,Aggressive
0.0,0.0,0.0,0,2,252.3,2,0,11,23,1099,2,1,6.96,1375,0.0,29,29,0,0,0.0,0,0.0,1,0,517.4,2,1512,0.4643,517.4,0.0,13,Aggressive
0.0,0.0,0.0,0,0,19.8,0,0,0,89,0,0,0,0.0,1387,0.0,48,46,1493,0,0.0,0,0.0,0,0,40.49,1,0,0.0425,40.49,0.0,0,Survivalist
0.0,0.0,0.0,0,0,0.0,0,0,0,39,0,1,1,8.778,1523,0.0,28,24,1396,0,0.0,0,0.0,0,0,34.72,1,0,0.0,34.72,0.0,0,Aggressive
0.0,0.0,0.0,0,0,105.5,2,3,0,23,0,2,2,19.95,1740,0.0,28,25,1493,1,0.0,0,0.0,2,0,230.2,1,0,0.1481,230.2,1.5,0,Aggressive
0.0,0.0,0.0,0,0,128.4,0,0,0,41,1125,1,1,66.16,1423,0.0,28,28,0,0,0.0,0,0.0,0,0,104.6,3,1450,0.1481,104.6,0.0,0,Aggressive
0.0,0.0,0.0,0,0,0.0,0,0,0,90,0,0,0,0.0,1383,0.0,50,50,1650,0,0.0,0,0.0,0,0,10.36,2,0,0.102,10.36,0.0,0,Survivalist
0.0,0.0,0.0,0,0,0.0,0,0,0,77,0,0,0,0.0,2017,0.0,98,92,1465,0,0.0,0,0.0,0,0,387.2,6,0,0.2577,387.2,0.0,0,Survivalist
0.0,0.0,0.0,0,2,31.62,0,0,5,75,0,0,0,0.0,1875,0.0,2,2,1500,0,0.0,0,0.0,0,0,667.4,6,0,0.0,667.4,0.0,7,Survivalist
0.0,0.0,0.0,0,0,131.3,1,0,0,29,1110,1,1,7.163,1904,0.0,50,49,0,0,0.0,0,0.0,0,0,152.6,2,1477,0.3878,152.6,0.0,0,Aggressive
0.0,0.0,0.0,0,3,31.7,0,0,5,60,1144,0,0,0.0,1955,0.0,27,25,0,1,0.0,0,0.0,0,0,3701.0,6,1452,0.5385,3701.0,0.0,8,Survivalist
0.0,0.0,0.0,1,1,156.5,0,0,0,80,1292,0,0,0.0,1892,0.0,29,27,0,0,0.0,0,0.0,0,0,45.18,1,1537,0.1786,45.18,0.0,1,Survivalist
0.0,0.0,0.0,0,1,304.3,3,1,0,12,1253,3,1,35.32,1826,0.0,30,29,0,2,0.0,0,0.0,1,0,496.1,5,1491,0.3793,496.1,0.3333333333333333,1,Aggressive
0.0,0.0,0.0,0,0,31.97,0,0,0,87,0,0,0,0.0,1870,0.0,94,84,1498,0,0.0,0,0.0,0,0,20.34,1,0,0.043,20.34,0.0,0,Survivalist
0.0,0.0,0.0,1,0,0.0,0,0,0,26,0,0,0,0.0,1864,0.0,16,16,1500,0,4136.0,0,0.0,0,0,0.0,2,0,0.0,4136.0,0.0,0,Survivalist
0.0,0.0,0.0,1,2,221.5,1,3,0,15,0,2,2,24.97,1758,0.0,27,25,1555,0,71.11,0,21.11,0,0,4067.0,4,0,0.6923,4159.219999999999,1.5,2,Aggressive
0.0,0.0,0.0,0,0,24.51,0,0,9,41,0,0,0,0.0,1859,0.0,29,28,1502,0,1378.0,0,0.0,0,0,3947.0,2,0,0.9643,5325.0,0.0,9,Survivalist
0.0,0.0,0.0,0,0,23.22,0,0,0,77,1104,0,0,0.0,1452,0.0,98,94,0,0,0.0,0,0.0,0,0,44.55,3,1393,0.2268,44.55,0.0,0,Survivalist
0.0,0.0,0.0,1,0,210.0,1,0,1,60,1036,0,0,0.0,1296,0.0,29,29,0,1,0.0,0,0.0,0,0,747.4,4,1511,0.5,747.4,0.0,1,Survivalist
0.0,0.0,0.0,0,7,673.0,6,0,12,4,1614,5,2,57.8,1974,0.0,29,29,0,0,1730.0,0,0.0,0,0,2877.0,5,1650,0.9643,4607.0,0.0,19,Aggressive
0.0,0.0,0.0,0,0,0.0,0,0,0,80,0,0,0,0.0,1811,0.0,48,44,1533,0,0.0,0,0.0,0,0,30.65,1,0,0.1702,30.65,0.0,0,Survivalist
0.0,0.0,0.0,0,0,0.0,0,0,0,74,1129,0,0,0.0,1502,0.0,49,47,0,0,0.0,0,0.0,0,0,113.1,4,1478,0.2917,113.1,0.0,0,Survivalist
0.0,0.0,0.0,0,0,0.0,0,0,0,90,0,0,0,0.0,1884,0.0,26,26,1341,0,0.0,0,0.0,0,0,58.67,1,0,0.0,58.67,0.0,0,Survivalist
0.0,0.0,0.0,0,0,0.0,0,0,0,62,1006,60,0,0.0,1385,0.0,27,27,0,0,528.7,0,0.0,0,0,0.0,3,1500,0.0,528.7,0.0,0,Aggressive
0.0,0.0,0.0,0,2,0.0,2,1,1,8,0,3,1,64.72,1848,0.0,28,26,1428,2,1926.0,0,0.0,0,0,2590.0,7,0,0.8889,4516.0,0.3333333333333333,3,Aggressive
0.0,0.0,0.0,1,2,0.0,1,0,2,26,1274,1,1,79.97,1968,0.0,28,26,0,0,4726.0,0,0.0,0,0,2065.0,4,1607,0.5556,6791.0,0.0,4,Aggressive
0.0,0.0,0.0,0,1,32.0,0,0,1,61,1000,0,0,0.0,1741,0.0,29,28,0,0,3758.0,0,0.0,0,0,1043.0,4,1500,0.4286,4801.0,0.0,2,Survivalist
0.0,0.0,0.0,0,1,84.0,1,1,1,33,1006,1,1,41.96,1309,0.0,28,27,0,0,0.0,0,0.0,0,0,1187.0,6,1502,0.5185,1187.0,1.0,2,Aggressive
0.0,0.0,0.0,0,0,56.4,0,0,0,55,0,0,0,0.0,1325,0.0,29,29,1346,0,0.0,0,0.0,0,0,201.6,6,0,0.7143,201.6,0.0,0,Survivalist
0.0,0.0,0.0,3,3,251.9,0,0,1,27,0,1,1,74.61,1464,0.0,30,27,1477,0,1009.0,0,16.13,0,1,2358.0,4,0,0.931,3383.13,0.0,4,Aggressive
0.0,0.0,0.0,0,0,0.0,0,0,0,82,0,0,0,0.0,1980,0.0,27,24,1451,0,0.0,0,0.0,0,0,258.5,1,0,0.0,258.5,0.0,0,Survivalist
0.0,0.0,0.0,0,0,137.7,1,0,0,37,1400,1,1,4.531,1379,0.0,29,27,0,0,0.0,0,0.0,0,0,47.09,2,1501,0.1071,47.09,0.0,0,Aggressive
0.0,0.0,0.0,0,0,27.0,0,0,0,74,0,0,0,0.0,1347,0.0,47,46,1444,0,0.0,0,0.0,0,0,77.71,2,0,0.2609,77.71,0.0,0,Survivalist
0.0,0.0,0.0,0,3,0.0,1,1,2,23,0,1,1,7.17,1855,0.0,28,27,1453,0,0.0,0,0.0,1,0,4146.0,5,0,0.8148,4146.0,1.0,5,Aggressive
0.0,0.0,0.0,0,1,320.0,2,0,1,9,999,4,2,35.85,1328,0.0,48,47,0,0,0.0,0,0.0,0,0,207.9,1,1492,0.2766,207.9,0.0,2,Aggressive
0.0,0.0,0.0,0,0,4.45,1,0,0,86,1190,0,0,0.0,1374,0.0,30,30,0,0,0.0,0,0.0,0,0,75.18,2,1432,0.0345,75.18,0.0,0,Survivalist
0.0,0.0,0.0,0,2,164.3,1,0,0,10,1289,3,2,116.1,1313,0.0,49,49,0,0,0.0,0,0.0,0,0,775.1,4,1485,0.5625,775.1,0.0,2,Aggressive
0.0,0.0,0.0,0,0,100.0,1,0,0,40,1611,1,1,5.983,1399,0.0,30,28,0,0,0.0,0,0.0,0,0,68.2,1,1543,0.2069,68.2,0.0,0,Aggressive
0.0,0.0,0.0,2,6,364.5,1,1,12,7,0,3,2,36.68,1377,0.0,30,30,1500,1,3382.0,0,0.0,0,0,2502.0,3,0,0.9655,5884.0,0.3333333333333333,18,Aggressive
0.0,0.0,0.0,0,4,90.58,1,0,2,43,0,0,0,0.0,1688,0.0,24,23,1524,1,3309.0,0,0.0,0,0,1467.0,4,0,0.6522,4776.0,0.0,6,Survivalist
0.0,0.0,0.0,1,0,134.7,1,0,0,45,1044,1,1,8.894,1795,0.0,29,29,0,0,0.0,0,0.0,0,0,38.78,2,1508,0.0,38.78,0.0,0,Aggressive
0.0,0.0,0.0,0,0,0.0,0,0,0,49,1462,0,0,0.0,1202,0.0,60,60,0,0,0.0,0,0.0,0,0,274.5,2,1533,0.2881,274.5,0.0,0,Survivalist
0.0,0.0,0.0,1,1,225.3,1,1,1,11,0,2,1,49.12,1925,0.0,49,47,1587,0,923.7,0,0.0,0,0,4825.0,6,0,1.0,5748.7,0.5,2,Aggressive
0.0,0.0,0.0,0,0,156.5,0,0,0,75,1000,0,0,0.0,1391,0.0,27,27,0,0,0.0,0,0.0,0,0,49.34,2,1500,0.2692,49.34,0.0,0,Survivalist
0.0,0.0,0.0,0,0,139.7,1,0,0,27,0,1,1,22.79,1440,0.0,46,43,1506,0,0.0,0,0.0,0,0,1306.0,2,0,0.5778,1306.0,0.0,0,Aggressive
0.0,0.0,0.0,0,0,90.3,0,0,0,87,1339,0,0,0.0,1370,0.0,30,28,0,0,0.0,0,0.0,0,0,136.6,1,1535,0.069,136.6,0.0,0,Survivalist
0.0,0.0,0.0,0,0,164.2,0,0,0,53,0,0,0,0.0,1349,0.0,49,48,1505,0,0.0,0,0.0,0,0,1262.0,5,0,0.6042,1262.0,0.0,0,Survivalist
0.0,0.0,20381575540738.0,0,0,59.34,0,0,0,85,1223,0,0,0.0,1944,0.0,98,91,0,0,0.0,0,0.0,0,0,142.2,0,1352,0.1134,142.2,0.0,0,Survivalist
0.0,0.0,0.0,0,0,206.0,0,2,1,21,1087,2,1,137.9,1367,0.0,99,97,0,0,0.0,0,0.0,0,0,647.6,8,1516,0.5918,647.6,1.0,1,Aggressive
0.0,0.0,0.0,0,0,105.0,1,0,0,67,1423,0,0,0.0,1289,0.0,50,48,0,1,0.0,0,0.0,0,0,281.0,3,1490,0.3878,281.0,0.0,0,Survivalist
0.0,0.0,0.0,1,1,0.0,0,0,6,22,0,2,1,30.32,1835,0.0,50,48,1500,0,1278.0,0,0.0,0,0,788.3,4,0,0.0,2066.3,0.0,7,Aggressive
0.0,0.0,0.0,0,0,116.1,0,0,0,57,1108,0,0,0.0,1389,0.0,32,31,0,0,0.0,0,0.0,0,0,2833.0,4,1526,0.6774,2833.0,0.0,0,Survivalist
0.0,0.0,0.0,1,0,42.75,0,0,0,94,1336,0,0,0.0,1927,0.0,98,91,0,0,0.0,0,0.0,0,0,31.83,1,1394,0.0515,31.83,0.0,0,Survivalist
0.0,0.0,0.0,0,0,0.0,0,0,0,74,1053,0,0,0.0,1334,0.0,29,28,0,0,0.0,0,0.0,0,0,415.1,1,1501,0.25,415.1,0.0,0,Survivalist
0.0,0.0,0.0,2,5,290.3,0,0,5,13,0,2,1,33.13,1349,0.0,29,28,1418,1,0.0,0,0.0,0,0,3275.0,4,0,0.9643,3275.0,0.0,10,Aggressive
0.0,0.0,0.0,0,0,81.9,0,0,0,77,0,0,0,0.0,1397,0.0,46,44,1473,0,0.0,0,0.0,0,0,68.1,2,0,0.1556,68.1,0.0,0,Survivalist
0.0,0.0,0.0,0,0,0.0,0,0,0,79,1493,0,0,0.0,1372,0.0,99,97,0,0,0.0,0,0.0,0,0,77.05,2,1457,0.0,77.05,0.0,0,Survivalist
0.0,0.0,0.0,0,1,0.0,0,0,1,67,0,0,0,0.0,1319,0.0,29,29,1480,1,0.0,0,4.395,0,0,748.0,3,0,0.3214,752.395,0.0,2,Survivalist
0.0,0.0,0.0,0,0,100.0,0,0,1,36,0,1,1,16.51,1984,0.0,94,91,1947,0,0.0,0,0.0,0,0,236.1,2,0,0.2796,236.1,0.0,1,Aggressive
0.0,0.0,0.0,0,0,0.0,0,0,0,75,1177,0,0,0.0,1305,0.0,32,30,0,0,0.0,0,0.0,0,0,78.73,1,1435,0.0,78.73,0.0,0,Survivalist
0.0,0.0,0.0,0,0,181.9,1,2,0,21,1225,2,1,17.99,1745,0.0,30,28,0,0,0.0,0,0.0,0,0,115.1,2,1464,0.1034,115.1,1.0,0,Aggressive
0.0,0.0,0.0,1,0,328.1,2,1,0,12,0,3,2,26.88,1823,0.0,28,27,1445,0,0.0,0,0.0,1,0,421.9,3,0,0.1481,421.9,0.3333333333333333,0,Aggressive
0.0,0.0,0.0,0,1,231.2,2,1,1,17,0,2,1,135.8,1794,0.0,27,27,1495,0,0.0,0,0.0,0,0,2301.0,4,0,0.4615,2301.0,0.5,2,Aggressive
0.0,0.0,0.0,0,0,0.0,0,0,0,80,0,0,0,0.0,1358,0.0,93,89,1511,0,0.0172,0,13.53,0,0,228.9,1,0,0.0,242.4472,0.0,0,Survivalist
0.0,0.0,0.0,0,0,80.36,0,0,0,72,1716,0,0,0.0,1846,0.0,32,31,0,0,0.0,0,0.0,0,0,136.4,2,1586,0.3226,136.4,0.0,0,Survivalist
0.0,0.0,0.0,0,0,0.0,0,0,0,45,0,0,0,0.0,1908,0.0,26,26,1664,0,0.0,0,0.0,0,0,613.4,6,0,1.0,613.4,0.0,0,Survivalist
0.0,0.0,0.0,0,2,241.8,2,0,3,35,0,1,1,5.352,1979,0.0,49,48,1501,0,0.0,0,0.0,0,0,481.8,3,0,0.4375,481.8,0.0,5,Aggressive
0.0,0.0,0.0,1,2,285.9,1,0,5,15,0,2,1,17.45,1442,0.0,28,26,1547,2,0.0,0,0.0,0,0,2657.0,4,0,0.8889,2657.0,0.0,7,Aggressive
0.0,0.0,0.0,0,0,0.0,0,0,0,81,0,0,0,0.0,1967,0.0,49,49,1502,0,0.0,0,0.0,0,0,18.35,0,0,0.1875,18.35,0.0,0,Survivalist
0.0,0.0,0.0,0,2,126.5,0,0,4,27,1336,1,1,19.63,1341,0.0,28,27,0,1,0.0,0,0.0,0,0,1497.0,3,1527,0.8889,1497.0,0.0,6,Aggressive
0.0,0.0,0.0,0,0,0.0,0,0,0,46,0,60,0,0.0,1358,0.0,49,48,1502,0,0.0,0,0.0,0,0,0.0,3,0,0.0,0.0,0.0,0,Aggressive
0.0,0.0,0.0,0,2,181.0,0,0,0,6,0,3,1,205.6,1318,0.0,36,35,1597,0,0.0,0,0.0,0,0,3491.0,6,0,1.0,3491.0,0.0,2,Aggressive
0.0,0.0,0.0,0,0,0.0,0,0,0,62,1212,0,0,0.0,1396,0.0,49,47,0,0,0.0,0,0.0,0,0,209.0,2,1527,0.4792,209.0,0.0,0,Survivalist
0.0,0.0,0.0,0,1,344.9,0,3,3,8,1595,3,1,51.21,1940,0.0,87,86,0,0,660.8,0,0.0,0,0,2189.0,6,1467,0.5581,2849.8,1.0,4,Aggressive
0.0,0.0,0.0,0,0,49.13,1,0,2,24,0,2,2,37.51,1336,0.0,28,27,1487,0,0.0,0,0.0,0,0,520.7,2,0,0.3704,520.7,0.0,2,Aggressive
0.0,0.0,0.0,0,0,0.0,0,0,0,93,0,0,0,0.0,1457,0.0,97,96,1500,0,0.0,0,4.098,0,0,11.7,1,0,0.0312,15.797999999999998,0.0,0,Survivalist
0.0,0.0,0.0,0,0,0.0,0,0,0,88,0,0,0,0.0,1364,0.0,27,27,1500,0,0.0,0,0.0,0,0,0.0,2,0,0.0,0.0,0.0,0,Survivalist
0.0,0.0,0.0,0,0,36.0,0,0,0,100,0,0,0,0.0,1867,0.0,50,48,1474,0,0.0,0,0.0,0,0,39.02,1,0,0.0,39.02,0.0,0,Survivalist
0.0,0.0,0.0,0,0,49.02,0,0,0,69,1075,0,0,0.0,1393,0.0,49,47,0,0,0.0,0,0.0,0,0,203.7,3,1477,0.25,203.7,0.0,0,Survivalist
0.0,0.0,0.0,0,0,170.6,1,0,0,36,0,1,1,28.76,1882,0.0,48,46,1500,0,0.0,0,0.0,0,0,182.2,3,0,0.1915,182.2,0.0,0,Aggressive
0.0,0.0,0.0,0,2,164.6,1,0,8,34,1039,1,1,5.518,1459,0.0,49,49,0,1,0.0,0,0.0,0,0,378.7,3,1470,0.5,378.7,0.0,10,Aggressive
0.0,0.0,0.0,0,0,0.0,0,0,0,81,1334,0,0,0.0,1307,0.0,28,28,0,0,0.0,0,0.0,0,0,433.7,1,1567,0.1852,433.7,0.0,0,Survivalist
0.0,0.0,0.0,0,0,0.0,1,0,2,33,1028,1,1,24.09,1959,0.0,48,46,0,0,0.0,0,0.0,0,0,2386.0,3,1490,0.0,2386.0,0.0,2,Aggressive
0.0,0.0,0.0,1,4,258.4,1,0,2,5,0,3,1,70.73,1757,0.0,30,28,1941,1,4457.0,0,0.0,0,0,3700.0,3,0,0.0,8157.0,0.0,6,Aggressive
0.0,0.0,0.0,0,0,26.85,0,0,0,88,1000,0,0,0.0,1820,0.0,25,24,0,0,0.0,0,0.0,0,0,5.767,1,1500,0.0,5.767,0.0,0,Survivalist
0.0,0.0,0.0,0,0,22.05,0,0,0,52,1054,0,0,0.0,1450,0.0,27,25,0,0,0.0,0,0.0,0,0,1971.0,5,1507,0.6154,1971.0,0.0,0,Survivalist
0.0,0.0,0.0,0,0,52.13,1,0,0,60,0,0,0,0.0,1819,0.0,29,27,1431,0,2639.0,0,0.0,0,0,252.0,2,0,0.3214,2891.0,0.0,0,Survivalist
0.0,0.0,0.0,0,0,0.0,0,0,0,93,0,0,0,0.0,1382,0.0,29,27,1441,0,0.0,0,0.0,0,0,171.3,1,0,0.0,171.3,0.0,0,Survivalist
0.0,0.0,0.0,0,0,0.0,1,0,0,78,1185,0,0,0.0,1898,0.0,28,28,0,0,0.0,0,0.0,0,0,0.0,2,1479,0.0,0.0,0.0,0,Survivalist
0.0,0.0,0.0,0,0,0.0,0,0,0,92,1119,0,0,0.0,1771,0.0,49,47,0,0,0.0,0,0.0,0,0,49.34,2,1469,0.0833,49.34,0.0,0,Survivalist
0.0,0.0,0.0,0,0,17.4,0,0,0,85,1154,0,0,0.0,1896,0.0,47,44,0,0,0.0,0,0.0,0,0,108.1,1,1394,0.1304,108.1,0.0,0,Survivalist
0.0,0.0,0.0,0,0,0.0,0,0,0,94,1291,0,0,0.0,1294,0.0,27,26,0,0,0.0,0,0.0,0,0,92.92,1,1489,0.0385,92.92,0.0,0,Survivalist
0.0,0.0,0.0,1,4,46.88,0,0,8,49,0,0,0,0.0,1360,0.0,98,96,1505,0,0.0,0,0.0,0,0,3219.0,6,0,0.9175,3219.0,0.0,12,Survivalist
0.0,0.0,0.0,0,0,107.3,1,0,0,29,0,1,1,75.37,1791,0.0,30,30,1495,0,0.0,0,0.0,0,0,573.0,8,0,0.4828,573.0,0.0,0,Aggressive
0.0,0.0,0.0,0,2,251.3,1,1,0,25,0,1,1,30.73,1350,0.0,28,28,1470,1,121.3,0,0.0,0,0,3033.0,2,0,0.8148,3154.3,1.0,2,Aggressive
0.0,0.0,0.0,1,1,247.5,2,0,0,15,0,2,1,260.8,1302,0.0,29,29,1545,0,0.0,0,0.0,0,0,2372.0,8,0,0.7857,2372.0,0.0,1,Aggressive
0.0,0.0,0.0,0,0,0.0,0,0,0,59,1088,0,0,0.0,1371,0.0,29,28,0,1,0.0,0,0.0,0,0,409.0,4,1509,0.5,409.0,0.0,0,Survivalist
0.0,0.0,0.0,0,1,72.47,0,0,1,60,0,0,0,0.0,1903,0.0,30,30,1336,1,0.0,0,0.0,0,0,895.5,3,0,0.4483,895.5,0.0,2,Survivalist
0.0,0.0,0.0,1,3,313.9,2,0,6,25,0,1,1,6.92,1804,0.0,29,29,1502,0,0.0,0,0.0,0,0,3080.0,7,0,0.6429,3080.0,0.0,9,Aggressive
0.0,0.0,0.0,0,0,160.6,1,1,0,32,0,1,1,10.98,1351,0.0,27,27,1499,0,0.0,0,0.0,0,0,0.0909,1,0,0.3846,0.0909,1.0,0,Aggressive
0.0,0.0,0.0,0,1,246.8,0,0,1,26,1316,1,1,35.11,1982,0.0,93,92,0,0,1922.0,0,0.0,0,1,1240.0,5,1525,0.6848,3162.0,0.0,2,Aggressive
0.0,0.0,0.0,0,0,0.0,1,0,0,77,1187,0,0,0.0,1401,0.0,28,28,0,0,0.0,0,0.0,0,0,543.3,3,1470,0.0,543.3,0.0,0,Survivalist
0.0,0.0,0.0,0,0,0.0,0,0,0,87,0,0,0,0.0,1879,0.0,26,26,1439,0,0.0,0,0.0,0,0,62.55,3,0,0.0,62.55,0.0,0,Survivalist
0.0,0.0,0.0,0,0,0.0,0,0,0,95,1059,0,0,0.0,1381,0.0,29,29,0,0,0.0,0,0.0,0,0,194.8,1,1509,0.0357,194.8,0.0,0,Survivalist
0.0,0.0,0.0,0,0,133.1,0,0,0,56,1194,0,0,0.0,1925,0.0,80,76,0,0,0.0,0,0.0,0,0,516.3,3,1409,0.3165,516.3,0.0,0,Survivalist
0.0,0.0,0.0,1,4,100.0,1,0,0,49,0,0,0,0.0,1463,0.0,48,46,1528,0,1541.0,0,0.0,0,0,1765.0,7,0,0.6383,3306.0,0.0,4,Survivalist
0.0,0.0,0.0,0,0,98.22,1,0,0,53,1231,0,0,0.0,1749,0.0,40,39,0,0,0.0,0,0.0,0,0,479.0,6,1506,0.4103,479.0,0.0,0,Survivalist
0.0,0.0,0.0,0,0,340.1,2,0,1,61,0,0,0,0.0,1489,0.0,29,28,1535,0,0.0,0,0.0,0,0,450.1,2,0,0.3214,450.1,0.0,1,Survivalist
0.0,0.0,0.0,0,0,0.0,0,0,0,58,1368,0,0,0.0,1344,0.0,46,43,0,0,0.0,0,0.0,0,0,844.1,6,1542,0.4444,844.1,0.0,0,Survivalist
0.0,0.0,0.0,0,0,154.2,1,0,0,74,1110,0,0,0.0,1974,0.0,45,43,0,0,0.0,0,0.0,0,0,342.9,5,1505,0.2727,342.9,0.0,0,Survivalist
0.0,0.0,0.0,0,0,25.2,0,0,0,22,0,1,1,4.761,1916,0.0,96,94,1500,0,1876.0,0,0.0,0,0,2731.0,2,0,0.8,4607.0,0.0,0,Aggressive
0.0,0.0,0.0,0,0,28.9,1,0,0,41,1456,1,1,28.15,1988,0.0,29,27,0,0,0.0,0,0.0,0,0,186.4,2,1615,0.0357,186.4,0.0,0,Aggressive
0.0,0.0,0.0,0,0,0.0,0,0,0,84,0,0,0,0.0,1969,0.0,48,46,1515,0,79.35,0,0.0,0,0,169.3,1,0,0.1277,248.65,0.0,0,Survivalist
0.0,0.0,0.0,0,0,18.49,0,0,1,84,0,0,0,0.0,1957,0.0,28,23,1488,0,131.3,0,0.0,0,0,423.0,0,0,0.037,554.3,0.0,1,Survivalist
0.0,0.0,0.0,0,0,0.0,0,0,0,79,1120,0,0,0.0,1898,0.0,29,29,0,0,0.0,0,0.0,0,0,253.0,10,1547,0.1429,253.0,0.0,0,Survivalist
0.0,0.0,0.0,0,1,79.67,0,0,0,69,1252,0,0,0.0,1669,0.0,28,27,0,0,586.5,0,0.0,0,0,1573.0,5,1510,0.2222,2159.5,0.0,1,Survivalist
0.0,0.0,0.0,0,0,0.0,0,0,0,47,0,0,0,0.0,1759,0.0,29,29,1470,0,3687.0,0,25.78,0,0,2669.0,5,0,0.75,6381.78,0.0,0,Survivalist
0.0,0.0,0.0,0,3,116.0,0,0,1,46,0,0,0,0.0,1452,0.0,96,94,1879,0,748.2,0,0.0,0,0,2761.0,6,0,0.9895,3509.2,0.0,4,Survivalist
0.0,0.0,0.0,0,0,0.0,0,0,0,90,1570,0,0,0.0,1417,0.0,99,98,0,0,0.0,0,0.0,0,0,41.94,1,1585,0.102,41.94,0.0,0,Survivalist
0.0,0.0,0.0,0,2,121.7,0,0,1,55,0,0,0,0.0,1764,0.0,46,46,1516,0,7330.0,0,0.0,0,0,992.5,7,0,0.6222,8322.5,0.0,3,Survivalist
0.0,0.0,0.0,0,0,0.0,0,0,0,81,1318,0,0,0.0,1410,0.0,49,47,0,0,0.0,0,0.0,0,0,131.0,2,1465,0.0,131.0,0.0,0,Survivalist
0.0,0.0,0.0,0,0,0.0,0,0,0,98,0,0,0,0.0,1846,0.0,28,26,1318,0,0.0,0,0.0,0,0,0.0,0,0,0.0,0.0,0.0,0,Survivalist
0.0,0.0,0.0,0,3,0.0,0,0,0,53,0,0,0,0.0,1790,0.0,48,47,1479,0,1567.0,0,0.0,0,0,1822.0,4,0,0.7021,3389.0,0.0,3,Survivalist
0.0,0.0,0.0,0,0,0.0,0,0,0,85,0,0,0,0.0,1958,0.0,30,30,1347,0,0.0,0,0.0,0,0,121.2,2,0,0.069,121.2,0.0,0,Survivalist
0.0,0.0,0.0,0,2,0.0,1,2,2,17,0,2,1,318.8,1302,0.0,47,46,1518,1,0.0,0,0.0,0,0,2538.0,4,0,0.7826,2538.0,1.0,4,Aggressive
0.0,0.0,0.0,2,0,312.8,2,0,0,21,1021,2,2,14.51,1785,0.0,25,24,0,1,0.0,0,0.0,0,0,402.1,3,1492,0.2917,402.1,0.0,0,Aggressive
0.0,0.0,0.0,0,1,209.7,1,0,1,43,0,0,0,0.0,1435,0.0,49,48,1603,0,0.0,0,0.0,0,0,1928.0,6,0,0.75,1928.0,0.0,2,Survivalist
0.0,0.0,0.0,0,0,136.9,1,0,0,83,1028,0,0,0.0,1485,0.0,49,47,0,0,0.0,0,0.0,0,0,115.3,1,1467,0.1667,115.3,0.0,0,Survivalist
0.0,0.0,0.0,0,0,0.0,0,0,0,91,0,0,0,0.0,1302,0.0,30,30,1351,0,0.0,0,0.0,0,0,43.46,3,0,0.069,43.46,0.0,0,Survivalist
0.0,0.0,0.0,0,0,95.17,1,0,0,58,1300,0,0,0.0,1794,0.0,26,25,0,0,0.0,0,0.0,1,0,918.4,5,1489,0.28,918.4,0.0,0,Survivalist
0.0,0.0,0.0,0,0,0.0,0,0,0,40,0,1,1,2.091,1406,0.0,49,49,1490,0,0.0,0,0.0,0,0,0.0,1,0,0.0,0.0,0.0,0,Aggressive
0.0,0.0,0.0,0,0,0.0,0,0,0,81,1273,0,0,0.0,1381,0.0,27,27,0,0,0.0,0,0.0,0,0,91.61,2,1452,0.1538,91.61,0.0,0,Survivalist
0.0,0.0,0.0,1,2,0.0,0,0,1,15,0,60,1,48.27,1802,0.0,98,92,1500,0,0.0,0,0.0,0,0,0.0,7,0,0.0,0.0,0.0,3,Aggressive
0.0,0.0,0.0,0,0,15.3,0,0,0,66,0,0,0,0.0,1377,0.0,30,30,1500,0,0.0,0,0.0,0,0,1138.0,4,0,0.3793,1138.0,0.0,0,Survivalist
0.0,0.0,0.0,0,0,0.0,0,0,1,77,1105,0,0,0.0,1751,0.0,46,45,0,0,0.0,0,0.0,0,0,229.3,6,1461,0.2222,229.3,0.0,1,Survivalist
0.0,0.0,0.0,0,0,0.0,0,0,0,65,1044,0,0,0.0,1301,0.0,47,46,0,0,0.0,0,0.0,0,0,333.1,2,1521,0.3043,333.1,0.0,0,Survivalist
0.0,0.0,0.0,0,0,448.0,4,6,2,6,1409,5,2,42.35,1958,0.0,28,27,0,1,0.0,0,0.0,0,0,2606.0,3,1542,0.9259,2606.0,1.2,2,Aggressive
0.0,0.0,0.0,0,1,467.2,3,5,1,6,1750,4,3,104.7,1332,0.0,29,29,0,0,0.0,0,0.0,0,0,1306.0,5,1543,0.5357,1306.0,1.25,2,Aggressive
0.0,0.0,0.0,0,2,349.4,3,0,1,18,1087,2,1,99.86,1431,0.0,29,29,0,0,0.0026,0,10.57,0,0,2404.0,5,1509,0.5714,2414.5726,0.0,3,Aggressive
0.0,0.0,0.0,1,2,295.1,0,0,2,30,1201,1,1,12.03,1867,0.0,49,48,0,0,1772.0,0,0.0,0,0,1445.0,10,1517,0.6875,3217.0,0.0,4,Aggressive
0.0,0.0,0.0,0,0,22.59,0,0,0,95,0,0,0,0.0,1813,0.0,28,28,1416,0,0.0,0,0.0,0,0,163.1,1,0,0.0,163.1,0.0,0,Survivalist
0.0,0.0,0.0,0,0,56.08,1,0,0,88,1430,0,0,0.0,1820,0.0,28,27,0,0,0.0,0,0.0,0,0,86.97,1,1496,0.037,86.97,0.0,0,Survivalist
0.0,0.0,0.0,0,2,0.0,0,0,3,19,0,1,1,15.52,1871,0.0,96,93,1515,0,5499.0,0,300.2,0,0,0.0,5,0,0.0,5799.2,0.0,5,Aggressive
0.0,0.0,0.0,0,0,0.0,0,0,2,44,0,0,0,0.0,1875,0.0,30,30,1478,0,4328.0,0,0.0,0,0,1948.0,10,0,0.5862,6276.0,0.0,2,Survivalist
0.0,0.0,0.0,0,0,100.0,1,1,0,29,1452,1,1,14.65,1281,0.0,50,50,0,0,0.0,0,0.0,0,0,289.8,3,1512,0.0,289.8,1.0,0,Aggressive
0.0,0.0,0.0,0,2,0.0,1,1,11,12,1658,2,2,22.61,1961,0.0,28,28,0,0,4955.0,0,0.0,0,0,3975.0,8,1785,1.0,8930.0,0.5,13,Aggressive
0.0,0.0,0.0,0,0,1.4,1,0,0,35,0,1,1,13.43,1355,0.0,26,26,1491,0,0.0,0,0.0,0,0,53.83,1,0,0.0,53.83,0.0,0,Aggressive
0.0,0.0,0.0,0,0,0.0,0,0,0,49,0,0,0,0.0,1373,0.0,46,42,1452,0,0.0,0,0.0,0,0,1244.0,4,0,0.6222,1244.0,0.0,0,Survivalist
0.0,0.0,0.0,0,0,42.12,0,0,0,69,0,0,0,0.0,1262,0.0,28,26,1447,0,0.0,0,0.0,0,0,134.9,2,0,0.2593,134.9,0.0,0,Survivalist
0.0,0.0,0.0,2,0,224.7,1,0,0,21,0,1,1,85.41,1960,0.0,45,43,1505,0,7848.0,0,0.0,0,0,2249.0,10,0,0.9318,10097.0,0.0,0,Aggressive
0.0,0.0,0.0,0,0,0.0,0,0,0,70,0,0,0,0.0,1262,0.0,25,25,1375,0,0.0,0,0.0,0,0,37.43,0,0,0.1667,37.43,0.0,0,Survivalist
0.0,0.0,0.0,0,2,0.0,0,0,4,41,0,0,0,0.0,1868,0.0,33,32,1490,0,2964.0,0,410.3,0,0,2882.0,3,0,0.0,6256.3,0.0,6,Survivalist
0.0,0.0,0.0,1,1,489.7,2,1,2,8,0,3,2,171.0,1905,0.0,27,25,1442,0,2644.0,0,0.0,0,0,1121.0,7,0,0.5769,3765.0,0.3333333333333333,3,Aggressive
0.0,0.0,0.0,0,0,82.04,0,1,0,34,0,1,1,4.08,1876,0.0,98,97,1664,0,0.0,0,0.0,0,0,508.4,5,0,0.5979,508.4,1.0,0,Aggressive
0.0,0.0,0.0,0,0,0.0,0,0,0,84,1043,0,0,0.0,1369,0.0,50,49,0,0,0.0,0,0.0,0,0,90.42,3,1440,0.1429,90.42,0.0,0,Survivalist
0.0,0.0,0.0,0,0,60.06,1,0,7,71,0,0,0,0.0,1868,0.0,28,28,1500,1,1219.0,0,0.0,0,0,610.7,4,0,0.0,1829.7,0.0,7,Survivalist
0.0,0.0,0.0,0,0,0.0,0,0,0,71,0,0,0,0.0,1380,0.0,93,92,1500,0,0.0,0,0.0,0,0,142.8,1,0,0.2935,142.8,0.0,0,Survivalist
0.0,0.0,0.0,0,0,140.8,1,1,0,47,1469,1,1,5.287,1456,0.0,29,29,0,0,0.0,0,0.0,0,0,63.34,2,1407,0.0714,63.34,1.0,0,Aggressive
0.0,0.0,0.0,0,0,40.85,0,0,0,80,0,0,0,0.0,1875,0.0,48,47,1500,0,0.0,0,0.0,0,0,100.5,1,0,0.1489,100.5,0.0,0,Survivalist
0.0,0.0,0.0,0,0,0.0,0,0,0,80,1122,0,0,0.0,1376,0.0,28,26,0,0,0.0,0,0.0,0,0,292.2,2,1518,0.2222,292.2,0.0,0,Survivalist
0.0,0.0,0.0,0,0,0.0,0,0,0,61,0,0,0,0.0,1379,0.0,26,26,1400,0,0.0,0,0.0,0,0,157.0,0,0,0.28,157.0,0.0,0,Survivalist
0.0,0.0,0.0,0,0,0.0,0,0,0,72,0,0,0,0.0,1330,0.0,28,26,1476,0,0.0,0,0.0,0,0,117.9,4,0,0.2593,117.9,0.0,0,Survivalist
0.0,0.0,0.0,0,0,100.0,1,0,0,90,987,0,0,0.0,1845,0.0,47,43,0,0,0.0,0,0.0,0,0,12.83,1,1490,0.0,12.83,0.0,0,Survivalist
0.0,0.0,0.0,0,2,0.0,2,0,1,27,1317,1,1,9.882,1371,0.0,32,30,0,0,0.0,0,49.99,0,0,2902.0,3,1439,0.8387,2951.99,0.0,3,Aggressive
0.0,0.0,0.0,0,0,0.0,0,0,0,66,0,0,0,0.0,1832,0.0,95,95,1582,0,0.0,0,0.0,0,0,190.0,2,0,0.4043,190.0,0.0,0,Survivalist
0.0,0.0,0.0,0,3,62.31,1,0,2,38,1379,0,0,0.0,1770,0.0,29,28,0,0,7334.0,0,0.0,0,0,1317.0,3,1577,0.9643,8651.0,0.0,5,Survivalist
0.0,0.0,0.0,0,0,0.0,0,0,0,44,0,0,0,0.0,1383,0.0,47,46,1513,0,0.0,0,0.0,0,0,1854.0,7,0,0.7826,1854.0,0.0,0,Survivalist
0.0,0.0,0.0,0,3,123.4,1,0,0,43,0,0,0,0.0,1688,0.0,46,43,1518,0,3269.0,0,196.3,0,0,2229.0,5,0,0.7333,5694.3,0.0,3,Survivalist
0.0,0.0,0.0,0,0,0.0,0,0,0,75,0,0,0,0.0,1967,0.0,96,94,1572,0,0.0,0,0.0,0,0,163.8,1,0,0.2526,163.8,0.0,0,Survivalist
0.0,0.0,0.0,0,0,0.0,0,0,0,94,0,0,0,0.0,1406,0.0,29,28,1437,0,0.0,0,0.0,0,0,62.84,2,0,0.0714,62.84,0.0,0,Survivalist
0.0,0.0,0.0,0,0,0.0,0,0,0,81,0,0,0,0.0,1344,0.0,28,25,1613,0,0.0,0,0.0,0,0,46.36,1,0,0.037,46.36,0.0,0,Survivalist
0.0,0.0,0.0,1,1,100.0,1,0,1,56,0,0,0,0.0,1387,0.0,31,30,1500,0,0.0,0,0.0,0,0,1391.0,4,0,0.6,1391.0,0.0,2,Survivalist
0.0,0.0,0.0,2,1,227.3,0,0,0,29,1385,1,1,20.11,1381,0.0,49,46,0,0,0.0,0,0.0,0,0,1273.0,2,1500,0.5417,1273.0,0.0,1,Aggressive
0.0,0.0,0.0,0,3,443.4,3,0,1,6,0,4,2,49.67,1397,0.0,28,26,1432,0,0.0,0,0.0,0,0,816.4,3,0,0.4074,816.4,0.0,4,Aggressive
0.0,0.0,0.0,0,0,100.0,1,0,0,31,0,1,1,47.75,1961,0.0,49,47,1507,0,1372.0,0,0.0,0,0,705.1,3,0,0.4792,2077.1,0.0,0,Aggressive
0.0,0.0,0.0,0,0,0.0,1,0,0,76,1014,0,0,0.0,1355,0.0,32,32,0,0,0.0,0,0.0,0,0,0.0,3,1486,0.0,0.0,0.0,0,Survivalist
0.0,0.0,0.0,0,0,0.0,0,0,0,95,1254,0,0,0.0,1310,0.0,48,47,0,0,0.0,0,0.0,0,0,22.51,0,1479,0.0,22.51,0.0,0,Survivalist
0.0,0.0,0.0,0,0,79.31,1,0,0,88,0,0,0,0.0,1878,0.0,27,27,1454,0,0.0,0,0.0,0,0,47.82,3,0,0.0385,47.82,0.0,0,Survivalist
0.0,0.0,0.0,0,1,0.0,0,0,3,65,1052,0,0,0.0,1279,0.0,27,27,0,0,0.0,0,0.0,0,0,177.6,3,1499,0.4231,177.6,0.0,4,Survivalist
0.0,0.0,0.0,0,0,0.0,1,0,0,20,0,1,1,25.3,1950,0.0,30,28,1427,0,0.0,0,0.0,0,0,793.4,6,0,1.0,793.4,0.0,0,Aggressive
0.0,0.0,0.0,1,4,0.0,1,0,3,26,0,1,1,18.61,1396,0.0,26,24,1523,2,0.0,0,0.0,0,0,2301.0,5,0,0.76,2301.0,0.0,7,Aggressive
0.0,0.0,0.0,0,0,0.0,0,0,0,71,0,0,0,0.0,1373,0.0,26,24,1500,0,0.0,0,0.0,0,0,239.9,2,0,0.2,239.9,0.0,0,Survivalist
0.0,0.0,0.0,0,1,99.11,0,0,0,55,0,0,0,0.0,1465,0.0,49,47,1499,1,0.0,0,0.0,0,0,1368.0,4,0,0.6458,1368.0,0.0,1,Survivalist
0.0,0.0,0.0,1,2,175.0,2,0,1,21,0,1,1,10.7,1963,0.0,26,25,1490,1,1589.0,0,0.0,0,0,4653.0,6,0,0.76,6242.0,0.0,3,Aggressive
0.0,0.0,0.0,0,2,208.1,1,0,4,19,1334,2,1,7.474,1309,0.0,49,49,0,0,0.0,0,0.0,0,0,982.4,5,1486,0.6458,982.4,0.0,6,Aggressive
0.0,0.0,0.0,0,1,103.2,2,0,3,16,1631,2,1,114.4,1393,0.0,27,24,0,0,0.0,0,0.0,0,0,1315.0,6,1563,0.5769,1315.0,0.0,4,Aggressive
0.0,0.0,0.0,0,0,0.0,0,0,0,75,0,0,0,0.0,1291,0.0,27,27,1400,0,0.0,0,0.0,0,0,323.8,3,0,0.2308,323.8,0.0,0,Survivalist
0.0,0.0,0.0,0,3,495.7,3,1,6,5,0,4,1,129.0,1843,0.0,30,28,1819,1,7452.0,0,0.0,0,0,2814.0,4,0,0.931,10266.0,0.25,9,Aggressive
0.0,0.0,0.0,0,0,242.9,2,1,0,21,0,2,1,29.52,1374,0.0,28,27,1326,0,0.0,0,0.0,0,0,53.29,2,0,0.1111,53.29,0.5,0,Aggressive
0.0,0.0,0.0,0,1,22.7,0,0,1,71,0,0,0,0.0,1375,0.0,27,27,1474,0,0.0,0,0.0,0,0,97.85,2,0,0.3462,97.85,0.0,2,Survivalist
0.0,0.0,0.0,0,0,238.7,1,0,0,24,0,2,2,16.41,1460,0.0,47,46,1462,0,0.0,0,0.0,0,0,72.76,1,0,0.1304,72.76,0.0,0,Aggressive
0.0,0.0,0.0,0,1,100.0,1,0,1,27,1337,1,1,35.19,1358,0.0,28,27,0,0,237.0,0,0.0,0,0,1955.0,7,1554,0.7037,2192.0,0.0,2,Aggressive
0.0,0.0,0.0,2,4,265.9,1,1,6,12,1316,2,1,50.86,1806,0.0,28,28,0,0,5965.0,0,21.54,0,0,3221.0,4,1519,0.8519,9207.54,0.5,10,Aggressive
0.0,0.0,0.0,1,3,681.1,6,2,2,2,0,5,1,171.9,1355,0.0,27,26,1669,0,0.0,0,0.0,0,0,3309.0,8,0,0.8846,3309.0,0.4,5,Aggressive
0.0,0.0,0.0,0,0,0.0,0,0,0,83,0,0,0,0.0,1364,0.0,47,45,1834,0,0.0,0,0.0,0,0,82.85,1,0,0.1087,82.85,0.0,0,Survivalist
0.0,0.0,0.0,0,0,0.0,0,0,0,70,0,0,0,0.0,1859,0.0,28,27,1443,0,1961.0,0,0.0,0,0,929.5,5,0,0.3333,2890.5,0.0,0,Survivalist
0.0,0.0,0.0,1,4,319.2,1,0,2,21,1286,1,1,2.503,1412,0.0,30,30,0,0,0.0,0,0.0,0,0,3493.0,12,1421,0.9655,3493.0,0.0,6,Aggressive
0.0,0.0,0.0,0,0,180.2,1,0,0,34,0,1,1,13.93,1388,0.0,27,26,1474,0,0.0,0,0.0,0,0,513.7,3,0,0.4615,513.7,0.0,0,Aggressive
0.0,0.0,0.0,1,0,56.4,0,0,0,68,0,0,0,0.0,1377,0.0,29,28,1500,0,0.0,0,0.0,0,0,723.9,3,0,0.4286,723.9,0.0,0,Survivalist
0.0,0.0,0.0,1,1,41.84,0,0,1,71,1485,0,0,0.0,1319,0.0,47,47,0,0,0.0,0,0.0,0,0,564.6,2,1557,0.3043,564.6,0.0,2,Survivalist
0.0,0.0,0.0,0,0,0.0,0,0,0,80,0,0,0,0.0,1324,0.0,27,26,1379,0,0.0,0,0.0,0,0,772.5,5,0,0.2308,772.5,0.0,0,Survivalist
0.0,0.0,0.0,0,0,235.7,0,0,1,58,1364,0,0,0.0,1376,0.0,29,29,0,0,0.0,0,0.0,0,0,1850.0,6,1508,0.5714,1850.0,0.0,1,Survivalist
0.0,0.0,0.0,3,5,600.0,2,1,1,4,0,4,1,105.1,1333,0.0,43,39,1505,0,205.6,0,0.0,0,0,2639.0,4,0,0.9524,2844.6,0.25,6,Aggressive
0.0,0.0,0.0,0,0,28.08,0,0,0,67,0,0,0,0.0,1901,0.0,99,94,1500,0,0.0,0,0.0,0,0,346.8,2,0,0.3673,346.8,0.0,0,Survivalist
0.0,0.0,0.0,0,0,0.0,0,0,0,96,1002,0,0,0.0,1376,0.0,49,46,0,0,0.0,0,0.0,0,0,0.0,0,1478,0.0,0.0,0.0,0,Survivalist
0.0,0.0,0.0,0,0,0.0,0,0,0,54,1281,0,0,0.0,1305,0.0,31,31,0,0,0.0,0,0.0,0,0,56.2,2,1558,0.5,56.2,0.0,0,Survivalist
0.0,0.0,0.0,0,0,100.0,1,0,1,87,1545,0,0,0.0,1746,0.0,28,27,0,0,0.0,0,0.0,0,0,224.6,2,1573,0.1111,224.6,0.0,1,Survivalist
0.0,0.0,0.0,0,0,0.0,1,1,0,32,0,1,1,198.1,1739,0.0,29,28,1476,0,0.0,0,0.0,0,0,0.0,1,0,0.0,0.0,1.0,0,Aggressive
0.0,0.0,0.0,1,2,169.0,0,1,0,27,0,1,1,29.45,1909,0.0,46,44,1516,0,2410.0,0,0.0,0,0,1720.0,5,0,0.0,4130.0,1.0,2,Aggressive
0.0,0.0,0.0,0,2,376.6,2,0,2,6,1310,4,3,29.24,1373,0.0,31,31,0,0,973.8,0,0.0,0,0,2227.0,3,1499,0.8667,3200.8,0.0,4,Aggressive
0.0,0.0,0.0,0,0,0.0,0,0,0,51,0,0,0,0.0,1381,0.0,90,88,1500,0,0.0,0,0.0,0,0,794.7,5,0,0.5281,794.7,0.0,0,Survivalist
0.0,0.0,0.0,0,4,181.0,0,3,1,18,0,2,1,51.0,1792,0.0,96,94,1500,0,2444.0,0,0.0,0,0,2364.0,9,0,0.7895,4808.0,1.5,5,Aggressive
0.0,0.0,0.0,1,5,552.7,2,0,2,5,0,3,1,41.24,1328,0.0,29,29,1471,0,0.0,0,0.0,0,0,3327.0,4,0,1.0,3327.0,0.0,7,Aggressive
0.0,0.0,0.0,0,2,0.0,1,0,3,28,0,1,1,69.21,1349,0.0,28,27,1411,0,1139.0,0,151.9,0,0,1993.0,3,0,0.7778,3283.9,0.0,5,Aggressive
0.0,0.0,0.0,1,0,118.4,2,0,1,40,0,0,0,0.0,1852,0.0,28,27,1500,0,1825.0,0,0.0,0,0,1475.0,4,0,0.7407,3300.0,0.0,1,Survivalist
0.0,0.0,0.0,1,3,64.65,0,0,1,23,0,1,1,39.4,1767,0.0,48,47,1642,0,6739.0,0,0.0,0,0,3286.0,6,0,0.8936,10025.0,0.0,4,Aggressive
0.0,0.0,0.0,0,0,316.3,1,0,1,36,1359,1,1,14.89,1983,0.0,30,29,0,2,0.0,0,0.0,0,0,2753.0,5,1435,0.4138,2753.0,0.0,1,Aggressive
0.0,0.0,0.0,0,1,222.6,2,0,1,18,1505,2,1,4.074,1366,0.0,27,27,0,0,0.0,0,0.0,0,0,219.7,3,1595,0.1538,219.7,0.0,2,Aggressive
0.0,0.0,0.0,0,5,662.8,4,5,9,2,0,6,2,434.9,1774,0.0,28,26,1756,1,5463.0,0,0.0,0,0,3257.0,6,0,1.0,8720.0,0.8333333333333334,14,Aggressive
0.0,0.0,0.0,0,0,0.0,0,0,0,86,0,0,0,0.0,1869,0.0,28,28,1500,0,0.0,0,0.0,0,0,84.62,0,0,0.037,84.62,0.0,0,Survivalist
0.0,0.0,0.0,1,2,0.0,0,1,0,26,0,1,1,77.18,1392,0.0,50,50,1505,0,0.0,0,0.0,1,0,2754.0,4,0,0.9796,2754.0,1.0,2,Aggressive
0.0,0.0,0.0,0,1,116.7,0,0,1,34,0,1,1,9.266,1913,0.0,99,97,1484,0,0.0,0,0.0,0,0,940.6,3,0,0.449,940.6,0.0,2,Aggressive
0.0,0.0,0.0,0,2,69.09,0,0,0,60,0,0,0,0.0,1919,0.0,48,44,1505,1,0.0,0,0.0,0,0,532.1,2,0,0.4894,532.1,0.0,2,Survivalist
0.0,0.0,0.0,0,0,66.22,0,0,0,81,0,0,0,0.0,1923,0.0,95,89,1565,0,0.0,0,0.0,0,0,82.21,2,0,0.1277,82.21,0.0,0,Survivalist
0.0,0.0,0.0,0,4,268.2,1,3,5,17,1660,2,1,13.06,1371,0.0,49,49,0,0,0.0,0,0.0,0,0,1976.0,8,1609,0.6667,1976.0,1.5,9,Aggressive
0.0,0.0,0.0,0,0,0.0,0,0,0,84,1032,0,0,0.0,1961,0.0,27,27,0,0,0.0,0,0.0,0,0,138.7,1,1506,0.0,138.7,0.0,0,Survivalist
0.0,0.0,0.0,0,3,200.0,0,1,0,16,0,2,1,81.32,1892,0.0,92,88,1509,0,1746.0,1,0.0,0,0,3103.0,6,0,0.6484,4849.0,0.5,3,Aggressive
0.0,0.0,0.0,0,0,125.1,0,0,0,89,1132,0,0,0.0,1400,0.0,48,46,0,0,0.0,0,0.0,0,0,44.71,1,1480,0.0638,44.71,0.0,0,Survivalist
0.0,0.0,0.0,0,0,0.0,0,0,0,84,0,0,0,0.0,1841,0.0,50,47,1500,0,0.0,0,0.0,0,0,49.8,1,0,0.1633,49.8,0.0,0,Survivalist
0.0,0.0,0.0,0,3,0.0,0,0,1,59,0,0,0,0.0,1788,0.0,28,28,1500,0,7202.0,0,0.0,0,0,2097.0,8,0,0.6296,9299.0,0.0,4,Survivalist
0.0,0.0,inf,0,1,85.3,0,0,1,59,1328,0,0,0.0,1390,0.0,25,25,0,0,0.0,0,0.0,0,0,1949.0,5,1542,0.625,1949.0,0.0,2,Survivalist
0.0,0.0,0.0,0,0,200.0,2,0,0,21,1403,2,1,10.77,1887,0.0,27,27,0,0,0.0,0,0.0,0,0,1120.0,5,1519,0.3077,1120.0,0.0,0,Aggressive
0.0,0.0,0.0,0,0,116.7,2,1,0,29,1150,1,1,36.1,1325,0.0,29,29,0,0,482.6,0,0.0,0,0,1744.0,6,1537,0.7143,2226.6,1.0,0,Aggressive
0.0,0.0,0.0,1,3,431.8,3,1,2,2,1561,3,1,142.0,1868,0.0,13,13,0,0,1750.0,0,0.0,0,0,2452.0,9,1503,1.0,4202.0,0.3333333333333333,5,Aggressive
0.0,0.0,0.0,0,2,573.6,3,1,0,7,1000,4,2,30.96,1879,0.0,46,41,0,0,742.9,0,0.0,0,0,2179.0,5,1500,0.6444,2921.9,0.25,2,Aggressive
0.0,0.0,0.0,1,3,328.2,2,1,1,10,0,3,1,118.9,1875,0.0,28,26,1476,1,213.1,0,0.0,0,0,4310.0,4,0,0.7037,4523.1,0.3333333333333333,4,Aggressive
0.0,0.0,0.0,0,0,197.5,1,0,0,92,0,0,0,0.0,1436,0.0,27,26,1474,0,0.0,0,0.0,0,0,30.52,1,0,0.0385,30.52,0.0,0,Survivalist
0.0,0.0,0.0,0,0,104.5,1,0,0,21,0,2,1,15.09,1853,0.0,44,39,1422,0,0.0,0,0.0,0,0,285.3,2,0,0.3488,285.3,0.0,0,Aggressive
0.0,0.0,0.0,0,0,0.0,0,0,0,77,0,0,0,0.0,1388,0.0,49,48,1523,0,0.0,0,0.0,0,0,57.25,2,0,0.2708,57.25,0.0,0,Survivalist
0.0,0.0,0.0,0,0,0.0,0,0,0,94,1000,0,0,0.0,1391,0.0,49,43,0,0,0.0,0,0.0,0,0,79.67,2,1500,0.0,79.67,0.0,0,Survivalist
0.0,0.0,0.0,0,2,205.8,1,0,6,52,0,0,0,0.0,1354,0.0,28,28,1500,0,0.0,0,0.0,0,0,1686.0,5,0,0.5926,1686.0,0.0,8,Survivalist
0.0,0.0,0.0,0,0,146.0,1,1,0,29,0,1,1,4.348,1838,0.0,31,30,1526,0,2086.0,0,0.0,0,0,2895.0,4,0,0.8,4981.0,1.0,0,Aggressive
0.0,0.0,0.0,0,0,133.5,0,0,0,80,1458,0,0,0.0,1505,0.0,49,49,0,0,0.0,0,0.0,0,0,170.1,4,1454,0.2083,170.1,0.0,0,Survivalist
0.0,0.0,0.0,0,0,0.0,0,0,1,39,0,1,1,63.49,1792,0.0,95,93,1500,0,125.2,0,0.0,0,0,0.0,5,0,0.0,125.2,0.0,1,Aggressive
0.0,0.0,0.0,0,0,0.0,0,0,0,95,0,0,0,0.0,1890,0.0,31,30,1494,0,735.4,0,0.0,0,0,0.0,1,0,0.0,735.4,0.0,0,Survivalist
0.0,0.0,0.0,0,0,156.4,1,1,0,41,1459,1,1,12.26,1360,0.0,47,46,0,0,0.0,0,0.0,0,0,478.4,4,1561,0.3478,478.4,1.0,0,Aggressive
0.0,0.0,0.0,0,0,42.78,0,0,0,69,0,0,0,0.0,1409,0.0,93,90,1528,0,0.0,0,0.0,0,0,299.3,2,0,0.2609,299.3,0.0,0,Survivalist
0.0,0.0,0.0,0,2,71.74,0,0,0,63,1081,0,0,0.0,1353,0.0,29,28,0,0,0.0,0,0.0,0,0,646.5,2,1502,0.5,646.5,0.0,2,Survivalist
0.0,0.0,0.0,0,0,91.8,0,0,0,98,0,0,0,0.0,1407,0.0,98,93,1489,0,0.0,0,0.0,0,0,0.0,1,0,0.0,0.0,0.0,0,Survivalist
0.0,0.0,0.0,0,2,23.22,0,0,0,54,1151,0,0,0.0,1908,0.0,30,29,0,0,0.0,0,0.0,0,0,1188.0,4,1542,0.5172,1188.0,0.0,2,Survivalist
0.0,0.0,0.0,0,2,0.0,0,0,7,35,1244,0,0,0.0,1669,0.0,26,25,0,0,3303.0,0,0.0,0,0,1923.0,5,1496,0.76,5226.0,0.0,9,Survivalist
0.0,0.0,0.0,0,0,122.0,0,0,2,60,0,0,0,0.0,1463,0.0,44,40,1503,0,894.2,0,0.0,0,0,333.7,3,0,0.3488,1227.9,0.0,2,Survivalist
0.0,0.0,0.0,0,2,44.52,0,0,7,50,0,0,0,0.0,1876,0.0,29,29,1411,0,4692.0,0,0.0,0,0,2177.0,6,0,0.6429,6869.0,0.0,9,Survivalist
0.0,0.0,0.0,0,0,68.6,0,0,0,80,0,0,0,0.0,1822,0.0,49,49,1488,0,0.0,0,0.0,0,0,26.84,3,0,0.1875,26.84,0.0,0,Survivalist
0.0,0.0,0.0,0,0,67.8,0,0,0,93,1459,0,0,0.0,1283,0.0,30,29,0,0,0.0,0,0.0,0,0,125.3,0,1499,0.0,125.3,0.0,0,Survivalist
0.0,0.0,0.0,0,0,0.0,0,0,0,90,0,0,0,0.0,1341,0.0,28,27,1490,0,0.0,0,0.0,0,0,8.91,1,0,0.0,8.91,0.0,0,Survivalist
0.0,0.0,0.0,1,0,51.98,0,0,0,40,1116,0,0,0.0,1921,0.0,29,27,0,0,3044.0,0,0.0,0,0,1378.0,5,1484,0.8571,4422.0,0.0,0,Survivalist
0.0,0.0,0.0,0,0,0.0,0,0,0,55,0,0,0,0.0,1428,0.0,49,48,1507,0,610.5,0,0.0,0,0,700.7,5,0,0.5417,1311.2,0.0,0,Survivalist
0.0,0.0,0.0,0,0,0.0,0,0,0,95,0,0,0,0.0,1982,0.0,27,27,1485,0,0.0,0,0.0,0,0,85.82,0,0,0.0,85.82,0.0,0,Survivalist
0.0,0.0,0.0,0,0,99.81,1,0,0,58,0,0,0,0.0,1340,0.0,28,27,1488,0,0.0,0,0.0,0,0,1047.0,3,0,0.4815,1047.0,0.0,0,Survivalist
0.0,0.0,0.0,0,1,100.0,0,0,7,28,0,1,1,17.28,1770,0.0,49,45,1498,0,2934.0,0,32.75,0,0,2780.0,4,0,0.75,5746.75,0.0,8,Aggressive
0.0,0.0,0.0,0,1,0.0,0,0,5,23,1513,2,1,21.28,1371,0.0,99,99,0,0,0.0,0,0.0,0,0,344.8,4,1519,0.0,344.8,0.0,6,Aggressive
0.0,0.0,0.0,0,0,0.0,0,0,0,79,1326,0,0,0.0,1416,0.0,33,33,0,0,0.0,0,0.0,0,0,292.5,3,1474,0.1875,292.5,0.0,0,Survivalist
0.0,0.0,0.0,0,2,283.1,0,0,8,27,1459,1,1,18.06,1887,0.0,30,30,0,1,2112.0,0,0.0,0,0,1673.0,5,1534,0.6207,3785.0,0.0,10,Aggressive
0.0,0.0,0.0,1,1,12.46,1,0,1,23,1464,2,2,8.701,1293,0.0,29,27,0,2,0.0,0,0.0,0,0,159.0,2,1502,0.25,159.0,0.0,2,Aggressive
0.0,0.0,0.0,0,0,0.0,0,0,0,70,1195,0,0,0.0,1887,0.0,28,26,0,0,0.0,0,0.0,0,0,732.2,5,1469,0.2222,732.2,0.0,0,Survivalist
0.0,0.0,0.0,0,1,200.0,0,1,0,19,0,2,1,3.845,1972,0.0,94,92,1485,0,0.0,0,0.0,0,0,132.6,3,0,0.2473,132.6,0.5,1,Aggressive
0.0,0.0,0.0,0,2,0.0,0,0,2,58,1145,0,0,0.0,1468,0.0,47,45,0,0,0.0,0,0.0,0,0,1362.0,3,1516,0.6087,1362.0,0.0,4,Survivalist
0.0,0.0,0.0,0,2,0.0,0,0,1,44,1184,0,0,0.0,1219,0.0,48,46,0,0,0.0,0,0.0,0,0,1782.0,5,1531,0.8085,1782.0,0.0,3,Survivalist
0.0,0.0,0.0,0,0,0.0,0,0,0,84,0,0,0,0.0,1368,0.0,30,28,1547,0,0.0,0,0.0,0,0,0.0,1,0,0.0,0.0,0.0,0,Survivalist
0.0,0.0,0.0,0,0,68.87,1,1,0,19,0,2,1,15.22,1387,0.0,29,28,1312,0,0.0,0,0.0,0,0,1222.0,7,0,0.5357,1222.0,0.5,0,Aggressive
0.0,0.0,0.0,0,0,0.0,0,0,0,73,0,0,0,0.0,1404,0.0,97,94,1523,0,0.0,0,0.0,0,0,650.0,3,0,0.375,650.0,0.0,0,Survivalist
0.0,0.0,0.0,0,0,0.0,0,0,0,72,1456,0,0,0.0,1769,0.0,47,44,0,0,0.0,0,0.0,0,0,178.4,4,1576,0.2391,178.4,0.0,0,Survivalist
0.0,0.0,0.0,0,1,168.3,0,0,0,18,0,2,1,75.09,1469,0.0,95,95,1506,0,0.0,0,0.0,0,0,936.1,3,0,0.4574,936.1,0.0,1,Aggressive
0.0,0.0,0.0,0,3,338.5,1,2,5,1,0,5,1,178.2,1453,0.0,27,26,1463,1,1416.0,0,0.0,0,0,2074.0,5,0,1.0,3490.0,0.4,8,Aggressive
0.0,0.0,0.0,0,0,84.0,0,0,0,86,0,0,0,0.0,1926,0.0,30,29,1500,0,0.0,0,0.0,0,0,193.3,5,0,0.0345,193.3,0.0,0,Survivalist
0.0,inf,0.0,0,3,239.7,0,1,8,11,0,2,1,140.1,1770,0.0,97,93,1500,0,0.0,0,0.0,0,0,2304.0,6,0,0.8333,2304.0,0.5,11,Aggressive
0.0,0.0,0.0,1,2,89.93,0,0,0,76,1000,0,0,0.0,1842,0.0,44,41,0,0,118.8,0,0.0,0,0,303.0,3,1500,0.1628,421.8,0.0,2,Survivalist
0.0,0.0,0.0,0,0,23.22,0,0,0,84,1000,0,0,0.0,1450,0.0,49,47,0,0,0.0,0,0.0,0,0,119.7,2,1500,0.1042,119.7,0.0,0,Survivalist
0.0,0.0,0.0,0,0,0.0,0,0,0,84,0,0,0,0.0,1456,0.0,50,48,1484,0,0.0,0,0.0,0,0,264.1,2,0,0.1429,264.1,0.0,0,Survivalist
0.0,0.0,0.0,0,0,0.0,0,0,0,89,0,0,0,0.0,1330,0.0,96,93,1492,0,0.0,0,0.0,0,0,91.21,1,0,0.0842,91.21,0.0,0,Survivalist
0.0,0.0,0.0,0,4,18.7,0,0,2,39,0,0,0,0.0,1951,0.0,29,28,1346,2,2203.0,0,0.0,0,0,3810.0,2,0,0.8929,6013.0,0.0,6,Survivalist
0.0,0.0,0.0,0,0,0.0,0,0,0,71,1035,0,0,0.0,1890,0.0,81,74,0,0,0.0,0,0.0,0,0,114.7,1,1443,0.125,114.7,0.0,0,Survivalist
0.0,0.0,0.0,0,0,180.1,0,0,0,49,1000,0,0,0.0,1890,0.0,32,32,0,0,0.0,0,0.0,0,0,989.0,5,1500,0.2581,989.0,0.0,0,Survivalist
0.0,0.0,0.0,0,0,0.0,0,0,0,92,1151,0,0,0.0,1967,0.0,30,29,0,0,0.0,0,0.0,0,0,74.96,1,1404,0.0345,74.96,0.0,0,Survivalist
0.0,0.0,0.0,2,6,1011.0,6,1,16,2,1596,6,2,184.2,1779,0.0,28,27,0,1,5016.0,0,0.0,0,0,1552.0,6,1602,0.963,6568.0,0.16666666666666666,22,Aggressive
0.0,0.0,0.0,0,1,31.78,0,0,5,40,1397,0,0,0.0,1801,0.0,33,33,0,0,0.0055,0,13.87,0,0,8409.0,7,1428,0.9062,8422.8755,0.0,6,Survivalist
0.0,0.0,0.0,1,1,153.4,2,1,1,22,0,2,2,9.77,1286,0.0,24,24,1352,0,0.0,0,0.0,0,0,563.9,2,0,0.4348,563.9,0.5,2,Aggressive
0.0,0.0,0.0,0,0,100.0,1,1,0,30,0,1,1,3.953,1783,0.0,48,47,1481,0,0.0,0,0.0,0,0,133.3,2,0,0.4894,133.3,1.0,0,Aggressive
0.0,0.0,0.0,0,0,0.0,0,0,0,50,0,0,0,0.0,1427,0.0,50,49,1523,0,0.0,0,0.0,0,0,1365.0,5,0,0.8571,1365.0,0.0,0,Survivalist
0.0,0.0,0.0,0,3,285.2,0,0,2,29,1216,1,1,4.658,1452,0.0,97,95,0,0,0.0,0,0.0,0,0,1764.0,5,1449,0.8333,1764.0,0.0,5,Aggressive
0.0,0.0,0.0,1,5,926.1,6,3,2,2,0,7,2,194.1,1865,0.0,48,47,1644,1,6031.0,0,0.0,0,0,3421.0,6,0,1.0,9452.0,0.42857142857142855,7,Aggressive
0.0,0.0,0.0,0,0,83.85,0,0,0,74,0,0,0,0.0,1988,0.0,47,46,1500,0,0.0,0,0.0,0,0,326.0,2,0,0.2174,326.0,0.0,0,Survivalist
0.0,0.0,0.0,0,0,0.0,0,0,5,62,1168,0,0,0.0,1399,0.0,29,26,0,0,0.0,0,0.0,0,0,532.0,3,1447,0.0,532.0,0.0,5,Survivalist
0.0,0.0,0.0,0,0,0.0,0,0,0,48,1444,0,0,0.0,1326,0.0,27,27,0,0,349.6,0,66.13,0,0,1211.0,4,1561,0.8462,1626.73,0.0,0,Survivalist
0.0,0.0,0.0,0,0,0.0,0,0,0,72,1289,0,0,0.0,1314,0.0,27,27,0,0,0.0,0,0.0,0,0,230.8,2,1427,0.3462,230.8,0.0,0,Survivalist
0.0,0.0,0.0,0,0,0.0,0,0,0,91,0,0,0,0.0,1353,0.0,91,89,1537,0,0.0,0,0.0,0,0,14.06,1,0,0.0,14.06,0.0,0,Survivalist
0.0,0.0,0.0,0,3,392.2,0,5,3,6,0,4,1,34.79,1352,0.0,81,81,1537,0,0.0,0,0.0,0,0,1652.0,5,0,0.775,1652.0,1.25,6,Aggressive
0.0,0.0,0.0,0,2,329.0,1,1,1,9,0,3,1,93.84,1401,0.0,30,30,1745,1,0.0,0,0.0,0,0,3777.0,5,0,0.6897,3777.0,0.3333333333333333,3,Aggressive
0.0,0.0,0.0,0,0,142.8,1,0,0,63,0,0,0,0.0,1337,0.0,29,28,1500,1,0.0,0,0.0,0,0,256.6,3,0,0.4643,256.6,0.0,0,Survivalist
0.0,0.0,0.0,0,4,0.3779,0,0,2,41,1000,0,0,0.0,2023,0.0,16,16,0,0,5767.0,0,0.0,0,0,1159.0,7,1500,0.4,6926.0,0.0,6,Survivalist
0.0,0.0,0.0,0,0,0.0,0,0,0,83,0,0,0,0.0,1252,0.0,26,25,1470,0,0.0,0,0.0,0,0,52.22,2,0,0.08,52.22,0.0,0,Survivalist
0.0,0.0,0.0,0,0,0.0,0,0,0,98,1209,0,0,0.0,1437,0.0,29,28,0,0,0.0,0,0.0,0,0,11.28,1,1511,0.0,11.28,0.0,0,Survivalist
0.0,0.0,0.0,0,0,100.0,0,0,0,41,0,1,1,5.475,1984,0.0,97,93,1489,0,0.0,0,0.0,0,0,107.2,2,0,0.1771,107.2,0.0,0,Aggressive
0.0,0.0,0.0,0,0,42.9,0,0,0,82,1508,0,0,0.0,1822,0.0,26,25,0,0,0.0,0,0.0,0,0,64.14,1,1600,0.16,64.14,0.0,0,Survivalist
0.0,0.0,0.0,0,0,0.0,0,0,0,78,1128,0,0,0.0,1860,0.0,29,27,0,0,0.0,0,0.0,0,0,114.4,1,1512,0.1429,114.4,0.0,0,Survivalist
0.0,0.0,0.0,0,0,70.56,0,0,0,58,0,0,0,0.0,1400,0.0,95,92,1500,0,0.0,0,0.0,0,0,835.3,3,0,0.5,835.3,0.0,0,Survivalist
0.0,0.0,0.0,0,0,42.75,0,0,0,48,0,0,0,0.0,1377,0.0,48,47,1479,0,0.0,0,0.0,0,0,2525.0,12,0,0.7234,2525.0,0.0,0,Survivalist
0.0,0.0,0.0,0,0,49.98,0,0,0,95,0,0,0,0.0,1331,0.0,29,27,1463,0,0.0,0,0.0,0,0,196.9,2,0,0.0,196.9,0.0,0,Survivalist
0.0,0.0,0.0,0,1,175.0,2,0,1,27,1498,1,1,49.49,1288,0.0,29,29,0,1,0.0,0,0.0,0,0,1540.0,2,1639,0.75,1540.0,0.0,2,Aggressive
0.0,0.0,0.0,0,0,236.9,0,0,0,35,1217,1,1,13.64,1962,0.0,85,82,0,0,0.0,0,0.0,0,0,29.45,1,1496,0.0952,29.45,0.0,0,Aggressive
0.0,0.0,0.0,2,6,535.1,2,0,1,14,0,2,1,278.0,1788,0.0,28,27,1486,0,3198.0,0,0.0,0,0,2759.0,16,0,0.7407,5957.0,0.0,7,Aggressive
0.0,0.0,0.0,1,4,510.0,3,2,7,3,0,5,2,25.04,1378,0.0,46,43,1500,1,0.0,0,0.0,1,0,3088.0,6,0,0.9778,3088.0,0.4,11,Aggressive
0.0,0.0,0.0,2,4,314.0,2,3,0,16,0,2,1,29.56,1365,0.0,27,27,1500,0,0.0,0,0.0,0,0,4234.0,3,0,0.7692,4234.0,1.5,4,Aggressive
0.0,0.0,0.0,0,0,85.17,1,0,0,21,0,2,2,44.96,1870,0.0,28,28,1390,1,0.0,0,0.0,0,0,146.4,1,0,0.037,146.4,0.0,0,Aggressive
0.0,0.0,0.0,0,2,0.0,0,0,5,62,0,0,0,0.0,1963,0.0,47,44,1504,0,0.0,0,0.0,0,0,785.8,5,0,0.413,785.8,0.0,7,Survivalist
0.0,0.0,0.0,0,0,100.0,0,0,0,30,1070,1,1,3.935,1851,0.0,95,93,0,0,0.0,0,0.0,0,0,342.8,3,1479,0.4362,342.8,0.0,0,Aggressive
0.0,0.0,0.0,0,0,0.0,0,0,0,95,1089,0,0,0.0,1925,0.0,48,46,0,0,0.0,0,0.0,0,0,0.0,0,1528,0.0,0.0,0.0,0,Survivalist
0.0,0.0,0.0,0,0,100.0,1,0,0,33,1139,1,1,8.644,1822,0.0,25,25,0,0,397.2,0,0.0,0,0,1300.0,6,1475,0.375,1697.2,0.0,0,Aggressive
0.0,0.0,0.0,0,0,253.0,1,0,0,64,0,0,0,0.0,1787,0.0,30,29,1485,0,0.0,0,0.0,0,0,767.7,6,0,0.2759,767.7,0.0,0,Survivalist
0.0,0.0,0.0,2,2,188.2,1,0,0,23,0,1,1,48.42,1360,0.0,28,27,1500,0,0.0,0,0.0,0,0,3081.0,4,0,0.8148,3081.0,0.0,2,Aggressive
0.0,0.0,0.0,0,0,214.4,1,0,5,29,1440,1,1,8.629,1408,0.0,45,40,0,1,0.0,0,0.0,0,0,913.2,8,1614,0.5227,913.2,0.0,5,Aggressive
0.0,0.0,0.0,0,0,0.0,0,0,0,83,1305,0,0,0.0,1882,0.0,43,42,0,0,0.0,0,0.0,0,0,0.0,0,1409,0.0,0.0,0.0,0,Survivalist
0.0,0.0,0.0,1,2,207.8,0,0,2,11,1190,2,1,22.28,1881,0.0,91,87,0,0,0.0,0,0.0,0,0,3487.0,6,1518,0.9,3487.0,0.0,4,Aggressive
0.0,0.0,0.0,1,0,111.0,0,0,0,59,0,0,0,0.0,1357,0.0,48,48,1500,0,0.0,0,0.0,0,0,246.3,3,0,0.4894,246.3,0.0,0,Survivalist
0.0,0.0,0.0,1,7,632.0,4,1,4,1,0,7,2,41.01,1508,0.0,27,25,1487,0,0.0,0,123.2,0,0,3446.0,5,0,1.0,3569.2,0.14285714285714285,11,Aggressive
0.0,0.0,0.0,1,3,148.6,1,0,4,46,0,0,0,0.0,1375,0.0,28,26,1994,0,1052.0,0,0.0,0,0,3045.0,3,0,0.963,4097.0,0.0,7,Survivalist
0.0,0.0,0.0,0,1,157.8,0,0,5,32,0,1,1,5.735,1860,0.0,96,95,1544,0,0.0,0,0.0,0,0,517.1,7,0,0.4211,517.1,0.0,6,Aggressive
0.0,0.0,0.0,0,0,70.73,0,0,0,77,984,0,0,0.0,1486,0.0,50,49,0,0,0.0,0,0.0,0,0,176.6,4,1482,0.3061,176.6,0.0,0,Survivalist
0.0,0.0,0.0,0,0,0.0,0,0,0,85,1053,0,0,0.0,1350,0.0,96,92,0,0,0.0,0,0.0,0,0,10.12,0,1462,0.1158,10.12,0.0,0,Survivalist
0.0,0.0,0.0,0,0,24.51,0,0,0,74,1322,0,0,0.0,1986,0.0,95,93,0,0,0.0,0,0.0,0,0,160.5,3,1498,0.234,160.5,0.0,0,Survivalist
0.0,0.0,0.0,0,2,80.63,0,0,1,43,1169,0,0,0.0,1376,0.0,50,49,0,1,1501.0,0,0.0,0,0,2007.0,6,1516,0.898,3508.0,0.0,3,Survivalist
0.0,0.0,0.0,0,0,0.0,0,0,0,83,0,0,0,0.0,1758,0.0,48,48,1546,0,0.0,0,0.0,0,0,78.64,1,0,0.1064,78.64,0.0,0,Survivalist
0.0,0.0,0.0,0,0,64.78,0,0,0,96,1000,0,0,0.0,1981,0.0,29,27,0,0,0.0,0,0.0,0,0,121.9,1,1500,0.0,121.9,0.0,0,Survivalist
0.0,0.0,0.0,2,1,50.49,0,0,3,50,0,0,0,0.0,1797,0.0,27,26,1500,0,3228.0,0,0.0,0,0,1308.0,4,0,0.6538,4536.0,0.0,4,Survivalist
0.0,0.0,0.0,0,4,100.0,1,1,3,35,0,1,1,3.854,1337,0.0,29,29,1466,0,0.0,0,0.0,0,0,511.7,3,0,0.3929,511.7,1.0,7,Aggressive
0.0,0.0,0.0,0,0,28.8,0,0,0,79,0,0,0,0.0,1785,0.0,29,28,1387,0,0.0,0,0.0,0,0,87.45,2,0,0.1429,87.45,0.0,0,Survivalist
0.0,0.0,0.0,0,0,0.0,0,0,0,83,0,0,0,0.0,1476,0.0,28,28,1501,0,0.0,0,0.0,0,0,0.0,0,0,0.0,0.0,0.0,0,Survivalist
0.0,0.0,0.0,0,0,152.9,2,0,0,10,0,3,3,18.61,1301,0.0,27,27,1373,0,0.0,0,0.0,1,0,115.8,2,0,0.0385,115.8,0.0,0,Aggressive
0.0,0.0,0.0,0,0,100.0,1,0,0,31,0,1,1,25.34,1445,0.0,46,43,1528,0,0.0,0,0.0,0,0,439.9,2,0,0.3778,439.9,0.0,0,Aggressive
0.0,0.0,0.0,0,2,248.0,2,0,5,5,0,4,2,93.58,1789,0.0,29,28,1461,0,4469.0,0,0.0,0,1,1897.0,6,0,0.8214,6366.0,0.0,7,Aggressive
0.0,0.0,0.0,0,0,0.0,0,0,0,87,0,0,0,0.0,1206,0.0,98,96,1662,0,0.0,0,0.0,0,0,43.96,1,0,0.1031,43.96,0.0,0,Survivalist
0.0,0.0,0.0,0,2,0.0,0,0,0,55,0,0,0,0.0,1268,0.0,29,29,1395,0,0.0,0,90.7,0,0,2643.0,3,0,0.6786,2733.7,0.0,2,Survivalist
0.0,0.0,0.0,0,4,578.8,5,0,4,3,1305,5,1,126.2,1458,0.0,29,29,0,0,0.0,0,0.0,0,0,3768.0,3,1471,0.9643,3768.0,0.0,8,Aggressive
0.0,0.0,0.0,0,0,0.0,1,0,0,43,0,1,1,19.28,1388,0.0,27,26,1518,1,0.0,0,0.0,0,0,0.0,2,0,0.0,0.0,0.0,0,Aggressive
0.0,0.0,0.0,0,0,0.0,1,0,4,52,0,0,0,0.0,1872,0.0,25,24,1413,1,2995.0,0,0.0,0,0,0.0,7,0,0.0,2995.0,0.0,4,Survivalist
0.0,0.0,0.0,1,3,301.7,1,0,2,14,0,2,1,14.37,1430,0.0,48,46,1536,0,0.0,0,0.0,0,0,2793.0,7,0,0.7447,2793.0,0.0,5,Aggressive
0.0,0.0,0.0,0,0,171.0,2,0,1,30,1028,1,1,136.2,1375,0.0,27,27,0,0,0.0,0,55.53,0,0,1953.0,2,1467,0.5769,2008.53,0.0,1,Aggressive
0.0,0.0,0.0,0,0,0.0,0,0,0,89,0,0,0,0.0,1954,0.0,48,46,1495,0,0.0,0,0.0,0,0,24.71,1,0,0.0425,24.71,0.0,0,Survivalist
0.0,0.0,0.0,0,5,388.2,2,3,3,4,0,4,1,147.7,1379,0.0,28,26,1474,0,0.0,0,97.8,0,0,2846.0,6,0,0.0,2943.8,0.75,8,Aggressive
0.0,0.0,0.0,0,0,0.0,0,0,0,57,1056,0,0,0.0,2184,0.0,92,88,0,0,0.0,0,0.0,0,0,2553.0,3,1507,0.6484,2553.0,0.0,0,Survivalist
0.0,0.0,0.0,0,0,0.0,0,0,0,74,0,0,0,0.0,886,0.0,46,41,1500,0,0.0,0,0.0,0,0,205.3,1,0,0.0889,205.3,0.0,0,Survivalist
0.0,0.0,0.0,0,0,62.35,0,0,0,82,1000,0,0,0.0,1328,0.0,98,96,0,0,0.0,0,0.0,0,0,89.49,1,1500,0.1649,89.49,0.0,0,Survivalist
0.0,0.0,0.0,0,0,78.0,0,0,0,63,0,0,0,0.0,1469,0.0,28,28,1556,0,0.0,0,0.0,0,0,1320.0,4,0,0.4074,1320.0,0.0,0,Survivalist
0.0,0.0,0.0,0,0,0.0,1,0,0,51,0,0,0,0.0,1768,0.0,26,26,1536,1,2476.0,0,134.2,0,0,1014.0,8,0,0.52,3624.2,0.0,0,Survivalist
0.0,0.0,0.0,0,0,0.0,0,0,0,68,1199,0,0,0.0,1780,0.0,91,89,0,0,0.0,0,0.0,0,0,0.0,0,1558,0.0,0.0,0.0,0,Survivalist
0.0,0.0,0.0,0,0,300.0,2,1,0,9,0,3,2,8.53,1687,0.0,28,27,1429,0,0.0,0,0.0,0,0,189.1,3,0,0.2593,189.1,0.3333333333333333,0,Aggressive
0.0,0.0,0.0,2,3,286.7,0,2,1,26,0,1,1,77.16,1399,0.0,30,30,1428,0,0.0,0,75.12,0,0,3230.0,4,0,1.0,3305.12,2.0,4,Aggressive
0.0,0.0,0.0,0,0,0.0,0,0,5,76,0,0,0,0.0,1836,0.0,49,46,1464,0,0.0,0,0.0,0,0,38.21,3,0,0.2917,38.21,0.0,5,Survivalist
0.0,0.0,0.0,0,5,0.0,0,0,3,47,1083,0,0,0.0,1384,0.0,96,94,0,0,0.0,0,0.0,0,0,1027.0,5,1469,0.9158,1027.0,0.0,8,Survivalist
0.0,0.0,0.0,0,0,0.0,0,0,0,84,0,0,0,0.0,1318,0.0,28,28,1373,0,0.0,0,0.0,0,0,0.0,0,0,0.0,0.0,0.0,0,Survivalist
0.0,0.0,0.0,0,0,8.309,0,0,0,74,1179,0,0,0.0,1326,0.0,28,28,0,0,1258.0,0,0.0,0,0,323.3,3,1471,0.1852,1581.3,0.0,0,Survivalist
0.0,0.0,0.0,0,0,0.0,0,0,0,44,0,0,0,0.0,1344,0.0,24,24,1494,0,0.0,0,0.0,0,0,811.8,4,0,0.7826,811.8,0.0,0,Survivalist
0.0,0.0,0.0,1,3,0.0,2,1,1,13,0,2,1,112.1,1310,0.0,28,27,1476,1,843.6,0,12.51,0,0,3543.0,3,0,0.8519,4399.110000000001,0.5,4,Aggressive
0.0,0.0,0.0,0,1,429.1,3,1,1,4,0,5,2,210.0,1378,0.0,49,49,1480,2,0.0,0,0.0,0,0,1585.0,4,0,0.8125,1585.0,0.2,2,Aggressive
0.0,0.0,0.0,0,2,470.3,0,1,3,6,0,4,1,34.62,1816,0.0,94,89,1494,0,0.0,0,0.0,0,0,800.4,5,0,0.0,800.4,0.25,5,Aggressive
0.0,0.0,0.0,2,1,156.0,2,1,0,9,0,3,2,33.52,1978,0.0,29,29,1468,0,0.0,0,0.0,0,0,4136.0,7,0,0.8214,4136.0,0.3333333333333333,1,Aggressive
0.0,0.0,0.0,0,1,0.0,3,1,0,9,1483,3,2,58.58,1369,0.0,29,29,0,0,0.0,0,0.0,0,0,2698.0,5,1645,0.9286,2698.0,0.3333333333333333,1,Aggressive
0.0,0.0,0.0,1,1,123.4,1,0,1,25,1111,1,1,23.16,1372,0.0,48,47,0,0,0.0,0,0.0,0,0,1939.0,3,1511,0.8511,1939.0,0.0,2,Aggressive
0.0,0.0,0.0,2,0,0.0,1,2,4,29,0,1,1,11.78,1370,0.0,27,27,1485,2,0.0,0,0.0,0,0,1471.0,4,0,0.0,1471.0,2.0,4,Aggressive
0.0,0.0,0.0,0,0,230.1,0,0,0,23,0,2,1,22.95,1371,0.0,94,90,1565,0,0.0,0,0.0,0,0,114.4,2,0,0.3763,114.4,0.0,0,Aggressive
0.0,0.0,0.0,1,7,327.9,3,0,6,13,0,2,1,71.83,1560,0.0,27,27,1539,1,0.0,0,0.0,0,0,3491.0,3,0,0.0,3491.0,0.0,13,Aggressive
0.0,0.0,0.0,0,1,25.99,1,0,1,21,0,1,1,54.47,1320,0.0,29,27,1540,1,0.0,0,0.0,0,0,3363.0,3,0,0.7857,3363.0,0.0,2,Aggressive
0.0,0.0,0.0,1,2,10.06,0,0,1,56,1100,0,0,0.0,1769,0.0,25,25,0,0,0.0,0,0.0,0,0,2598.0,6,1475,0.375,2598.0,0.0,3,Survivalist
0.0,0.0,0.0,0,4,174.4,1,0,7,25,0,1,1,127.2,1297,0.0,28,27,1517,0,1545.0,0,0.0,0,0,1633.0,4,0,0.7407,3178.0,0.0,11,Aggressive
0.0,0.0,0.0,0,0,200.0,2,1,1,20,0,2,2,9.644,1382,0.0,49,46,1549,0,0.0,0,0.0,1,0,241.2,3,0,0.3542,241.2,0.5,1,Aggressive
0.0,0.0,0.0,0,0,100.0,1,0,0,33,1320,1,1,4.505,1881,0.0,48,45,0,0,0.0,0,0.0,0,0,5.029,2,1427,0.2766,5.029,0.0,0,Aggressive
0.0,0.0,0.0,0,0,0.0,0,0,0,84,1348,0,0,0.0,1252,0.0,26,26,0,0,0.0,0,0.0,0,0,140.4,1,1519,0.12,140.4,0.0,0,Survivalist
0.0,0.0,0.0,0,0,0.0,0,0,0,85,0,0,0,0.0,1302,0.0,47,45,1433,0,0.0,0,0.0,0,0,48.48,1,0,0.0,48.48,0.0,0,Survivalist
0.0,0.0,0.0,0,0,0.0,0,0,0,90,1003,0,0,0.0,1431,0.0,30,28,0,0,0.0,0,0.0,0,0,0.0,0,1490,0.0,0.0,0.0,0,Survivalist
0.0,0.0,0.0,0,3,0.0,0,0,0,34,0,0,0,0.0,1864,0.0,16,16,1500,0,758.5,0,0.0,0,0,817.5,3,0,0.4667,1576.0,0.0,3,Survivalist
0.0,0.0,0.0,0,3,380.0,0,0,9,3,0,4,1,65.89,1968,0.0,95,92,1592,0,491.8,0,0.0,0,0,2283.0,4,0,0.9681,2774.8,0.0,12,Aggressive
0.0,0.0,0.0,0,3,100.0,1,0,10,57,0,0,0,0.0,1294,0.0,28,28,1416,2,593.7,0,0.0,0,0,1028.0,5,0,0.7037,1621.7,0.0,13,Survivalist
0.0,0.0,0.0,0,1,88.26,0,0,1,45,1077,0,0,0.0,1300,0.0,33,32,0,0,0.0,0,0.0,0,0,2609.0,5,1501,0.8125,2609.0,0.0,2,Survivalist
0.0,0.0,0.0,0,3,340.0,2,0,4,3,0,4,2,22.28,2074,0.0,48,45,1500,0,6110.0,0,0.0,0,0,1696.0,4,0,0.9787,7806.0,0.0,7,Aggressive
0.0,0.0,0.0,1,1,114.5,0,0,4,46,1057,0,0,0.0,1436,0.0,26,26,0,1,0.0,0,326.7,0,0,3203.0,3,1501,0.96,3529.7,0.0,5,Survivalist
0.0,0.0,0.0,0,0,0.0,0,0,0,63,1070,0,0,0.0,1344,0.0,49,46,0,0,0.0,0,0.0,0,0,474.8,2,1507,0.4792,474.8,0.0,0,Survivalist
0.0,0.0,0.0,0,0,54.45,0,0,0,57,1525,0,0,0.0,1363,0.0,29,27,0,0,0.0,0,0.0,0,0,946.8,3,1506,0.5357,946.8,0.0,0,Survivalist
0.0,0.0,0.0,2,1,0.0,5,0,2,8,1895,4,1,109.1,1885,0.0,27,27,0,0,4446.0,0,0.0,0,0,0.0,5,1707,0.0,4446.0,0.0,3,Aggressive
0.0,0.0,0.0,0,1,228.1,0,2,0,26,1349,1,1,9.874,1888,0.0,28,27,0,0,0.0,0,0.0,0,0,3607.0,4,1472,0.7407,3607.0,2.0,1,Aggressive
0.0,0.0,0.0,1,2,76.5,0,0,1,58,0,0,0,0.0,1391,0.0,27,27,1519,0,0.0,0,0.0,0,0,1963.0,5,0,0.6538,1963.0,0.0,3,Survivalist
0.0,0.0,0.0,0,0,29.4,0,0,1,55,0,0,0,0.0,1346,0.0,48,45,1608,0,0.0,0,0.0,0,0,3124.0,5,0,0.6809,3124.0,0.0,1,Survivalist
0.0,0.0,0.0,0,0,0.0,0,0,0,91,0,0,0,0.0,2192,0.0,47,46,1513,0,0.0,0,0.0,0,0,29.33,0,0,0.0217,29.33,0.0,0,Survivalist
0.0,0.0,0.0,0,0,0.0,0,0,0,64,0,0,0,0.0,1389,0.0,49,47,1500,0,418.5,0,0.0,0,0,422.3,4,0,0.3958,840.8,0.0,0,Survivalist
0.0,0.0,0.0,2,1,218.9,0,1,1,16,0,2,2,173.3,1918,0.0,29,28,1554,0,0.0,0,6.007,0,0,4017.0,8,0,0.8214,4023.007,0.5,2,Aggressive
0.0,0.0,0.0,0,0,0.0,0,0,0,83,0,0,0,0.0,1895,0.0,27,26,1413,0,0.0,0,0.0,0,0,146.0,5,0,0.1154,146.0,0.0,0,Survivalist
0.0,0.0,0.0,0,0,58.78,0,0,7,49,0,0,0,0.0,1886,0.0,47,47,1507,0,1517.0,0,187.3,0,0,2189.0,6,0,0.7391,3893.3,0.0,7,Survivalist
0.0,0.0,0.0,0,0,0.0,0,0,0,64,0,0,0,0.0,1373,0.0,28,26,1422,0,0.0,0,0.0,0,0,0.0,3,0,0.0,0.0,0.0,0,Survivalist
0.0,0.0,0.0,2,0,0.0,0,0,0,46,0,0,0,0.0,1399,0.0,28,28,1500,0,0.0,0,0.0,0,0,1611.0,6,0,0.8889,1611.0,0.0,0,Survivalist
0.0,0.0,0.0,0,0,0.0,0,0,0,93,0,0,0,0.0,1352,0.0,29,28,1427,0,0.0,0,0.0,0,0,0.0,1,0,0.0,0.0,0.0,0,Survivalist
0.0,0.0,0.0,0,0,225.8,2,0,0,83,0,0,0,0.0,1351,0.0,27,27,1505,0,0.0,0,0.0,0,0,90.61,1,0,0.0769,90.61,0.0,0,Survivalist
0.0,0.0,0.0,0,0,70.2,0,0,0,88,0,0,0,0.0,1380,0.0,97,94,1484,0,0.0,0,0.0,0,0,31.03,0,0,0.0729,31.03,0.0,0,Survivalist
0.0,0.0,0.0,3,3,717.4,2,6,1,4,0,5,2,77.9,1941,0.0,48,47,1445,1,3135.0,0,0.0,0,0,2808.0,6,0,0.9362,5943.0,1.2,4,Aggressive
0.0,0.0,0.0,0,0,0.0,0,0,0,73,0,0,0,0.0,1420,0.0,94,91,1505,0,0.0,0,0.0,0,0,32.37,1,0,0.2258,32.37,0.0,0,Survivalist
0.0,0.0,0.0,0,0,108.3,0,0,0,73,0,0,0,0.0,1440,0.0,28,27,1491,0,0.0,0,0.0,0,0,77.32,2,0,0.2593,77.32,0.0,0,Survivalist
0.0,0.0,0.0,0,0,29.0,0,0,2,44,1031,0,0,0.0,1767,0.0,29,29,0,1,3325.0,0,0.0,0,0,3620.0,8,1457,0.9286,6945.0,0.0,2,Survivalist
0.0,0.0,0.0,0,8,225.5,0,0,10,6,0,3,1,105.8,1896,0.0,92,88,1487,0,943.9,0,47.4,0,0,5370.0,6,0,0.9341,6361.299999999999,0.0,18,Aggressive
0.0,0.0,0.0,0,0,0.0,0,0,0,63,1000,0,0,0.0,1817,0.0,49,48,0,0,1164.0,0,0.0,0,0,1761.0,5,1500,0.4792,2925.0,0.0,0,Survivalist
0.0,0.0,0.0,0,2,388.5,0,3,2,7,0,3,1,60.53,1921,0.0,92,86,1494,0,1893.0,0,0.0,0,0,2256.0,6,0,0.9341,4149.0,1.0,4,Aggressive
0.0,0.0,0.0,0,0,147.7,1,0,0,40,0,1,1,10.77,1365,0.0,25,24,1454,1,0.0,0,0.0,0,0,95.86,3,0,0.125,95.86,0.0,0,Aggressive
0.0,0.0,0.0,0,2,0.0,3,3,4,3,0,4,1,272.3,1504,0.0,29,29,1418,1,0.0,0,0.0,0,0,2754.0,4,0,0.0,2754.0,0.75,6,Aggressive
0.0,0.0,0.0,0,3,123.1,1,0,2,25,1029,1,1,119.5,1338,0.0,50,49,0,0,195.3,0,116.5,0,0,3313.0,6,1497,0.8776,3624.8,0.0,5,Aggressive
0.0,0.0,0.0,0,0,0.0,0,0,0,60,0,0,0,0.0,1959,0.0,97,93,1500,0,0.0,0,0.0,0,0,473.8,4,0,0.5625,473.8,0.0,0,Survivalist
0.0,0.0,0.0,0,2,275.0,2,0,1,32,0,1,1,8.086,1979,0.0,30,29,1538,0,8871.0,0,0.0,0,0,633.3,3,0,0.5172,9504.3,0.0,3,Aggressive
0.0,0.0,0.0,0,0,100.0,1,0,0,36,1030,1,1,14.71,1262,0.0,27,27,0,0,0.0,0,0.0,0,0,177.3,2,1512,0.1923,177.3,0.0,0,Aggressive
0.0,0.0,0.0,0,5,909.8,4,2,10,1,0,5,1,160.5,1839,0.0,47,46,1496,0,5340.0,0,0.0,0,0,1772.0,7,0,0.9783,7112.0,0.4,15,Aggressive
0.0,0.0,0.0,0,0,219.0,2,1,0,43,0,1,1,3.074,1936,0.0,30,28,1491,0,0.0,0,0.0,0,0,108.3,1,0,0.0345,108.3,1.0,0,Aggressive
0.0,0.0,0.0,0,0,0.0,0,0,0,65,0,0,0,0.0,1933,0.0,44,40,1510,0,0.0,0,0.0,0,0,210.1,3,0,0.2791,210.1,0.0,0,Survivalist
0.0,0.0,0.0,0,0,0.0,0,0,0,50,0,0,0,0.0,1444,0.0,27,25,1424,0,1746.0,0,0.0,0,0,952.6,6,0,0.5,2698.6,0.0,0,Survivalist
0.0,0.0,0.0,0,0,9.7,0,0,0,39,0,1,1,5.294,1765,0.0,49,47,1413,0,0.0,0,0.0,0,0,106.2,2,0,0.125,106.2,0.0,0,Aggressive
0.0,0.0,0.0,0,0,82.5,0,0,0,39,0,0,0,0.0,1777,0.0,25,24,1506,0,0.0,0,0.0,0,0,163.6,1,0,1.0,163.6,0.0,0,Survivalist
0.0,0.0,0.0,2,2,0.0,1,1,1,30,1365,1,1,6.083,1392,0.0,27,27,0,1,0.0,0,0.0,0,0,1961.0,4,1534,0.0,1961.0,1.0,3,Aggressive
0.0,0.0,0.0,0,0,53.5,0,0,0,40,0,1,1,3.695,1353,0.0,28,28,1448,0,0.0,0,0.0,0,0,93.52,2,0,0.0741,93.52,0.0,0,Aggressive
0.0,0.0,0.0,0,2,0.0,0,0,0,56,0,0,0,0.0,1350,0.0,96,91,1678,0,0.0,0,0.0,0,0,817.5,3,0,0.6526,817.5,0.0,2,Survivalist
0.0,0.0,0.0,0,0,260.6,2,2,1,14,1000,2,1,5.064,1331,0.0,29,28,0,1,0.0,0,0.0,0,0,405.4,3,1500,0.4643,405.4,1.0,1,Aggressive
0.0,0.0,0.0,0,0,0.0,0,0,1,54,0,0,0,0.0,1358,0.0,93,89,1498,0,0.0,0,0.0,0,0,317.4,2,0,0.5109,317.4,0.0,1,Survivalist
0.0,0.0,0.0,0,0,0.0,0,0,0,89,1313,0,0,0.0,1457,0.0,30,29,0,0,0.0,0,0.0,0,0,0.0,2,1488,0.0345,0.0,0.0,0,Survivalist
0.0,0.0,0.0,0,0,0.0,0,0,0,78,0,0,0,0.0,1377,0.0,28,27,1448,0,0.0,0,0.0,0,0,168.1,1,0,0.0741,168.1,0.0,0,Survivalist
0.0,0.0,0.0,0,0,0.0,0,0,0,82,0,0,0,0.0,1746,0.0,28,27,1500,0,0.0,0,0.0,0,0,245.5,1,0,0.037,245.5,0.0,0,Survivalist
0.0,0.0,0.0,0,0,44.88,0,0,0,61,0,0,0,0.0,1964,0.0,50,49,1530,0,0.0,0,0.0,0,0,745.0,3,0,0.4898,745.0,0.0,0,Survivalist
0.0,0.0,0.0,0,2,83.6,0,0,1,28,0,1,1,16.01,1468,0.0,50,48,1493,1,3192.0,0,0.0,0,0,1766.0,3,0,0.8367,4958.0,0.0,3,Aggressive
0.0,0.0,0.0,0,0,0.0,0,0,0,82,1104,0,0,0.0,1306,0.0,28,28,0,0,0.0,0,0.0,0,0,162.2,2,1370,0.1111,162.2,0.0,0,Survivalist
0.0,0.0,0.0,2,1,120.3,0,0,4,33,0,1,1,49.64,1260,0.0,50,49,1532,1,1212.0,0,0.0,0,0,541.1,5,0,0.6735,1753.1,0.0,5,Aggressive
0.0,0.0,0.0,0,1,156.9,1,0,1,27,1069,1,1,69.11,1864,0.0,29,26,0,0,426.8,0,0.0,0,0,3301.0,7,1499,0.6429,3727.8,0.0,2,Aggressive
0.0,0.0,0.0,0,0,0.0,0,0,0,56,0,0,0,0.0,1378,0.0,50,48,1508,0,287.4,0,0.0,0,0,0.0,4,0,0.0,287.4,0.0,0,Survivalist
0.0,0.0,0.0,0,2,0.0,0,0,4,68,0,0,0,0.0,1452,0.0,29,26,1424,0,0.0,0,0.0,0,0,581.3,2,0,0.3571,581.3,0.0,6,Survivalist
0.0,0.0,0.0,0,3,0.0,0,0,6,55,0,0,0,0.0,1347,0.0,27,27,762,0,5650.0,0,0.0,0,0,1193.0,2,0,0.5769,6843.0,0.0,9,Survivalist
0.0,0.0,0.0,0,0,62.93,0,0,0,52,0,0,0,0.0,1461,0.0,28,26,1495,0,0.0,0,22.19,0,0,2737.0,3,0,0.7037,2759.19,0.0,0,Survivalist
0.0,0.0,0.0,0,2,0.0,1,1,6,12,0,2,1,11.6,1447,0.0,48,46,1523,0,0.0,0,0.0,0,0,0.0,8,0,0.0,0.0,0.5,8,Aggressive
0.0,0.0,0.0,0,0,20.3,0,0,0,65,0,0,0,0.0,1889,0.0,28,28,1521,0,0.0,0,0.0,0,0,917.3,2,0,0.3704,917.3,0.0,0,Survivalist
0.0,0.0,0.0,0,0,0.0,0,0,0,63,1124,0,0,0.0,1845,0.0,42,39,0,0,381.8,0,0.0,0,0,340.3,2,1493,0.2195,722.1,0.0,0,Survivalist
0.0,0.0,0.0,0,0,0.0,0,0,0,62,1000,0,0,0.0,1388,0.0,30,30,0,0,0.0,0,0.0,0,0,17.46,0,1500,0.4828,17.46,0.0,0,Survivalist
0.0,0.0,0.0,0,0,0.0,0,0,0,96,0,0,0,0.0,1778,0.0,27,26,1451,0,0.0,0,0.0,0,0,16.16,1,0,0.0,16.16,0.0,0,Survivalist
0.0,0.0,0.0,0,0,102.7,1,0,0,21,1554,2,1,27.96,1345,0.0,35,34,0,0,0.0,0,0.0,0,0,218.5,1,1487,0.2941,218.5,0.0,0,Aggressive
0.0,0.0,0.0,0,0,100.0,1,0,0,37,0,1,1,4.865,1353,0.0,26,25,1556,0,0.0,0,0.0,0,0,25.14,1,0,0.04,25.14,0.0,0,Aggressive
0.0,0.0,0.0,1,1,230.8,4,0,1,13,1257,3,2,35.8,1799,0.0,28,28,0,0,3668.0,0,0.0,0,0,1562.0,5,1592,0.8519,5230.0,0.0,2,Aggressive
0.0,0.0,0.0,0,0,34.0,0,0,0,93,1514,0,0,0.0,1453,0.0,48,47,0,0,0.0,0,0.0,0,0,14.55,1,1518,0.0213,14.55,0.0,0,Survivalist
0.0,0.0,0.0,0,2,261.5,2,2,0,16,1061,2,2,40.01,1191,0.0,28,26,0,0,0.0,0,0.0,0,0,2266.0,7,1509,0.7037,2266.0,1.0,2,Aggressive
0.0,0.0,0.0,0,0,0.0,1,0,1,39,0,1,1,6.034,1893,0.0,49,47,1529,0,0.0,0,0.0,0,0,0.0,2,0,0.0,0.0,0.0,1,Aggressive
0.0,0.0,0.0,1,1,191.1,1,0,1,34,0,1,1,27.58,1391,0.0,49,46,1506,0,0.0,0,0.0,0,0,1741.0,6,0,0.6875,1741.0,0.0,2,Aggressive
0.0,0.0,0.0,1,0,118.2,0,0,0,75,0,0,0,0.0,1387,0.0,26,25,1604,0,0.0,0,0.0,0,0,81.86,1,0,0.12,81.86,0.0,0,Survivalist
0.0,0.0,0.0,0,0,0.0,0,0,0,53,0,0,0,0.0,1886,0.0,97,93,1500,0,0.0,0,0.0,0,0,945.8,2,0,0.6771,945.8,0.0,0,Survivalist
0.0,0.0,0.0,0,0,91.14,0,0,0,89,0,0,0,0.0,1455,0.0,99,95,1500,0,0.0,0,0.0,0,0,23.83,2,0,0.0816,23.83,0.0,0,Survivalist
0.0,0.0,0.0,0,0,75.0,1,0,5,62,1234,0,0,0.0,1287,0.0,27,26,0,0,0.0,0,0.0,0,0,1383.0,3,1460,0.4615,1383.0,0.0,5,Survivalist
0.0,0.0,0.0,0,0,140.9,1,0,0,46,0,0,0,0.0,1377,0.0,48,46,1523,0,0.0,0,0.0,0,0,1432.0,3,0,0.8511,1432.0,0.0,0,Survivalist
0.0,0.0,25281435094636.0,0,0,100.0,0,2,0,32,1295,1,1,63.83,1884,0.0,48,46,0,0,2853.0,0,0.0,0,0,772.5,3,1585,0.5106,3625.5,2.0,0,Aggressive
0.0,0.0,0.0,0,1,146.9,0,0,1,32,0,1,1,93.44,1963,0.0,29,29,1503,0,2791.0,0,0.0,1,0,2703.0,6,0,0.6786,5494.0,0.0,2,Aggressive
0.0,0.0,0.0,0,1,223.8,3,0,0,12,0,3,1,68.09,1342,0.0,25,25,1101,0,0.0,0,0.0,0,0,415.6,3,0,0.4167,415.6,0.0,1,Aggressive
0.0,0.0,0.0,1,0,76.0,1,1,1,31,1530,1,1,2.737,1437,0.0,28,28,0,0,0.0,0,0.0,0,0,2100.0,2,1511,0.8148,2100.0,1.0,1,Aggressive
0.0,0.0,0.0,0,3,132.2,1,0,1,9,0,3,2,38.7,1281,0.0,26,26,1477,0,990.9,0,0.0,0,0,2507.0,2,0,0.96,3497.9,0.0,4,Aggressive
0.0,0.0,0.0,0,4,152.6,0,1,2,14,0,2,1,16.76,1908,0.0,96,94,1463,0,2186.0,0,0.0,0,0,2397.0,5,0,0.7368,4583.0,0.5,6,Aggressive
0.0,0.0,0.0,0,0,0.0,0,0,0,79,1009,0,0,0.0,1465,0.0,49,47,0,0,0.0,0,0.0,0,0,109.9,2,1469,0.2292,109.9,0.0,0,Survivalist
0.0,0.0,0.0,0,0,0.0,0,0,0,90,1356,0,0,0.0,1793,0.0,30,28,0,0,0.0,0,0.0,0,0,0.0,0,1408,0.0,0.0,0.0,0,Survivalist
0.0,0.0,0.0,2,6,333.2,1,0,7,24,0,1,1,17.15,1287,0.0,44,42,1649,1,0.0,0,0.0,0,0,3235.0,5,0,0.8837,3235.0,0.0,13,Aggressive
0.0,0.0,0.0,1,0,100.0,0,0,0,34,0,1,1,173.5,1935,0.0,49,46,1495,0,504.5,0,0.0,0,0,996.6,6,0,0.375,1501.1,0.0,0,Aggressive
0.0,0.0,0.0,2,3,173.2,1,0,2,23,0,1,1,58.13,1336,0.0,29,28,1497,3,0.0,0,0.0,0,0,2371.0,3,0,0.8571,2371.0,0.0,5,Aggressive
0.0,0.0,0.0,0,1,176.2,2,2,1,23,0,1,1,10.23,1953,0.0,28,26,1500,2,6378.0,0,0.0,0,0,2971.0,5,0,0.8148,9349.0,2.0,2,Aggressive
0.0,0.0,0.0,0,1,100.0,1,1,1,43,0,1,1,25.86,1369,0.0,27,27,1443,0,0.0,0,0.0,2,0,490.5,2,0,0.1538,490.5,1.0,2,Aggressive
0.0,0.0,0.0,0,0,0.0,0,0,1,74,0,0,0,0.0,1891,0.0,43,41,1397,0,0.0,0,0.0,0,0,356.6,1,0,0.119,356.6,0.0,1,Survivalist
0.0,0.0,0.0,0,0,231.4,0,0,2,45,1493,0,0,0.0,1354,0.0,46,44,0,0,0.0,0,0.0,0,0,2120.0,4,1585,0.7111,2120.0,0.0,2,Survivalist
0.0,0.0,0.0,0,0,0.0,0,0,0,74,0,0,0,0.0,1440,0.0,98,94,1537,0,0.0,0,0.0,0,0,141.2,3,0,0.2577,141.2,0.0,0,Survivalist
0.0,0.0,0.0,0,0,0.0,0,0,0,78,0,0,0,0.0,1954,0.0,48,43,1576,0,0.0,0,0.0,0,0,197.4,2,0,0.0,197.4,0.0,0,Survivalist
0.0,0.0,0.0,2,0,145.0,1,0,0,85,0,0,0,0.0,1353,0.0,30,28,1486,0,0.0,0,0.0,0,0,104.2,2,0,0.069,104.2,0.0,0,Survivalist
0.0,0.0,0.0,1,2,0.0,0,0,2,58,1349,0,0,0.0,1398,0.0,30,30,0,0,0.0,0,0.0,0,0,1751.0,3,1455,0.5862,1751.0,0.0,4,Survivalist
0.0,0.0,0.0,0,0,0.0,0,0,0,80,0,0,0,0.0,1431,0.0,45,45,1574,0,0.0,0,0.0,0,0,62.98,2,0,0.0909,62.98,0.0,0,Survivalist
0.0,0.0,0.0,0,3,536.0,4,1,2,2,1366,6,3,85.42,1401,0.0,28,27,0,0,0.0,0,0.0,0,0,3838.0,2,1492,0.963,3838.0,0.16666666666666666,5,Aggressive
0.0,0.0,0.0,1,0,82.28,0,0,0,59,1355,0,0,0.0,1384,0.0,29,26,0,0,0.0,0,0.0,0,0,1155.0,3,1496,0.4286,1155.0,0.0,0,Survivalist
0.0,0.0,0.0,0,1,0.0,0,2,0,8,1051,3,1,72.67,1370,0.0,98,94,0,0,0.0,0,0.0,0,0,2749.0,7,1446,0.9381,2749.0,0.6666666666666666,1,Aggressive
0.0,0.0,0.0,0,0,0.0,0,0,0,63,0,0,0,0.0,1842,0.0,29,29,1486,0,0.0,0,0.0,0,0,9.131,1,0,0.5357,9.131,0.0,0,Survivalist
0.0,0.0,0.0,0,0,0.0,0,0,0,69,1037,0,0,0.0,1361,0.0,28,24,0,0,0.0,0,0.0,0,0,20.19,1,1496,0.2963,20.19,0.0,0,Survivalist
0.0,0.0,0.0,1,0,0.0,1,0,1,9,1573,3,1,7.531,1393,0.0,30,29,0,0,0.0,0,0.0,0,0,77.95,1,1511,0.2414,77.95,0.0,1,Aggressive
0.0,0.0,0.0,0,0,0.0,0,0,0,45,0,0,0,0.0,1891,0.0,47,44,1445,0,0.0,0,0.0,0,0,2121.0,2,0,0.6522,2121.0,0.0,0,Survivalist
0.0,0.0,0.0,0,11,698.3,3,0,3,2,0,6,2,60.73,1881,0.0,47,46,1482,0,4480.0,0,0.0,0,0,2314.0,9,0,0.8696,6794.0,0.0,14,Aggressive
0.0,0.0,0.0,1,3,0.0,5,6,8,4,1175,5,1,57.37,1355,0.0,29,28,0,0,527.7,0,0.0,0,0,0.0,4,1509,0.0,527.7,1.2,11,Aggressive
0.0,0.0,0.0,1,0,79.98,0,0,0,55,0,0,0,0.0,1849,0.0,49,48,1480,0,0.0,0,0.0,0,0,1051.0,8,0,0.6042,1051.0,0.0,0,Survivalist
0.0,0.0,0.0,0,0,0.0,0,0,0,95,1340,0,0,0.0,1308,0.0,49,48,0,0,0.0,0,0.0,0,0,63.3,1,1550,0.0,63.3,0.0,0,Survivalist
0.0,0.0,0.0,0,8,671.3,0,3,8,1,0,7,1,26.82,1460,0.0,95,95,1498,0,98.48,0,0.0,0,0,1924.0,4,0,0.8723,2022.48,0.42857142857142855,16,Aggressive
0.0,0.0,0.0,1,3,0.0,0,0,0,58,0,0,0,0.0,1846,0.0,29,28,1461,0,3504.0,0,0.0,0,0,2084.0,3,0,0.5357,5588.0,0.0,3,Survivalist
0.0,0.0,0.0,3,3,228.2,1,0,2,31,1175,1,1,3.217,1451,0.0,31,30,0,0,0.0,0,0.0,0,0,1705.0,4,1518,0.6,1705.0,0.0,5,Aggressive
0.0,0.0,0.0,0,0,0.0,0,0,0,51,0,0,0,0.0,1765,0.0,49,47,1483,0,587.5,0,213.9,0,0,1596.0,7,0,0.7292,2397.4,0.0,0,Survivalist
0.0,0.0,0.0,0,0,0.0,0,0,0,83,0,0,0,0.0,1416,0.0,48,45,1530,0,0.0,0,0.0,0,0,162.9,1,0,0.1489,162.9,0.0,0,Survivalist
0.0,0.0,0.0,0,0,147.7,0,1,0,41,1421,1,1,8.919,1335,0.0,97,92,0,0,0.0,0,0.0,0,0,94.12,1,1549,0.2396,94.12,1.0,0,Aggressive
0.0,0.0,0.0,0,0,0.0,0,0,0,73,0,0,0,0.0,1410,0.0,50,47,1494,0,0.0,0,0.0,0,0,188.2,2,0,0.2449,188.2,0.0,0,Survivalist
0.0,0.0,0.0,1,0,98.0,0,0,0,67,1352,0,0,0.0,1394,0.0,26,25,0,0,0.0,0,0.0,0,0,39.31,4,1477,0.4,39.31,0.0,0,Survivalist
0.0,0.0,0.0,0,0,0.0,0,0,0,78,0,0,0,0.0,1522,0.0,47,47,1535,0,0.0,0,0.0,0,0,141.7,3,0,0.1739,141.7,0.0,0,Survivalist
0.0,0.0,0.0,0,1,596.9,6,1,1,2,1533,6,2,124.1,1409,0.0,27,24,0,0,0.0,0,0.0,0,0,2288.0,2,1435,0.9615,2288.0,0.16666666666666666,2,Aggressive
0.0,0.0,0.0,0,0,100.0,1,1,0,42,1428,1,1,25.44,2050,0.0,25,24,0,0,0.0,0,0.0,0,0,115.0,2,1526,0.0833,115.0,1.0,0,Aggressive
0.0,0.0,0.0,1,3,355.7,3,1,2,6,0,4,1,45.08,1420,0.0,29,28,1448,0,0.0,0,91.83,0,0,2919.0,5,0,0.8214,3010.83,0.25,5,Aggressive
0.0,0.0,0.0,0,0,0.0,0,0,0,68,0,0,0,0.0,1351,0.0,31,31,1482,0,0.0,0,0.0,0,0,212.0,6,0,0.3,212.0,0.0,0,Survivalist
0.0,0.0,0.0,0,1,254.5,2,1,0,21,0,2,1,1.994,1944,0.0,47,46,1493,0,0.0,0,0.0,0,0,470.1,1,0,0.3043,470.1,0.5,1,Aggressive
0.0,0.0,0.0,2,0,88.15,0,0,0,64,0,0,0,0.0,1518,0.0,92,92,1523,0,0.0,0,0.0,0,0,293.8,2,0,0.4505,293.8,0.0,0,Survivalist
0.0,0.0,0.0,0,0,0.0,0,0,0,75,1133,0,0,0.0,1537,0.0,48,45,0,0,0.0,0,0.0,0,0,173.1,3,1517,0.1915,173.1,0.0,0,Survivalist
0.0,0.0,0.0,0,0,0.0,0,0,0,87,0,0,0,0.0,1976,0.0,47,46,1468,0,210.1,0,0.0,0,0,110.0,2,0,0.0,320.1,0.0,0,Survivalist
0.0,0.0,0.0,0,1,146.4,1,0,0,17,1000,2,2,10.2,1408,0.0,49,47,0,0,558.2,0,0.0,0,0,1183.0,8,1500,0.6042,1741.2,0.0,1,Aggressive
0.0,0.0,0.0,1,0,94.38,0,0,0,76,0,0,0,0.0,1919,0.0,46,46,1517,0,0.0,0,0.0,0,0,65.18,2,0,0.2,65.18,0.0,0,Survivalist
0.0,0.0,0.0,0,3,242.1,1,1,2,16,0,2,2,34.51,1819,0.0,50,49,1487,1,1394.0,0,0.0,0,0,2305.0,5,0,0.7143,3699.0,0.5,5,Aggressive
0.0,0.0,0.0,0,0,90.3,0,0,0,86,0,0,0,0.0,1424,0.0,49,49,1510,0,0.0,0,0.0,0,0,112.6,1,0,0.125,112.6,0.0,0,Survivalist
0.0,0.0,0.0,1,1,240.8,1,0,1,22,1766,1,1,31.82,1293,0.0,27,26,0,1,428.2,0,0.0,0,0,3304.0,4,1651,0.9231,3732.2,0.0,2,Aggressive
0.0,0.0,0.0,0,0,60.22,1,1,0,43,0,1,1,25.68,1446,0.0,26,26,1482,0,0.0,0,0.0,0,0,79.82,1,0,0.12,79.82,1.0,0,Aggressive
0.0,0.0,0.0,1,1,26.6,0,0,0,77,1296,0,0,0.0,1351,0.0,29,29,0,0,0.0,0,0.0,0,0,379.1,1,1572,0.0,379.1,0.0,1,Survivalist
0.0,0.0,0.0,1,2,384.5,4,2,3,5,0,4,2,57.32,1424,0.0,30,29,1497,0,0.0,0,0.0,0,0,2098.0,6,0,0.6207,2098.0,0.5,5,Aggressive
0.0,0.0,0.0,0,2,165.2,1,0,6,64,0,0,0,0.0,1945,0.0,27,23,1643,0,0.0,0,0.0,0,0,276.2,4,0,0.4231,276.2,0.0,8,Survivalist
0.0,0.0,0.0,0,1,258.1,2,0,1,35,1190,1,1,26.65,1321,0.0,27,26,0,0,0.0,0,0.0,0,0,306.7,2,1509,0.3462,306.7,0.0,2,Aggressive
0.0,0.0,0.0,1,0,206.3,0,0,0,80,1132,0,0,0.0,1408,0.0,49,45,0,0,0.0,0,0.0,0,0,97.0,1,1495,0.1667,97.0,0.0,0,Survivalist
0.0,0.0,0.0,0,0,0.0,0,0,0,52,0,0,0,0.0,1977,0.0,46,46,1514,0,2877.0,0,0.0,0,0,1113.0,8,0,0.4667,3990.0,0.0,0,Survivalist
0.0,0.0,0.0,0,0,0.0,0,0,0,90,0,0,0,0.0,1357,0.0,97,94,1523,0,0.0,0,0.0,0,0,12.55,1,0,0.0,12.55,0.0,0,Survivalist
0.0,inf,0.0,0,2,487.8,3,0,1,8,0,4,2,46.24,1425,0.0,49,47,1529,0,0.0,0,0.0,0,0,3390.0,4,0,0.9167,3390.0,0.0,3,Aggressive
0.0,0.0,0.0,0,1,82.0,0,1,0,28,0,1,1,66.42,1294,0.0,27,27,1555,0,318.9,0,0.0,0,0,2089.0,3,0,0.7308,2407.9,1.0,1,Aggressive
0.0,0.0,0.0,0,3,401.3,0,2,4,5,1108,4,1,261.7,1895,0.0,98,95,0,0,0.0093,0,65.77,0,0,4760.0,5,1483,0.9072,4825.7793,0.5,7,Aggressive
0.0,0.0,0.0,0,0,0.0,0,0,0,94,1028,0,0,0.0,1958,0.0,31,30,0,0,0.0,0,0.0,0,0,0.0,0,1507,0.0,0.0,0.0,0,Survivalist
0.0,0.0,0.0,0,0,74.82,0,0,0,51,0,0,0,0.0,1494,0.0,94,94,1923,0,0.0,0,0.0,0,0,389.5,2,0,0.7204,389.5,0.0,0,Survivalist
0.0,0.0,0.0,1,2,48.4,0,0,1,35,0,0,0,0.0,1884,0.0,45,43,1511,0,0.0,0,0.0,0,0,4202.0,4,0,0.9318,4202.0,0.0,3,Survivalist
0.0,0.0,0.0,1,5,0.0,3,1,4,4,0,5,1,75.42,1792,0.0,49,46,1537,0,1507.0,0,0.0,0,0,2384.0,6,0,0.8333,3891.0,0.2,9,Aggressive
0.0,0.0,0.0,0,1,225.8,0,2,4,36,1405,1,1,15.03,1356,0.0,31,31,0,0,0.0,0,0.0,1,0,353.9,7,1522,0.3,353.9,2.0,5,Aggressive
0.0,0.0,0.0,0,0,200.0,1,0,0,20,1389,2,2,87.04,1369,0.0,49,49,0,0,0.0,0,0.0,0,0,960.3,3,1487,0.5417,960.3,0.0,0,Aggressive
8611853220069.0,0.0,0.0,0,0,38.0,0,0,0,86,0,0,0,0.0,1444,0.0,94,89,1507,0,0.0,0,0.0,0,0,25.92,0,0,0.0538,25.92,0.0,0,Survivalist
0.0,0.0,0.0,0,0,0.0,0,0,0,80,0,0,0,0.0,1803,0.0,49,44,1499,0,0.0,0,0.0,0,0,26.13,1,0,0.125,26.13,0.0,0,Survivalist
0.0,0.0,0.0,0,0,19.35,0,0,0,57,0,0,0,0.0,1391,0.0,98,95,1500,0,0.0,0,0.0,0,0,694.8,2,0,0.5155,694.8,0.0,0,Survivalist
0.0,0.0,0.0,0,2,292.7,0,3,1,16,0,2,1,29.78,1363,0.0,92,86,1480,0,0.0,0,0.0,0,0,1399.0,4,0,0.8022,1399.0,1.5,3,Aggressive
0.0,0.0,0.0,0,0,112.6,1,0,0,47,1168,0,0,0.0,1861,0.0,42,39,0,0,0.0,0,0.0,0,0,704.5,2,1488,0.4878,704.5,0.0,0,Survivalist
0.0,0.0,0.0,0,0,18.0,0,0,0,96,0,0,0,0.0,1961,0.0,98,92,1486,0,0.0,0,0.0,0,0,16.29,0,0,0.0103,16.29,0.0,0,Survivalist
0.0,0.0,0.0,0,0,0.0,0,0,0,61,0,0,0,0.0,1891,0.0,96,91,1500,0,7785.0,0,0.0,0,0,255.5,3,0,0.4316,8040.5,0.0,0,Survivalist
0.0,0.0,0.0,0,1,0.0,0,0,0,42,1231,0,0,0.0,1874,0.0,27,26,0,1,7370.0,0,0.0,0,0,1677.0,3,1466,0.8462,9047.0,0.0,1,Survivalist
0.0,0.0,0.0,1,0,100.0,1,0,1,80,1372,0,0,0.0,1807,0.0,31,29,0,0,0.0,0,0.0,0,0,335.5,3,1449,0.2333,335.5,0.0,1,Survivalist
0.0,0.0,0.0,0,0,0.0,0,0,0,70,1407,0,0,0.0,1212,0.0,28,27,0,0,0.0,0,0.0,0,0,167.5,3,1543,0.2593,167.5,0.0,0,Survivalist
0.0,0.0,0.0,0,3,0.0,0,0,0,17,0,2,1,24.54,1363,0.0,97,95,1498,0,86.65,0,0.0,0,0,2229.0,4,0,0.75,2315.65,0.0,3,Aggressive
0.0,0.0,0.0,0,0,0.0,0,0,0,57,0,0,0,0.0,1399,0.0,97,96,1492,0,0.0,0,0.0,0,0,408.5,4,0,0.5938,408.5,0.0,0,Survivalist
0.0,0.0,0.0,0,0,0.0,0,0,0,77,0,0,0,0.0,1941,0.0,48,47,1524,0,0.0,0,0.0,0,0,112.8,1,0,0.1702,112.8,0.0,0,Survivalist
0.0,0.0,0.0,0,2,169.2,0,0,18,43,1166,0,0,0.0,1859,0.0,48,46,0,0,0.0,0,0.0,0,0,2899.0,7,1472,0.8298,2899.0,0.0,20,Survivalist
0.0,0.0,0.0,1,3,39.05,0,0,4,40,0,0,0,0.0,1981,0.0,14,14,1500,1,5960.0,0,0.0,0,0,2429.0,2,0,0.4615,8389.0,0.0,7,Survivalist
0.0,0.0,0.0,0,0,199.2,2,0,0,55,0,0,0,0.0,1490,0.0,28,27,1426,0,0.0,0,0.0,0,0,841.5,3,0,0.4444,841.5,0.0,0,Survivalist
0.0,0.0,0.0,0,0,67.08,0,0,0,66,0,0,0,0.0,1416,0.0,27,26,1473,0,0.0,0,0.0,0,0,23.2,1,0,0.0769,23.2,0.0,0,Survivalist
0.0,0.0,0.0,0,0,0.0,0,0,0,69,0,0,0,0.0,1469,0.0,26,26,1431,0,0.0,0,0.0,0,0,1181.0,4,0,0.28,1181.0,0.0,0,Survivalist
0.0,0.0,0.0,1,0,0.0,1,0,0,75,0,0,0,0.0,1891,0.0,30,30,1495,1,3074.0,0,0.0,2,1,213.6,3,0,0.2069,3287.6,0.0,0,Survivalist
0.0,0.0,0.0,0,1,124.5,1,0,0,55,1348,0,0,0.0,1348,0.0,48,47,0,0,1081.0,0,0.0,0,0,834.4,4,1601,0.6383,1915.4,0.0,1,Survivalist
0.0,0.0,0.0,1,0,22.05,0,0,0,42,0,0,0,0.0,1746,0.0,48,47,1602,0,4147.0,0,0.0,0,0,1216.0,4,0,0.766,5363.0,0.0,0,Survivalist
0.0,0.0,0.0,2,1,115.5,1,1,0,31,0,1,1,32.56,1479,0.0,49,45,1488,0,0.0,0,0.0,0,0,621.0,3,0,0.5208,621.0,1.0,1,Aggressive
0.0,0.0,0.0,0,0,0.0,0,0,0,81,0,0,0,0.0,1868,0.0,31,31,1502,0,0.0,0,0.0,0,0,0.0,4,0,0.0,0.0,0.0,0,Survivalist
0.0,0.0,0.0,0,5,365.2,3,0,4,9,0,4,2,64.81,1378,0.0,27,26,1919,1,0.0,0,0.0,0,0,2414.0,5,0,0.7308,2414.0,0.0,9,Aggressive
0.0,0.0,0.0,0,5,514.6,0,3,6,2,0,7,1,60.47,1381,0.0,90,88,1522,0,0.0,0,0.0,0,0,2525.0,6,0,0.8989,2525.0,0.42857142857142855,11,Aggressive
0.0,0.0,0.0,0,1,32.89,0,0,0,41,0,0,0,0.0,1204,0.0,28,28,1371,0,0.0,0,0.0,0,0,3191.0,5,0,1.0,3191.0,0.0,1,Survivalist
0.0,0.0,0.0,1,1,312.2,4,0,0,21,0,2,1,29.11,1348,0.0,27,25,1426,1,0.0,0,0.0,0,0,631.0,3,0,0.3077,631.0,0.0,1,Aggressive
0.0,0.0,0.0,0,1,410.3,3,2,1,9,1339,3,2,162.2,1513,0.0,27,25,0,0,0.0,0,0.0,0,0,2120.0,3,1512,0.7692,2120.0,0.6666666666666666,2,Aggressive
0.0,0.0,0.0,0,2,52.17,1,0,1,56,0,0,0,0.0,1383,0.0,28,28,1508,0,0.0,0,92.88,0,0,1950.0,6,0,0.5926,2042.88,0.0,3,Survivalist
0.0,0.0,0.0,4,2,595.3,4,1,4,3,0,5,1,77.49,1268,0.0,29,28,2117,0,0.0,0,0.0,0,0,4012.0,7,0,1.0,4012.0,0.2,6,Aggressive
0.0,0.0,0.0,2,4,510.0,3,1,1,5,1217,3,1,60.03,1964,0.0,29,29,0,1,3645.0,0,0.0,0,0,2422.0,3,1536,0.8929,6067.0,0.3333333333333333,5,Aggressive
0.0,0.0,0.0,0,0,100.0,1,0,1,37,0,1,1,1.648,1432,0.0,28,28,1497,0,0.0,0,0.0,0,0,204.5,3,0,0.1111,204.5,0.0,1,Aggressive
0.0,0.0,0.0,0,2,32.9,0,0,4,69,0,0,0,0.0,1981,0.0,90,88,1500,0,0.0,0,0.0,0,0,183.4,2,0,0.2472,183.4,0.0,6,Survivalist
0.0,0.0,0.0,0,0,0.0,0,0,0,57,0,0,0,0.0,1859,0.0,97,96,1534,0,1542.0,0,0.0,0,0,491.0,3,0,0.5938,2033.0,0.0,0,Survivalist
0.0,0.0,0.0,2,2,290.5,1,0,2,31,0,1,1,32.11,1887,0.0,48,47,1521,0,1610.0,0,0.0,0,0,1772.0,8,0,0.617,3382.0,0.0,4,Aggressive
0.0,0.0,0.0,0,6,0.0,2,1,10,8,0,3,1,127.1,1864,0.0,49,47,1454,0,0.0,0,0.0,0,0,3497.0,6,0,0.9792,3497.0,0.3333333333333333,16,Aggressive
0.0,0.0,0.0,1,2,0.0,3,0,1,4,1389,4,2,141.7,1846,0.0,26,26,0,2,4160.0,0,0.0,0,1,2406.0,6,1434,0.0,6566.0,0.0,3,Aggressive
0.0,0.0,0.0,0,0,0.0,1,0,0,39,1069,1,1,18.97,1306,0.0,48,47,0,0,0.0,0,0.0,0,0,0.0,1,1516,0.0,0.0,0.0,0,Aggressive
0.0,0.0,0.0,2,3,1321.0,4,3,3,1,0,12,2,188.5,1822,0.0,49,49,1738,0,1376.0,0,0.0,0,0,3038.0,6,0,0.9792,4414.0,0.25,6,Aggressive
0.0,0.0,0.0,0,0,58.27,0,0,0,72,0,0,0,0.0,1354,0.0,26,25,1450,0,0.0,0,0.0,0,0,343.1,4,0,0.24,343.1,0.0,0,Survivalist
0.0,0.0,0.0,0,0,0.0,0,0,0,88,0,0,0,0.0,1892,0.0,49,47,1489,0,0.0,0,0.0,0,0,0.0,5,0,0.0,0.0,0.0,0,Survivalist
0.0,0.0,0.0,0,0,0.0,0,0,0,77,0,0,0,0.0,1795,0.0,27,26,1452,0,0.0,0,0.0,0,0,634.4,3,0,0.2692,634.4,0.0,0,Survivalist
0.0,0.0,0.0,0,4,0.0,3,2,2,3,1096,5,2,42.08,1895,0.0,46,43,0,1,5013.0,0,0.0,0,0,1836.0,9,1522,0.0,6849.0,0.4,6,Aggressive
0.0,0.0,0.0,2,4,334.2,0,0,8,24,1389,1,1,39.21,1328,0.0,48,45,0,1,931.5,0,129.1,0,0,2190.0,6,1452,0.9362,3250.6,0.0,12,Aggressive
0.0,0.0,0.0,0,1,260.6,3,0,0,12,1608,3,1,19.76,1368,0.0,32,31,0,1,0.0,0,0.0,1,0,367.6,6,1518,0.3226,367.6,0.0,1,Aggressive
0.0,0.0,0.0,0,1,200.0,2,1,5,20,1318,2,1,18.08,1284,0.0,28,27,0,0,0.0,0,0.0,0,0,85.95,2,1444,0.2963,85.95,0.5,6,Aggressive
0.0,0.0,0.0,0,3,599.4,3,1,4,2,1370,5,2,105.8,1380,0.0,28,27,0,0,474.5,0,0.0,0,0,2906.0,5,1565,0.7407,3380.5,0.2,7,Aggressive
0.0,0.0,0.0,1,3,568.7,4,1,3,7,0,4,1,44.82,1321,0.0,29,27,1652,2,0.0,0,0.0,0,0,2584.0,7,0,0.6786,2584.0,0.25,6,Aggressive
0.0,0.0,0.0,0,0,0.0,0,0,0,47,0,0,0,0.0,1869,0.0,48,46,1478,0,1494.0,0,0.0,0,0,1721.0,4,0,0.0,3215.0,0.0,0,Survivalist
0.0,0.0,0.0,0,0,53.13,0,0,0,71,0,0,0,0.0,1734,0.0,26,26,1532,0,0.0,0,0.0,0,0,214.5,1,0,0.16,214.5,0.0,0,Survivalist
0.0,0.0,0.0,0,0,62.25,0,0,0,70,1036,0,0,0.0,1364,0.0,31,31,0,0,447.8,0,130.5,0,0,348.8,2,1499,0.3,927.1,0.0,0,Survivalist
0.0,0.0,0.0,0,0,0.0,0,0,0,73,0,0,0,0.0,1883,0.0,27,27,1480,0,2441.0,0,0.0,0,0,798.8,5,0,0.1538,3239.8,0.0,0,Survivalist
0.0,0.0,0.0,0,0,0.0,1,0,0,80,0,0,0,0.0,1973,0.0,31,30,1520,0,1194.0,0,0.0,1,0,1010.0,3,0,0.2333,2204.0,0.0,0,Survivalist
0.0,0.0,0.0,0,0,37.35,0,0,2,59,1000,0,0,0.0,1411,0.0,98,96,0,0,0.0,0,0.0,0,0,499.2,2,1499,0.567,499.2,0.0,2,Survivalist
0.0,0.0,0.0,0,0,0.0,0,0,0,46,1127,0,0,0.0,1775,0.0,28,27,0,0,1192.0,0,0.0,0,0,2486.0,9,1527,0.5926,3678.0,0.0,0,Survivalist
0.0,0.0,0.0,0,0,100.0,0,1,0,30,0,1,1,8.137,1299,0.0,26,26,1494,0,0.0,0,0.0,0,0,263.9,3,0,0.32,263.9,1.0,0,Aggressive
0.0,0.0,0.0,1,2,244.6,2,1,0,40,1573,1,1,33.03,1806,0.0,28,26,0,0,6571.0,0,0.0,0,0,1118.0,3,1615,0.4815,7689.0,1.0,2,Aggressive
0.0,0.0,0.0,0,6,0.0,0,0,2,1,0,7,2,123.5,1413,0.0,97,92,1535,0,0.0,0,0.0,0,0,2661.0,6,0,0.9792,2661.0,0.0,8,Aggressive
0.0,0.0,0.0,0,0,0.0,0,0,0,50,0,0,0,0.0,1393,0.0,50,48,1450,0,0.0,0,0.0,0,0,528.9,2,0,0.6327,528.9,0.0,0,Survivalist
0.0,0.0,0.0,0,0,400.0,2,1,1,5,0,4,3,36.85,1306,0.0,47,46,1446,1,0.0,0,0.0,0,0,197.8,1,0,0.3478,197.8,0.25,1,Aggressive
0.0,0.0,0.0,0,0,27.39,0,0,0,77,0,0,0,0.0,1944,0.0,48,45,1487,0,0.0,0,0.0,0,0,67.84,1,0,0.0,67.84,0.0,0,Survivalist
0.0,0.0,0.0,0,0,21.61,1,0,0,39,0,1,1,8.934,2010,0.0,29,26,1422,0,0.0,0,0.0,0,0,408.6,2,0,0.2143,408.6,0.0,0,Aggressive
0.0,0.0,0.0,0,0,0.0,0,0,0,78,1000,0,0,0.0,1905,0.0,48,45,0,0,0.0,0,0.0,0,0,0.0,1,1500,0.0,0.0,0.0,0,Survivalist
0.0,0.0,0.0,0,3,454.6,2,1,1,5,0,4,1,231.4,1923,0.0,46,44,1504,0,0.0,0,77.27,0,0,2446.0,5,0,0.7778,2523.27,0.25,4,Aggressive
0.0,0.0,0.0,0,0,56.76,0,0,0,71,0,0,0,0.0,2192,0.0,96,95,1600,0,0.0,0,0.0,0,0,539.2,1,0,0.3158,539.2,0.0,0,Survivalist
0.0,0.0,0.0,0,0,0.0,0,0,0,61,0,0,0,0.0,1877,0.0,47,47,1515,0,622.5,0,0.0,0,0,1188.0,4,0,0.4783,1810.5,0.0,0,Survivalist
0.0,0.0,0.0,0,3,0.0,4,1,0,12,1489,3,2,24.15,1234,0.0,30,28,0,0,0.0,0,0.0,0,0,0.0,2,1457,0.0,0.0,0.3333333333333333,3,Aggressive
0.0,0.0,0.0,1,1,28.38,0,0,2,88,0,0,0,0.0,1815,0.0,28,28,1584,0,0.0,0,0.0,0,0,368.9,3,0,0.1111,368.9,0.0,3,Survivalist
0.0,0.0,0.0,0,0,152.3,1,0,1,65,0,0,0,0.0,1335,0.0,28,27,1550,1,0.0,0,0.0,0,0,1540.0,4,0,0.4815,1540.0,0.0,1,Survivalist
0.0,0.0,0.0,1,3,261.9,0,0,5,24,0,1,1,47.68,1359,0.0,49,47,1507,2,0.0,0,0.0,0,0,2728.0,5,0,0.9167,2728.0,0.0,8,Aggressive
0.0,0.0,0.0,2,0,0.0,2,0,0,22,1787,2,2,15.46,1295,0.0,29,29,0,0,0.0,0,0.0,0,0,217.1,2,1524,0.2857,217.1,0.0,0,Aggressive
0.0,0.0,0.0,0,0,99.77,0,0,0,85,0,0,0,0.0,1871,0.0,48,46,1495,0,0.0,0,0.0,0,0,95.39,1,0,0.1064,95.39,0.0,0,Survivalist
0.0,0.0,0.0,0,0,0.0,0,0,0,78,0,0,0,0.0,2128,0.0,94,91,1532,0,0.0,0,0.0,0,0,193.6,2,0,0.1935,193.6,0.0,0,Survivalist
0.0,0.0,0.0,0,0,0.0,0,0,0,94,0,0,0,0.0,1434,0.0,48,45,1463,0,0.0,0,0.0,0,0,17.26,1,0,0.0,17.26,0.0,0,Survivalist
0.0,0.0,0.0,0,0,0.0,0,0,0,76,1209,0,0,0.0,1458,0.0,29,28,0,0,0.0,0,0.0,0,0,232.1,2,1490,0.2143,232.1,0.0,0,Survivalist
0.0,0.0,0.0,0,0,0.0,0,0,0,72,0,0,0,0.0,1430,0.0,91,90,1452,0,0.0,0,0.0,0,0,307.7,1,0,0.2556,307.7,0.0,0,Survivalist
0.0,0.0,0.0,0,0,0.0,0,0,0,92,0,0,0,0.0,1372,0.0,49,47,1516,0,0.0,0,0.0,0,0,0.0,0,0,0.0,0.0,0.0,0,Survivalist
0.0,0.0,0.0,0,0,52.41,0,0,0,88,0,0,0,0.0,1807,0.0,28,25,1497,0,0.0,0,0.0,0,0,223.4,2,0,0.0741,223.4,0.0,0,Survivalist
0.0,0.0,0.0,0,0,23.4,0,0,0,91,0,0,0,0.0,1711,0.0,28,27,1496,0,0.0,0,0.0,0,0,23.58,3,0,0.037,23.58,0.0,0,Survivalist
0.0,0.0,0.0,0,0,28.38,0,0,0,92,1168,0,0,0.0,1357,0.0,27,27,0,0,0.0,0,0.0,0,0,107.1,2,1474,0.0,107.1,0.0,0,Survivalist
0.0,0.0,0.0,0,1,0.0,0,0,0,48,1038,0,0,0.0,1375,0.0,29,27,0,0,0.0,0,7.369,0,0,1178.0,4,1490,0.8929,1185.369,0.0,1,Survivalist
0.0,0.0,0.0,0,0,80.78,0,0,0,65,0,0,0,0.0,1868,0.0,46,43,1500,0,0.0,0,0.0,0,0,440.4,2,0,0.3556,440.4,0.0,0,Survivalist
0.0,0.0,0.0,0,1,0.0,1,0,3,20,0,2,1,74.69,1465,0.0,28,28,1490,0,0.0,0,0.0,0,0,644.2,3,0,0.4074,644.2,0.0,4,Aggressive
0.0,0.0,0.0,0,0,8.707,0,0,1,58,1392,0,0,0.0,1914,0.0,28,27,0,0,1332.0,0,0.0,0,0,2518.0,3,1510,0.5185,3850.0,0.0,1,Survivalist
0.0,0.0,0.0,0,0,0.0,0,0,2,48,1034,0,0,0.0,1461,0.0,28,28,0,0,0.0,0,0.0,0,0,1822.0,6,1468,0.8889,1822.0,0.0,2,Survivalist
0.0,0.0,0.0,0,1,300.0,3,0,3,34,1219,1,1,5.53,1878,0.0,30,29,0,0,0.0,0,0.0,0,0,240.3,3,1573,0.3103,240.3,0.0,4,Aggressive
0.0,0.0,0.0,0,0,133.4,0,0,2,30,0,1,1,41.0,1966,0.0,92,91,1614,0,5001.0,0,0.0,0,0,1541.0,5,0,0.7363,6542.0,0.0,2,Aggressive
0.0,0.0,0.0,0,2,63.52,0,0,7,54,1491,0,0,0.0,1443,0.0,29,29,0,0,0.0,0,0.0,0,0,2416.0,5,1522,0.0,2416.0,0.0,9,Survivalist
0.0,0.0,0.0,0,0,0.0,0,0,0,82,1080,0,0,0.0,1801,0.0,48,45,0,0,0.0,0,0.0,0,0,32.39,1,1477,0.1277,32.39,0.0,0,Survivalist
0.0,0.0,0.0,0,0,0.0,0,0,0,55,0,0,0,0.0,1454,0.0,46,46,1523,0,0.0,0,0.0,0,0,725.9,5,0,0.0,725.9,0.0,0,Survivalist
0.0,0.0,0.0,1,0,334.2,3,0,1,8,1348,3,2,20.22,1882,0.0,30,29,0,0,0.0,0,0.0,0,0,1242.0,3,1559,0.8276,1242.0,0.0,1,Aggressive
0.0,0.0,0.0,0,0,0.0,0,0,0,93,0,0,0,0.0,1779,0.0,29,29,1480,0,0.0,0,0.0,0,0,23.56,3,0,0.0357,23.56,0.0,0,Survivalist
0.0,0.0,0.0,0,0,51.7,0,0,0,78,0,0,0,0.0,1677,0.0,26,26,1480,0,0.0,0,0.0,0,0,38.16,3,0,0.12,38.16,0.0,0,Survivalist
0.0,0.0,0.0,0,0,0.0,0,0,0,94,0,0,0,0.0,1483,0.0,49,48,1406,0,0.0,0,0.0,0,0,11.74,0,0,0.0,11.74,0.0,0,Survivalist
0.0,0.0,0.0,0,1,0.0,1,0,1,30,1137,1,1,19.26,1812,0.0,43,43,0,0,897.5,0,0.0,0,0,3638.0,6,1507,0.7381,4535.5,0.0,2,Aggressive
0.0,0.0,0.0,0,0,100.0,0,0,0,40,1093,1,1,5.241,1497,0.0,97,97,0,0,0.0,0,0.0,0,0,43.17,5,1476,0.2292,43.17,0.0,0,Aggressive
0.0,0.0,0.0,0,3,201.8,2,0,4,15,1347,2,2,11.91,1453,0.0,50,48,0,0,1201.0,0,0.0,0,0,1630.0,6,1445,0.7959,2831.0,0.0,7,Aggressive
0.0,0.0,0.0,0,0,0.0,1,0,0,62,0,0,0,0.0,1761,0.0,48,42,1504,0,4922.0,0,0.0,2,1,29.47,0,0,0.3191,4951.47,0.0,0,Survivalist
0.0,0.0,0.0,1,1,18.2,0,0,4,71,1046,0,0,0.0,1977,0.0,26,22,0,2,2761.0,0,0.0,0,0,1058.0,3,1495,0.36,3819.0,0.0,5,Survivalist
0.0,0.0,0.0,0,6,222.4,2,0,20,26,0,1,1,9.543,1961,0.0,48,47,1540,1,2845.0,0,0.0,0,0,3595.0,2,0,0.7447,6440.0,0.0,26,Aggressive
0.0,0.0,0.0,0,0,100.0,0,0,0,40,0,1,1,59.84,1446,0.0,29,28,1456,0,0.0,0,0.0,0,0,170.7,1,0,0.1786,170.7,0.0,0,Aggressive
0.0,0.0,0.0,0,0,0.0,0,0,0,65,0,0,0,0.0,1369,0.0,49,47,1485,0,0.0,0,0.0,0,0,0.0,8,0,0.0,0.0,0.0,0,Survivalist
0.0,0.0,0.0,0,1,209.7,0,1,1,18,0,2,1,49.36,1880,0.0,99,94,1503,0,2992.0,0,0.0,0,0,833.7,5,0,0.5918,3825.7,0.5,2,Aggressive
0.0,0.0,0.0,0,2,218.2,1,1,2,12,0,2,2,18.19,1376,0.0,49,47,1514,0,1036.0,0,0.0,0,0,1637.0,7,0,0.9583,2673.0,0.5,4,Aggressive
0.0,0.0,0.0,0,1,0.0,0,0,0,47,0,0,0,0.0,1386,0.0,28,27,1479,0,90.55,0,0.0,0,0,0.0,3,0,0.0,90.55,0.0,1,Survivalist
0.0,0.0,0.0,0,1,112.3,1,0,0,18,0,2,1,132.0,1905,0.0,31,27,1414,0,3585.0,0,0.0,0,0,3688.0,2,0,0.6667,7273.0,0.0,1,Aggressive
0.0,0.0,0.0,0,0,46.63,1,0,0,23,0,1,1,4.317,2020,0.0,16,16,1500,1,0.0,0,0.0,0,0,588.3,3,0,0.3333,588.3,0.0,0,Aggressive
0.0,0.0,0.0,0,0,0.0,1,0,0,18,0,60,2,7.99,1864,0.0,46,44,1507,0,0.0,0,0.0,0,0,0.0,2,0,0.0,0.0,0.0,0,Aggressive
0.0,0.0,0.0,0,0,12.55,0,0,0,84,1294,0,0,0.0,1838,0.0,29,29,0,0,0.0,0,0.0,0,0,320.5,3,1576,0.1786,320.5,0.0,0,Survivalist
0.0,0.0,0.0,1,0,151.6,1,0,0,68,0,0,0,0.0,1430,0.0,29,28,1500,0,499.2,0,0.0,0,0,334.9,3,0,0.3214,834.0999999999999,0.0,0,Survivalist
0.0,0.0,0.0,0,1,385.7,4,3,3,12,1000,4,1,102.7,1889,0.0,28,27,0,1,133.5,0,0.0,0,0,655.3,7,1500,0.3333,788.8,0.75,4,Aggressive
0.0,0.0,0.0,0,0,33.66,0,0,0,62,1086,0,0,0.0,1280,0.0,48,48,0,0,0.0036,0,3.552,0,0,1140.0,3,1416,0.4468,1143.5556,0.0,0,Survivalist
0.0,0.0,0.0,0,0,70.66,0,0,0,66,0,0,0,0.0,1863,0.0,28,28,1479,0,0.0,0,0.0,0,0,783.2,7,0,0.5185,783.2,0.0,0,Survivalist
0.0,0.0,0.0,0,0,0.0,0,0,0,92,0,0,0,0.0,1879,0.0,31,28,1500,0,0.0,0,0.0,0,0,193.8,2,0,0.0667,193.8,0.0,0,Survivalist
0.0,0.0,0.0,1,5,590.5,5,1,5,5,0,5,3,109.4,1901,0.0,29,28,1569,0,3559.0,0,25.29,0,0,4821.0,6,0,0.8571,8405.29,0.2,10,Aggressive
0.0,0.0,0.0,0,0,0.0,0,0,0,92,1128,0,0,0.0,1364,0.0,49,48,0,0,0.0,0,0.0,0,0,104.0,2,1470,0.0417,104.0,0.0,0,Survivalist
0.0,0.0,0.0,0,4,282.8,3,0,3,6,1000,4,3,254.9,1995,0.0,30,28,0,0,3971.0,0,0.0,0,0,1223.0,5,1500,0.7241,5194.0,0.0,7,Aggressive
0.0,0.0,0.0,0,0,84.96,0,0,0,77,1272,0,0,0.0,1406,0.0,50,48,0,0,0.0,0,19.73,0,0,253.7,0,1477,0.0,273.43,0.0,0,Survivalist
0.0,0.0,0.0,1,0,267.0,2,0,7,22,0,3,1,14.07,1066,0.0,10,9,1500,0,2813.0,0,0.0,0,0,2254.0,38,0,0.0,5067.0,0.0,7,Aggressive
0.0,0.0,0.0,1,6,410.3,1,0,4,9,0,3,1,24.79,1460,0.0,48,48,1506,0,0.0,0,0.0,0,0,2713.0,7,0,0.8723,2713.0,0.0,10,Aggressive
0.0,0.0,0.0,1,1,0.0,0,0,0,55,1103,0,0,0.0,1904,0.0,49,48,0,0,909.7,0,0.0,0,0,2279.0,8,1485,0.0,3188.7,0.0,1,Survivalist
0.0,0.0,0.0,0,0,0.0,0,0,0,84,0,0,0,0.0,1375,0.0,92,91,1497,0,0.0,0,0.0,0,0,24.3,1,0,0.0989,24.3,0.0,0,Survivalist
0.0,0.0,0.0,0,0,0.0,0,0,0,69,1011,0,0,0.0,1295,0.0,30,29,0,0,0.0,0,0.0,0,0,533.8,2,1478,0.3103,533.8,0.0,0,Survivalist
0.0,0.0,0.0,0,0,0.0,0,1,1,38,1453,1,1,8.386,1887,0.0,87,85,0,0,0.0,0,0.0,0,0,201.5,1,1595,0.2558,201.5,1.0,1,Aggressive
0.0,0.0,0.0,1,1,20.71,0,0,0,47,0,0,0,0.0,1364,0.0,28,27,1437,0,0.0,0,0.0,0,0,2968.0,7,0,0.7037,2968.0,0.0,1,Survivalist
0.0,0.0,0.0,0,0,59.65,0,0,0,61,1115,0,0,0.0,1369,0.0,97,96,0,0,0.0,0,0.0,0,0,899.4,3,1475,0.6146,899.4,0.0,0,Survivalist
0.0,0.0,0.0,0,1,130.4,1,0,1,30,0,1,1,8.11,1929,0.0,49,47,1490,0,0.0,0,0.0,0,0,553.9,4,0,0.5625,553.9,0.0,2,Aggressive
0.0,0.0,0.0,0,0,200.0,2,0,0,95,0,0,0,0.0,2009,0.0,27,26,1500,0,0.0,0,0.0,0,0,31.81,2,0,0.0,31.81,0.0,0,Survivalist
0.0,0.0,0.0,0,0,0.0,0,0,0,91,0,0,0,0.0,1852,0.0,46,45,1500,0,0.0,0,0.0,0,0,26.99,1,0,0.0,26.99,0.0,0,Survivalist
0.0,0.0,0.0,0,2,0.0,0,0,8,52,0,0,0,0.0,1383,0.0,31,30,1458,0,0.0,0,0.0,0,0,2464.0,2,0,0.7333,2464.0,0.0,10,Survivalist
0.0,0.0,0.0,1,2,304.0,0,0,1,26,0,1,1,33.79,1504,0.0,48,47,1555,0,0.0,0,0.0,0,0,3310.0,6,0,0.8511,3310.0,0.0,3,Aggressive
0.0,0.0,0.0,2,3,554.8,4,1,8,4,0,5,1,63.66,1349,0.0,46,42,1504,1,1158.0,0,89.46,0,0,2022.0,6,0,0.7556,3269.46,0.2,11,Aggressive
0.0,0.0,0.0,0,0,100.0,1,0,0,38,0,1,1,0.7933,1791,0.0,29,28,1476,0,0.0,0,0.0,0,0,542.9,3,0,0.1429,542.9,0.0,0,Aggressive
0.0,0.0,0.0,0,0,109.6,0,0,0,55,0,0,0,0.0,1774,0.0,48,45,1827,0,0.0,0,0.0,0,0,1891.0,5,0,0.5106,1891.0,0.0,0,Survivalist
0.0,0.0,0.0,0,0,0.0,1,0,0,31,0,1,1,6.424,1367,0.0,28,27,1557,2,0.0,0,0.0,0,0,709.5,3,0,0.4444,709.5,0.0,0,Aggressive
0.0,0.0,0.0,0,0,0.0,0,0,0,61,1205,0,0,0.0,1793,0.0,26,26,0,0,132.2,0,0.0,0,0,790.0,2,1386,0.44,922.2,0.0,0,Survivalist
0.0,0.0,0.0,0,0,0.0,0,0,0,85,0,0,0,0.0,1454,0.0,30,29,1477,0,0.0,0,0.0,0,0,59.71,2,0,0.0,59.71,0.0,0,Survivalist
0.0,0.0,0.0,0,0,0.0,0,0,0,74,0,0,0,0.0,1443,0.0,96,93,1500,0,0.0,0,0.0,0,0,340.2,1,0,0.3579,340.2,0.0,0,Survivalist
0.0,0.0,0.0,0,0,0.0,0,0,0,32,0,1,1,12.21,1974,0.0,46,42,1489,0,0.0,0,0.0,0,0,593.6,4,0,0.2889,593.6,0.0,0,Aggressive
0.0,0.0,0.0,0,4,304.1,2,0,8,10,0,2,1,117.2,1381,0.0,23,20,1525,1,473.9,0,52.24,0,0,2643.0,8,0,0.9091,3169.14,0.0,12,Aggressive
0.0,0.0,0.0,0,3,267.2,1,3,2,11,1203,2,1,95.95,1903,0.0,45,41,0,0,3775.0,0,0.0,0,0,1829.0,9,1506,0.7273,5604.0,1.5,5,Aggressive
0.0,0.0,0.0,0,0,0.0,0,0,0,61,0,0,0,0.0,1383,0.0,28,24,1458,0,0.0,0,0.0,0,0,105.1,1,0,0.4074,105.1,0.0,0,Survivalist
0.0,0.0,0.0,0,0,0.0,0,0,0,80,0,0,0,0.0,1344,0.0,47,45,1492,0,0.0,0,0.0,0,0,6.441,0,0,0.087,6.441,0.0,0,Survivalist
0.0,0.0,0.0,0,0,81.7,0,0,0,77,0,0,0,0.0,1344,0.0,24,24,1419,0,0.0,0,0.0,0,0,14.77,1,0,0.1304,14.77,0.0,0,Survivalist
0.0,0.0,0.0,0,2,0.0,0,0,0,53,0,0,0,0.0,1531,0.0,46,39,1491,0,1259.0,0,0.0,0,0,870.4,7,0,0.6,2129.4,0.0,2,Survivalist
0.0,0.0,0.0,0,5,87.18,0,1,12,24,1138,1,1,73.88,1842,0.0,47,46,0,0,5459.0,0,0.0,0,0,1325.0,4,1479,0.6739,6784.0,1.0,17,Aggressive
0.0,0.0,0.0,0,1,198.4,2,1,2,3,0,4,2,43.62,1355,0.0,29,29,1565,1,0.0,0,0.0,0,0,2528.0,2,0,0.8214,2528.0,0.25,3,Aggressive
0.0,0.0,0.0,0,0,0.0,0,0,0,80,1084,0,0,0.0,1330,0.0,96,93,0,0,0.0,0,0.0,0,0,22.09,1,1524,0.1895,22.09,0.0,0,Survivalist
0.0,0.0,0.0,0,3,174.2,2,0,3,21,0,2,1,35.1,1302,0.0,28,27,1477,0,0.0,0,0.0,0,0,2017.0,5,0,0.5926,2017.0,0.0,6,Aggressive
0.0,0.0,0.0,0,0,0.0,0,0,0,85,0,0,0,0.0,1379,0.0,27,26,1500,0,0.0,0,0.0,0,0,100.8,3,0,0.0,100.8,0.0,0,Survivalist
0.0,0.0,0.0,0,0,57.03,0,0,0,75,0,0,0,0.0,1452,0.0,94,92,1487,0,0.0,0,0.0,0,0,140.5,1,0,0.2688,140.5,0.0,0,Survivalist
0.0,0.0,0.0,0,0,195.9,1,0,0,89,0,0,0,0.0,1803,0.0,27,27,1495,0,0.0,0,0.0,0,0,19.23,1,0,0.0,19.23,0.0,0,Survivalist
0.0,0.0,0.0,1,1,111.1,1,1,0,32,0,1,1,5.911,1353,0.0,29,29,1423,0,0.0,0,0.0,0,0,125.0,3,0,0.2143,125.0,1.0,1,Aggressive
0.0,0.0,0.0,0,0,94.0,0,0,0,68,1005,0,0,0.0,1356,0.0,49,48,0,0,0.0,0,0.0,0,0,440.3,2,1501,0.3125,440.3,0.0,0,Survivalist
0.0,0.0,0.0,1,0,179.1,0,1,5,22,0,2,1,73.81,1393,0.0,50,48,1502,2,0.0,0,0.0,0,0,437.8,4,0,0.5306,437.8,0.5,5,Aggressive
0.0,0.0,0.0,0,0,0.0,0,0,0,77,0,0,0,0.0,1869,0.0,99,98,1469,0,0.0,0,0.0,0,0,257.7,2,0,0.2551,257.7,0.0,0,Survivalist
0.0,0.0,0.0,1,0,5.843,0,0,0,48,0,0,0,0.0,1929,0.0,48,48,1484,0,0.0,0,0.0,0,0,150.0,1,0,0.7872,150.0,0.0,0,Survivalist
0.0,0.0,0.0,3,3,205.8,0,0,3,29,0,1,1,73.81,1833,0.0,47,45,1484,1,2549.0,0,0.0,0,0,3223.0,5,0,0.6957,5772.0,0.0,6,Aggressive
0.0,0.0,0.0,0,2,346.4,2,0,2,9,984,3,2,9.073,1397,0.0,50,47,0,0,0.0,0,0.0,0,0,419.9,3,1494,0.3878,419.9,0.0,4,Aggressive
0.0,0.0,0.0,0,0,81.7,0,0,0,64,1307,0,0,0.0,1306,0.0,48,47,0,0,0.0,0,0.0,0,0,6.143,1,1500,0.4255,6.143,0.0,0,Survivalist
0.0,0.0,0.0,0,3,564.4,0,2,5,3,1407,6,1,29.16,1448,0.0,98,95,0,0,45.77,0,0.0,0,0,3628.0,3,1493,1.0,3673.77,0.3333333333333333,8,Aggressive
0.0,0.0,0.0,0,0,0.0,0,0,0,66,0,0,0,0.0,1890,0.0,47,47,1497,0,0.0,0,0.0,0,0,179.0,3,0,0.0,179.0,0.0,0,Survivalist
0.0,0.0,0.0,0,0,0.0,0,0,1,84,998,0,0,0.0,1938,0.0,28,28,0,0,0.0,0,0.0,0,0,82.44,1,1494,0.037,82.44,0.0,1,Survivalist
0.0,0.0,0.0,0,0,0.0,0,0,0,53,1114,0,0,0.0,1410,0.0,28,26,0,0,0.0,0,0.0,0,0,1375.0,6,1487,0.6667,1375.0,0.0,0,Survivalist
0.0,0.0,0.0,0,3,25.18,0,0,8,44,0,0,0,0.0,1370,0.0,28,28,1349,0,0.0,0,0.0,0,0,1755.0,3,0,1.0,1755.0,0.0,11,Survivalist
0.0,0.0,0.0,1,2,148.1,0,0,6,38,0,0,0,0.0,1981,0.0,46,45,1490,0,0.0123,0,334.1,0,0,5015.0,6,0,0.9556,5349.112300000001,0.0,8,Survivalist
0.0,0.0,0.0,0,0,135.6,2,1,0,21,0,2,1,18.48,1362,0.0,28,26,1460,0,0.0,0,0.0,0,0,35.02,1,0,0.4074,35.02,0.5,0,Aggressive
0.0,0.0,0.0,1,5,637.4,0,1,0,1,0,7,1,69.55,1405,0.0,91,89,1574,0,0.0,0,0.0,0,0,3230.0,3,0,1.0,3230.0,0.14285714285714285,5,Aggressive
0.0,0.0,0.0,0,0,22.05,0,0,1,80,1123,0,0,0.0,1889,0.0,32,32,0,0,0.0,0,0.0,0,0,99.17,3,1451,0.1613,99.17,0.0,1,Survivalist
0.0,0.0,0.0,0,0,141.3,0,0,0,49,1361,0,0,0.0,1342,0.0,34,33,0,0,0.0,0,0.0,0,0,1952.0,8,1605,0.697,1952.0,0.0,0,Survivalist
0.0,0.0,0.0,0,0,0.0,0,0,1,58,1499,0,0,0.0,1309,0.0,48,48,0,0,0.0,0,0.0,0,0,0.0,5,1536,0.0,0.0,0.0,1,Survivalist
0.0,0.0,0.0,0,0,0.0,0,0,0,87,0,0,0,0.0,1380,0.0,27,26,1486,0,0.0,0,0.0,0,0,0.0,1,0,0.0,0.0,0.0,0,Survivalist
0.0,0.0,0.0,0,5,241.5,2,0,2,16,0,2,1,88.12,1896,0.0,46,45,1500,0,4579.0,0,0.0,0,0,4297.0,4,0,0.9111,8876.0,0.0,7,Aggressive
0.0,0.0,0.0,0,0,0.0,0,0,0,66,0,0,0,0.0,1342,0.0,28,28,1496,0,0.0,0,0.0,0,0,0.0,5,0,0.0,0.0,0.0,0,Survivalist
0.0,0.0,0.0,1,1,229.3,3,2,0,28,0,1,1,111.5,1405,0.0,27,27,1500,1,872.3,0,108.6,0,0,2686.0,5,0,0.8462,3666.9,2.0,1,Aggressive
0.0,0.0,0.0,0,3,0.0,1,0,2,31,0,1,1,23.15,1867,0.0,29,28,1506,0,8107.0,0,0.0,0,0,596.6,3,0,0.5,8703.6,0.0,5,Aggressive
0.0,0.0,0.0,0,1,98.99,0,0,1,30,0,1,1,45.51,1777,0.0,96,93,1489,0,203.4,0,0.0,0,0,3603.0,6,0,0.6737,3806.4,0.0,2,Aggressive
0.0,0.0,0.0,0,0,0.0,0,0,0,70,1000,0,0,0.0,1363,0.0,29,29,0,0,0.0,0,0.0,0,0,250.3,2,1500,0.25,250.3,0.0,0,Survivalist
0.0,0.0,0.0,1,1,207.9,0,0,0,12,0,2,1,126.8,1339,0.0,48,47,1515,0,0.0,0,0.0,0,0,2507.0,5,0,0.8936,2507.0,0.0,1,Aggressive
0.0,0.0,0.0,0,7,0.0,0,0,0,4,0,4,1,101.0,1289,0.0,92,89,1513,0,0.0,0,0.0,0,0,2658.0,4,0,0.0,2658.0,0.0,7,Aggressive
0.0,0.0,0.0,0,2,0.0,0,0,0,48,0,0,0,0.0,1378,0.0,45,45,1496,0,0.0048,0,7.322,0,0,0.0,3,0,0.0,7.3268,0.0,2,Survivalist
0.0,0.0,0.0,0,3,0.0,0,0,4,50,0,0,0,0.0,1890,0.0,29,28,1474,0,5264.0,0,0.0,0,0,1274.0,6,0,0.5714,6538.0,0.0,7,Survivalist
0.0,0.0,0.0,0,3,72.27,0,0,0,49,1093,0,0,0.0,1884,0.0,31,31,0,0,2508.0,0,0.0,0,0,1676.0,4,1507,0.9,4184.0,0.0,3,Survivalist
0.0,0.0,0.0,0,5,925.4,4,3,1,4,1788,5,3,58.94,1775,0.0,27,24,0,0,0.0,0,0.0,0,0,5086.0,9,1578,0.8462,5086.0,0.6,6,Aggressive
0.0,0.0,0.0,0,4,359.4,3,1,1,8,1288,3,2,48.19,1338,0.0,29,26,0,0,563.8,0,18.92,0,0,3478.0,3,1496,0.8929,4060.7200000000003,0.3333333333333333,5,Aggressive
0.0,0.0,0.0,0,0,104.4,1,0,0,68,0,0,0,0.0,1790,0.0,47,44,1486,0,0.0,0,0.0,0,0,272.7,5,0,0.3043,272.7,0.0,0,Survivalist
0.0,0.0,0.0,0,5,163.9,0,1,4,27,0,1,1,106.2,1758,0.0,29,28,1394,0,2446.0,0,0.0,0,0,3782.0,6,0,1.0,6228.0,1.0,9,Aggressive
0.0,0.0,0.0,0,0,0.0,0,0,0,82,1206,0,0,0.0,1411,0.0,98,96,0,0,0.0,0,0.0,0,0,13.07,2,1501,0.1753,13.07,0.0,0,Survivalist
0.0,0.0,0.0,0,1,270.4,2,0,1,34,0,1,1,82.04,1328,0.0,28,28,1479,0,0.0,0,0.0,0,0,370.4,2,0,0.2963,370.4,0.0,2,Aggressive
0.0,0.0,0.0,0,0,155.2,1,1,0,32,0,1,1,40.22,1193,0.0,29,28,1410,0,0.0,0,0.0,0,0,284.3,4,0,0.3214,284.3,1.0,0,Aggressive
0.0,0.0,0.0,0,3,283.1,2,0,3,19,0,2,1,10.89,1685,0.0,28,24,1350,1,0.0,0,0.0,0,0,797.0,3,0,0.4444,797.0,0.0,6,Aggressive
0.0,0.0,0.0,0,2,505.1,1,0,1,11,1313,2,1,48.65,1822,0.0,48,48,0,1,2795.0,0,7.338,0,0,4515.0,7,1611,0.8511,7317.338,0.0,3,Aggressive
0.0,0.0,0.0,1,3,371.5,3,4,5,8,0,3,1,118.3,1291,0.0,28,28,1532,0,0.0,0,0.0,0,0,1620.0,5,0,0.8148,1620.0,1.3333333333333333,8,Aggressive
0.0,0.0,0.0,0,0,100.0,1,0,0,34,1377,1,1,1.263,1915,0.0,27,27,0,0,0.0,0,0.0,0,0,152.5,2,1564,0.2692,152.5,0.0,0,Aggressive
0.0,0.0,0.0,2,2,174.4,1,0,2,32,1428,1,1,91.79,1318,0.0,29,29,0,0,1049.0,0,0.0,0,0,1416.0,2,1527,0.7143,2465.0,0.0,4,Aggressive
0.0,0.0,0.0,1,0,102.9,2,0,0,10,0,3,1,67.2,1358,0.0,28,28,1442,1,0.0,0,0.0,0,0,132.0,2,0,0.3333,132.0,0.0,0,Aggressive
0.0,0.0,0.0,0,6,0.0,1,1,4,25,1130,1,1,11.41,1859,0.0,27,26,0,0,0.0,0,0.0,0,0,3669.0,4,1504,0.0,3669.0,1.0,10,Aggressive
0.0,0.0,0.0,0,2,0.0,2,1,0,20,0,2,2,6.656,1414,0.0,48,45,1518,0,0.0,0,0.0,0,0,0.0,5,0,0.0,0.0,0.5,2,Aggressive
0.0,0.0,0.0,0,1,33.39,0,0,5,76,0,0,0,0.0,1958,0.0,28,26,1501,0,0.0,0,0.0,0,0,50.47,2,0,0.1481,50.47,0.0,6,Survivalist
0.0,0.0,0.0,0,0,0.0,0,0,0,94,0,0,0,0.0,1262,0.0,50,46,1500,0,0.0,0,0.0,0,0,0.0,0,0,0.0,0.0,0.0,0,Survivalist
0.0,0.0,0.0,0,1,0.0,2,0,3,60,0,0,0,0.0,1370,0.0,27,26,1409,0,0.0,0,0.0,0,0,0.0,8,0,0.0,0.0,0.0,4,Survivalist
0.0,0.0,0.0,0,0,0.0,0,0,0,91,1023,0,0,0.0,1432,0.0,98,97,0,0,0.0,0,0.0,0,0,23.5,1,1481,0.0722,23.5,0.0,0,Survivalist
0.0,0.0,0.0,0,0,0.0,0,0,0,87,1222,0,0,0.0,1867,0.0,29,29,0,0,1106.0,0,0.0,0,0,410.7,2,1471,0.1071,1516.7,0.0,0,Survivalist
0.0,0.0,0.0,0,0,0.0,1,0,0,37,0,1,1,3.671,1095,0.0,26,23,1427,0,0.0,0,0.0,0,0,167.5,2,0,0.2,167.5,0.0,0,Aggressive
0.0,0.0,0.0,0,0,49.0,0,0,0,91,0,0,0,0.0,1971,0.0,27,27,1422,0,0.0,0,0.0,0,0,65.27,1,0,0.0,65.27,0.0,0,Survivalist
0.0,0.0,0.0,2,5,87.55,0,0,0,42,0,0,0,0.0,1494,0.0,28,27,1250,0,0.0,0,0.0,0,0,3276.0,5,0,0.963,3276.0,0.0,5,Survivalist
0.0,0.0,0.0,0,0,0.0,0,0,0,82,0,0,0,0.0,1956,0.0,29,27,1478,0,0.0,0,0.0,0,0,164.4,2,0,0.0714,164.4,0.0,0,Survivalist
0.0,0.0,0.0,0,3,457.3,6,1,3,1,0,6,2,80.64,1922,0.0,26,23,1504,1,5276.0,0,0.0,0,0,1267.0,4,0,0.76,6543.0,0.16666666666666666,6,Aggressive
0.0,0.0,0.0,0,2,0.0,0,0,0,62,0,0,0,0.0,1912,0.0,30,29,1415,0,3325.0,0,0.0,0,0,798.5,4,0,0.3793,4123.5,0.0,2,Survivalist
0.0,0.0,0.0,0,0,146.7,1,0,0,47,1034,1,1,3.56,1361,0.0,49,49,0,1,0.0,0,0.0,0,0,58.86,2,1493,0.2708,58.86,0.0,0,Aggressive
0.0,0.0,0.0,1,6,170.0,1,1,6,32,0,1,1,19.54,1808,0.0,30,30,1523,0,4175.0,0,0.0,0,0,1622.0,5,0,0.5517,5797.0,1.0,12,Aggressive
0.0,0.0,0.0,0,3,171.4,1,1,5,29,1009,1,1,104.5,1273,0.0,29,29,0,0,340.2,0,0.0,0,0,776.3,5,1504,0.6071,1116.5,1.0,8,Aggressive
0.0,0.0,0.0,0,2,61.56,0,2,0,33,0,1,1,25.12,1898,0.0,28,27,1480,1,0.0,0,0.0,0,0,637.3,3,0,0.2222,637.3,2.0,2,Aggressive
0.0,0.0,0.0,0,0,74.7,0,0,0,58,0,0,0,0.0,1818,0.0,28,27,1297,0,2461.0,0,11.36,1,0,2985.0,5,0,0.5556,5457.36,0.0,0,Survivalist
0.0,0.0,0.0,0,0,58.8,0,0,0,90,0,0,0,0.0,1428,0.0,49,48,1494,0,0.0,0,0.0,0,0,74.18,2,0,0.0625,74.18,0.0,0,Survivalist
0.0,0.0,0.0,0,0,97.22,0,0,0,81,0,0,0,0.0,1802,0.0,26,26,1436,0,0.0,0,0.0,0,0,111.6,3,0,0.16,111.6,0.0,0,Survivalist
0.0,0.0,0.0,0,2,0.0,0,0,0,62,1263,0,0,0.0,1374,0.0,30,29,0,0,1133.0,0,0.0,0,0,680.9,4,1412,0.4138,1813.9,0.0,2,Survivalist
0.0,0.0,7.8632746033e+86,1,2,143.9,2,1,10,27,0,1,1,51.57,1965,0.0,30,30,1412,1,829.0,0,0.0,0,0,2108.0,7,0,0.5862,2937.0,1.0,12,Aggressive
0.0,0.0,0.0,0,1,4.407,0,0,4,49,1337,0,0,0.0,1829,0.0,26,25,0,0,7941.0,0,0.0,0,0,1045.0,4,1496,0.56,8986.0,0.0,5,Survivalist
0.0,0.0,0.0,0,0,0.0,0,0,0,86,0,0,0,0.0,1405,0.0,31,31,1391,0,0.0,0,0.0,0,0,73.78,0,0,0.1,73.78,0.0,0,Survivalist
0.0,0.0,0.0,0,0,0.0,0,0,0,92,0,0,0,0.0,1385,0.0,48,44,1502,0,0.0,0,0.0,0,0,0.0,0,0,0.0,0.0,0.0,0,Survivalist
0.0,0.0,0.0,0,0,52.1,0,0,0,73,1308,0,0,0.0,1924,0.0,27,27,0,0,0.0124,0,8.923,0,0,1227.0,4,1434,0.3077,1235.9354,0.0,0,Survivalist
0.0,0.0,0.0,0,0,0.0,0,0,0,91,995,0,0,0.0,1875,0.0,97,92,0,0,0.0,0,0.0,0,0,15.58,1,1483,0.0417,15.58,0.0,0,Survivalist
0.0,0.0,0.0,0,0,0.0,0,0,0,65,1146,0,0,0.0,1390,0.0,27,26,0,0,869.8,0,0.0,0,0,765.8,2,1510,0.2308,1635.6,0.0,0,Survivalist
0.0,0.0,0.0,0,0,0.0,0,0,0,73,1181,0,0,0.0,1871,0.0,26,25,0,0,0.0,0,0.0,0,0,277.2,2,1424,0.08,277.2,0.0,0,Survivalist
0.0,0.0,0.0,1,0,74.13,1,0,0,66,1385,0,0,0.0,1932,0.0,46,42,0,0,0.0,0,0.0,0,0,220.7,2,1591,0.2667,220.7,0.0,0,Survivalist
0.0,0.0,0.0,1,1,302.0,1,0,1,14,1467,2,1,29.52,1376,0.0,49,47,0,0,0.0,0,0.0,0,0,2816.0,5,1544,1.0,2816.0,0.0,2,Aggressive
0.0,0.0,0.0,1,5,220.9,1,0,2,12,0,2,1,176.5,1860,0.0,48,48,1757,1,4742.0,0,0.0,0,0,4411.0,7,0,0.9574,9153.0,0.0,7,Aggressive
0.0,0.0,0.0,1,2,0.0,1,0,1,9,0,3,2,20.58,1343,0.0,47,45,1535,0,0.0,0,0.0,0,0,0.0,9,0,0.0,0.0,0.0,3,Aggressive
0.0,0.0,0.0,0,0,96.25,1,0,0,61,0,0,0,0.0,1796,0.0,29,27,1444,1,0.0,0,0.0,0,0,3945.0,3,0,0.5357,3945.0,0.0,0,Survivalist
0.0,0.0,0.0,2,0,779.8,6,1,10,37,1000,3,1,26.29,687,0.0,5,5,0,2,0.0,0,0.0,0,0,38.38,15,1500,0.5,38.38,0.3333333333333333,10,Aggressive
0.0,0.0,0.0,0,0,0.0,0,0,0,66,1384,0,0,0.0,1480,0.0,31,31,0,0,0.0,0,0.0,0,0,1220.0,3,1600,0.5333,1220.0,0.0,0,Survivalist
0.0,0.0,0.0,2,1,647.1,7,1,1,1,0,8,2,235.8,1393,0.0,28,27,1635,0,0.0,0,48.93,0,0,2642.0,7,0,1.0,2690.93,0.125,2,Aggressive
0.0,0.0,0.0,2,5,385.0,1,1,6,16,1385,2,1,140.4,1770,0.0,28,28,0,2,2337.0,0,0.0,0,0,3212.0,5,1553,0.9259,5549.0,0.5,11,Aggressive
0.0,0.0,0.0,1,0,160.0,1,0,0,38,1345,1,1,3.024,1807,0.0,28,28,0,0,0.0,0,0.0,0,0,711.6,3,1553,0.1852,711.6,0.0,0,Aggressive
0.0,0.0,0.0,0,0,21.26,0,0,0,72,0,0,0,0.0,1903,0.0,92,89,1525,0,0.0068,0,20.63,0,0,895.5,2,0,0.0,916.1368,0.0,0,Survivalist
0.0,0.0,0.0,0,0,74.73,0,0,1,72,1304,0,0,0.0,1883,0.0,48,46,0,0,0.0,0,0.0,0,0,96.49,2,1479,0.2553,96.49,0.0,1,Survivalist
0.0,0.0,0.0,0,0,60.54,0,0,0,71,0,0,0,0.0,1336,0.0,49,47,1496,0,0.0,0,0.0,0,0,684.5,2,0,0.4375,684.5,0.0,0,Survivalist
0.0,0.0,0.0,0,0,64.26,0,0,0,74,1377,0,0,0.0,1885,0.0,27,25,0,0,0.0,0,0.0,0,0,150.1,4,1500,0.2308,150.1,0.0,0,Survivalist
0.0,0.0,0.0,0,0,100.0,0,0,0,37,0,1,1,2.151,1841,0.0,97,93,1535,0,557.2,0,0.0,1,0,296.4,4,0,0.3958,853.6,0.0,0,Aggressive
0.0,0.0,0.0,0,0,40.0,1,2,0,30,1192,1,1,4.758,1370,0.0,50,50,0,0,174.0,0,103.1,0,0,1481.0,4,1551,0.7347,1758.1,2.0,0,Aggressive
0.0,0.0,0.0,0,0,100.0,1,0,0,34,0,1,1,19.6,1386,0.0,27,24,1441,0,0.0,0,0.0,0,0,17.87,2,0,0.5385,17.87,0.0,0,Aggressive
0.0,0.0,0.0,0,0,130.8,1,0,0,34,1499,1,1,15.65,1765,0.0,30,30,0,0,0.0,0,0.0,0,0,379.6,3,1522,0.1724,379.6,0.0,0,Aggressive
0.0,0.0,0.0,1,1,330.7,2,0,1,31,1848,1,1,0.8365,1391,0.0,29,28,0,0,0.0,0,0.0,0,0,406.9,7,1591,0.4286,406.9,0.0,2,Aggressive
0.0,0.0,0.0,0,0,206.3,2,0,1,23,0,1,1,27.22,1381,0.0,23,20,1387,2,0.0,0,0.0,0,0,2351.0,5,0,0.6364,2351.0,0.0,1,Aggressive
0.0,0.0,0.0,0,1,346.6,2,0,1,17,1098,2,2,22.59,1931,0.0,46,45,0,1,1431.0,0,0.0,1,0,1171.0,6,1505,0.6667,2602.0,0.0,2,Aggressive
0.0,0.0,0.0,0,0,40.04,0,0,0,95,1056,0,0,0.0,1958,0.0,31,30,0,0,0.0,0,0.0,0,0,225.6,2,1510,0.0,225.6,0.0,0,Survivalist
0.0,0.0,0.0,0,0,73.83,0,0,1,48,1000,0,0,0.0,1672,0.0,26,23,0,1,3623.0,0,0.0,0,0,1080.0,8,1500,0.6,4703.0,0.0,1,Survivalist
0.0,0.0,0.0,0,1,100.0,0,0,0,32,0,1,1,1.284,1815,0.0,92,89,1473,0,4643.0,0,0.0,1,0,863.6,5,0,0.5385,5506.6,0.0,1,Aggressive
0.0,0.0,0.0,0,0,0.0,0,0,0,83,0,0,0,0.0,1925,0.0,30,29,1459,0,0.0,0,0.0,0,0,35.63,1,0,0.1034,35.63,0.0,0,Survivalist
0.0,0.0,0.0,0,0,24.28,1,1,0,27,1227,1,1,97.45,1879,0.0,28,25,0,0,0.0,0,0.0,0,0,1944.0,6,1539,0.7037,1944.0,1.0,0,Aggressive
0.0,0.0,0.0,0,0,0.0,0,0,0,57,1000,0,0,0.0,1775,0.0,46,42,0,0,1817.0,0,0.0,0,0,254.6,3,1500,0.4,2071.6,0.0,0,Survivalist
0.0,0.0,0.0,0,0,0.0,0,0,0,94,1161,0,0,0.0,1895,0.0,98,91,0,0,0.0,0,0.0,0,0,0.0,0,1572,0.0,0.0,0.0,0,Survivalist
0.0,0.0,0.0,1,1,183.8,0,1,2,32,0,1,1,22.46,1353,0.0,97,97,1550,0,0.0,0,0.0,0,0,325.4,3,0,0.4688,325.4,1.0,3,Aggressive
0.0,0.0,0.0,2,4,407.7,1,0,7,13,0,2,1,343.1,1884,0.0,45,44,1902,0,10650.0,0,0.0,0,0,1724.0,8,0,0.9545,12374.0,0.0,11,Aggressive
0.0,0.0,0.0,0,2,162.2,0,0,1,65,0,0,0,0.0,1364,0.0,48,47,1536,0,0.0,0,0.0,0,0,699.4,4,0,0.4255,699.4,0.0,3,Survivalist
0.0,0.0,0.0,0,1,204.8,1,2,7,31,0,1,1,58.01,1996,0.0,29,28,1457,0,940.2,0,0.0,0,0,758.1,3,0,0.4643,1698.3000000000002,2.0,8,Aggressive
0.0,0.0,0.0,1,2,186.1,1,1,0,9,1450,3,1,114.2,1425,0.0,28,26,0,0,0.0,0,0.0,0,0,2449.0,2,1595,1.0,2449.0,0.3333333333333333,2,Aggressive
0.0,0.0,0.0,0,0,0.0,0,0,0,96,1250,0,0,0.0,1327,0.0,28,27,0,0,0.0,0,0.0,0,0,0.0,0,1426,0.0,0.0,0.0,0,Survivalist
0.0,0.0,0.0,0,6,534.3,2,6,1,2,0,5,3,97.44,1472,0.0,28,26,1565,0,0.0138,0,25.94,0,0,3831.0,7,0,0.7037,3856.9538000000002,1.2,7,Aggressive
0.0,0.0,0.0,0,1,0.0,0,0,0,71,1000,0,0,0.0,1456,0.0,97,97,0,0,0.0,0,0.0,0,0,72.06,2,1500,0.3438,72.06,0.0,1,Survivalist
0.0,0.0,0.0,0,0,23.8,0,0,0,74,0,0,0,0.0,1400,0.0,97,95,1510,0,0.0,0,0.0,0,0,173.5,2,0,0.2708,173.5,0.0,0,Survivalist
0.0,0.0,0.0,0,1,22.97,0,0,0,43,0,0,0,0.0,1375,0.0,27,26,1317,0,0.0,0,0.0,0,0,2533.0,6,0,0.8846,2533.0,0.0,1,Survivalist
0.0,0.0,0.0,0,0,61.2,0,0,0,55,0,0,0,0.0,1376,0.0,29,28,1500,0,0.0,0,0.0,0,0,13.26,1,0,0.6786,13.26,0.0,0,Survivalist
0.0,0.0,0.0,0,4,195.0,0,0,1,21,0,1,1,3.095,1387,0.0,93,91,1518,0,876.0,0,0.0,0,0,1711.0,5,0,0.9674,2587.0,0.0,5,Aggressive
0.0,0.0,0.0,0,0,0.0,0,0,0,79,1017,0,0,0.0,1938,0.0,98,94,0,0,0.0,0,0.0,0,0,157.2,2,1485,0.2268,157.2,0.0,0,Survivalist
0.0,0.0,0.0,0,0,0.0,0,0,0,88,1435,0,0,0.0,1349,0.0,29,29,0,0,0.0,0,0.0,0,0,95.5,3,1474,0.0357,95.5,0.0,0,Survivalist
0.0,0.0,0.0,1,0,25.8,0,0,6,54,0,0,0,0.0,1879,0.0,28,23,1417,0,3865.0,0,0.0,0,0,1085.0,9,0,0.6296,4950.0,0.0,6,Survivalist
0.0,0.0,0.0,0,0,100.0,1,0,0,91,1130,0,0,0.0,1836,0.0,27,26,0,0,0.0,0,0.0,0,0,34.44,1,1506,0.0,34.44,0.0,0,Survivalist
0.0,0.0,0.0,0,0,61.18,0,0,0,90,0,0,0,0.0,1351,0.0,26,25,1481,0,0.0,0,0.0,0,0,7.43,1,0,0.0,7.43,0.0,0,Survivalist
85589499425195.0,0.0,0.0,1,3,474.3,3,2,3,6,0,4,2,131.6,1316,0.0,49,47,1544,0,0.0,0,0.0,0,0,3285.0,8,0,0.9792,3285.0,0.5,6,Aggressive
0.0,0.0,0.0,0,1,187.4,0,0,0,32,0,1,1,6.56,1978,0.0,97,93,1498,0,0.0,0,0.0,0,0,1832.0,3,0,0.6354,1832.0,0.0,1,Aggressive
0.0,0.0,0.0,0,0,76.78,1,1,0,45,0,1,1,2.806,2083,0.0,25,25,1500,0,0.0,0,0.0,0,0,19.69,2,0,0.0,19.69,1.0,0,Aggressive
0.0,0.0,0.0,0,1,500.0,0,2,1,4,0,5,1,119.0,1268,0.0,97,96,1523,0,0.0,0,0.0,0,0,1579.0,8,0,0.8854,1579.0,0.4,2,Aggressive
0.0,0.0,0.0,0,0,26.46,0,0,1,65,0,0,0,0.0,1324,0.0,29,29,1463,0,0.0,0,0.0,0,0,626.9,4,0,0.3571,626.9,0.0,1,Survivalist
0.0,0.0,0.0,0,0,0.0,0,0,0,91,0,0,0,0.0,1386,0.0,29,29,1491,0,0.0,0,0.0,0,0,7.268,1,0,0.0357,7.268,0.0,0,Survivalist
0.0,0.0,0.0,2,5,159.2,0,0,3,27,0,1,1,2.329,1312,0.0,50,44,1669,0,0.0,0,0.0,0,0,2467.0,6,0,0.8776,2467.0,0.0,8,Aggressive
0.0,0.0,0.0,1,0,63.24,0,0,0,71,1039,0,0,0.0,1296,0.0,98,95,0,0,0.0,0,0.0,0,0,123.6,4,1483,0.2887,123.6,0.0,0,Survivalist
0.0,0.0,0.0,0,0,41.98,0,0,0,18,0,2,2,56.93,1388,0.0,44,43,1493,1,0.0,0,0.0,0,0,187.2,2,0,0.3488,187.2,0.0,0,Aggressive
0.0,0.0,0.0,0,0,47.0,0,0,0,91,0,0,0,0.0,1867,0.0,29,29,1450,0,0.0,0,0.0,0,0,176.1,2,0,0.0,176.1,0.0,0,Survivalist
0.0,0.0,0.0,1,6,210.9,0,0,6,21,1555,1,1,16.5,1288,0.0,29,25,0,0,1723.0,0,38.92,0,0,3362.0,7,1525,0.8929,5123.92,0.0,12,Aggressive
0.0,0.0,0.0,0,0,0.0,0,0,0,88,1122,0,0,0.0,1423,0.0,49,49,0,0,0.0,0,0.0,0,0,289.8,1,1494,0.1458,289.8,0.0,0,Survivalist
0.0,0.0,0.0,0,1,72.45,0,0,0,73,1240,0,0,0.0,1950,0.0,29,29,0,1,0.0,0,0.0,0,0,1081.0,3,1410,0.2857,1081.0,0.0,1,Survivalist
0.0,0.0,0.0,0,2,0.0,1,1,2,20,1472,2,2,25.68,1397,0.0,47,47,0,0,0.0,0,0.0,0,0,152.7,3,1571,0.3261,152.7,0.5,4,Aggressive
0.0,0.0,0.0,1,2,0.0,3,1,2,2,0,6,2,68.62,1362,0.0,46,45,1487,1,0.0,0,0.0,0,0,0.0,6,0,0.0,0.0,0.16666666666666666,4,Aggressive
0.0,0.0,0.0,0,0,66.65,0,0,0,54,1144,0,0,0.0,1423,0.0,97,95,0,0,0.0,0,0.0,0,0,1428.0,3,1529,0.6771,1428.0,0.0,0,Survivalist
0.0,0.0,0.0,0,0,0.0,0,0,0,79,1000,0,0,0.0,1423,0.0,28,26,0,0,0.0,0,0.0,0,0,366.2,2,1500,0.1852,366.2,0.0,0,Survivalist
0.0,0.0,0.0,0,0,0.0,0,0,0,90,1057,0,0,0.0,1887,0.0,96,93,0,0,0.0,0,0.0,0,0,0.0,2,1484,0.0632,0.0,0.0,0,Survivalist
0.0,0.0,0.0,0,0,0.0,0,0,0,76,0,0,0,0.0,1347,0.0,95,94,1505,0,0.0,0,0.0,0,0,45.0,3,0,0.2128,45.0,0.0,0,Survivalist
0.0,0.0,0.0,0,3,0.0,0,0,11,50,0,0,0,0.0,1190,0.0,27,26,1490,0,689.6,0,60.88,0,0,778.8,5,0,0.7308,1529.2800000000002,0.0,14,Survivalist
0.0,0.0,0.0,1,0,0.0,1,0,0,17,0,2,2,25.17,1688,0.0,24,23,1481,1,0.0,0,0.0,0,0,245.8,3,0,0.0,245.8,0.0,0,Aggressive
0.0,0.0,0.0,1,2,107.7,0,0,5,31,0,1,1,28.25,1896,0.0,49,48,1515,0,2524.0,0,0.0,0,0,2222.0,4,0,0.6875,4746.0,0.0,7,Aggressive
0.0,0.0,0.0,1,2,148.7,0,0,1,31,0,1,1,9.93,1844,0.0,30,29,1499,1,0.0,0,0.0,0,0,234.7,3,0,0.3103,234.7,0.0,3,Aggressive
0.0,0.0,0.0,0,1,253.4,2,0,1,60,0,0,0,0.0,1378,0.0,29,29,1522,0,0.0,0,0.0,0,0,2498.0,5,0,0.5,2498.0,0.0,2,Survivalist
0.0,0.0,0.0,0,1,200.0,1,0,0,19,0,2,2,37.7,1920,0.0,47,45,1426,0,0.0,0,0.0,1,0,314.3,4,0,0.3043,314.3,0.0,1,Aggressive
0.0,0.0,0.0,0,2,920.6,7,2,6,3,1000,7,2,50.86,1352,0.0,25,21,0,2,1185.0,0,0.0,0,0,2403.0,6,1500,0.7083,3588.0,0.2857142857142857,8,Aggressive
0.0,0.0,0.0,1,0,156.4,1,1,0,27,1000,1,1,50.15,1288,0.0,31,31,0,0,0.0,0,0.0,0,0,2233.0,5,1500,0.6667,2233.0,1.0,0,Aggressive
0.0,0.0,0.0,0,0,83.72,0,0,0,78,1206,0,0,0.0,1965,0.0,95,93,0,0,0.0,0,0.0,0,0,154.6,2,1477,0.1702,154.6,0.0,0,Survivalist
0.0,0.0,0.0,0,0,109.5,0,0,0,62,0,0,0,0.0,1397,0.0,28,27,1405,0,0.0,0,0.0,0,0,600.2,2,0,0.4074,600.2,0.0,0,Survivalist
0.0,0.0,0.0,0,0,0.0,0,0,0,93,0,0,0,0.0,1397,0.0,49,45,1508,0,0.0,0,0.0,0,0,0.0,0,0,0.0,0.0,0.0,0,Survivalist
0.0,0.0,0.0,0,0,0.0,0,0,0,73,0,0,0,0.0,1331,0.0,49,49,1490,0,0.0,0,0.0,0,0,0.0,3,0,0.0,0.0,0.0,0,Survivalist
0.0,0.0,0.0,0,5,250.9,2,0,0,31,1185,1,1,154.1,1854,0.0,27,26,0,1,0.0,0,0.0,1,0,2152.0,9,1490,0.4615,2152.0,0.0,5,Aggressive
0.0,0.0,0.0,0,0,0.0,0,0,0,99,0,0,0,0.0,1433,0.0,28,27,1437,0,0.0,0,0.0,0,0,50.83,2,0,0.0,50.83,0.0,0,Survivalist
0.0,0.0,0.0,0,0,0.0,0,0,0,86,0,0,0,0.0,1870,0.0,96,93,1512,0,0.0,0,0.0,0,0,63.37,0,0,0.1158,63.37,0.0,0,Survivalist
0.0,0.0,0.0,0,0,100.0,1,0,0,39,0,1,1,14.66,1761,0.0,28,27,1478,0,0.0,0,0.0,0,0,148.4,2,0,0.1111,148.4,0.0,0,Aggressive
0.0,0.0,0.0,0,1,133.5,0,0,4,53,0,0,0,0.0,1812,0.0,28,28,1500,0,0.0,0,0.0,0,0,2552.0,5,0,0.6667,2552.0,0.0,5,Survivalist
0.0,0.0,0.0,0,1,0.0,0,0,0,60,0,0,0,0.0,1815,0.0,28,27,1483,0,790.7,0,50.39,0,0,4037.0,5,0,0.4444,4878.09,0.0,1,Survivalist
0.0,0.0,0.0,0,1,60.63,0,0,1,53,0,0,0,0.0,1878,0.0,25,24,1463,0,233.6,0,0.0,0,0,2804.0,2,0,0.6667,3037.6,0.0,2,Survivalist
0.0,0.0,0.0,0,0,0.0,2,0,0,79,1000,0,0,0.0,1372,0.0,27,27,0,0,0.0,0,0.0,0,0,0.0,1,1500,0.0,0.0,0.0,0,Survivalist
0.0,0.0,0.0,0,1,72.32,0,0,0,48,0,0,0,0.0,1797,0.0,46,46,1501,0,878.5,0,0.0,0,0,2164.0,8,0,0.6889,3042.5,0.0,1,Survivalist
0.0,0.0,0.0,1,0,0.0,1,0,0,22,0,1,1,17.05,1358,0.0,24,21,1509,1,0.0,0,0.0,0,0,363.6,2,0,0.7391,363.6,0.0,0,Aggressive
0.0,0.0,0.0,0,6,289.0,1,0,2,41,0,0,0,0.0,1764,0.0,30,29,1416,1,3431.0,0,0.0,0,1,1917.0,6,0,0.9655,5348.0,0.0,8,Survivalist
0.0,0.0,0.0,0,0,4.84,0,1,0,39,1348,1,1,25.8,1429,0.0,29,28,0,0,0.0,0,0.0,0,0,515.1,5,1465,0.3214,515.1,1.0,0,Aggressive
0.0,0.0,0.0,0,0,55.56,0,0,0,69,0,0,0,0.0,1367,0.0,27,26,1380,0,0.0,0,0.0,0,0,222.6,2,0,0.2308,222.6,0.0,0,Survivalist
0.0,0.0,0.0,1,1,300.0,2,1,3,12,1444,3,1,28.33,1845,0.0,28,26,0,0,0.0,0,0.0,0,0,143.3,1,1401,0.1111,143.3,0.3333333333333333,4,Aggressive
0.0,0.0,0.0,0,6,114.0,1,0,8,17,0,2,1,57.17,1385,0.0,48,47,1576,0,0.0,0,17.78,0,0,3466.0,4,0,0.8723,3483.78,0.0,14,Aggressive
0.0,0.0,0.0,0,0,170.3,0,0,0,47,1569,1,1,4.348,1447,0.0,100,98,0,0,0.0,0,0.0,0,0,11.46,1,1374,0.0,11.46,0.0,0,Aggressive
0.0,0.0,0.0,0,0,77.88,0,0,1,58,0,0,0,0.0,1378,0.0,25,24,1437,0,0.0,0,0.0,0,0,191.1,3,0,0.375,191.1,0.0,1,Survivalist
0.0,0.0,0.0,1,7,1109.0,9,2,4,2,1798,7,2,150.7,1296,0.0,29,29,0,0,0.0,0,0.0,0,0,2329.0,6,1596,0.9286,2329.0,0.2857142857142857,11,Aggressive
0.0,0.0,0.0,0,0,171.9,0,0,0,26,0,1,1,15.62,1373,0.0,98,97,1605,0,0.0,0,0.0,0,0,1758.0,6,0,0.8763,1758.0,0.0,0,Aggressive
0.0,0.0,0.0,0,0,0.0,0,0,0,67,1626,0,0,0.0,1880,0.0,46,44,0,0,0.0,0,0.0,0,0,197.6,3,1615,0.3333,197.6,0.0,0,Survivalist
0.0,0.0,0.0,0,5,0.0,7,10,5,2,0,9,2,87.72,1369,0.0,30,30,1399,2,0.0,0,0.0,0,0,4001.0,3,0,0.0,4001.0,1.1111111111111112,10,Aggressive
0.0,0.0,0.0,1,0,123.2,2,2,1,32,0,1,1,9.893,1278,0.0,30,30,1450,0,0.0,0,0.0,0,0,223.9,4,0,0.3103,223.9,2.0,1,Aggressive
0.0,0.0,0.0,0,2,83.42,0,0,13,49,1394,0,0,0.0,1357,0.0,29,29,0,0,1079.0,0,0.0,0,0,1970.0,2,1458,0.6786,3049.0,0.0,15,Survivalist
0.0,0.0,0.0,0,0,0.0,0,0,0,74,1107,0,0,0.0,1316,0.0,27,25,0,0,0.0,0,0.0,0,0,0.0,2,1483,0.0,0.0,0.0,0,Survivalist
0.0,0.0,0.0,0,0,47.3,0,0,0,87,0,0,0,0.0,1801,0.0,96,94,1502,0,0.0,0,0.0,0,0,104.7,1,0,0.0947,104.7,0.0,0,Survivalist
0.0,0.0,0.0,0,0,188.8,1,0,2,72,0,0,0,0.0,1340,0.0,47,44,1503,0,0.0,0,0.0,0,0,303.1,2,0,0.2174,303.1,0.0,2,Survivalist
0.0,0.0,0.0,2,3,308.5,0,0,1,22,0,1,1,107.2,1359,0.0,49,46,1468,0,338.3,0,0.0,0,0,3123.0,7,0,0.9792,3461.3,0.0,4,Aggressive
0.0,0.0,0.0,0,0,0.0,0,0,0,84,0,0,0,0.0,1450,0.0,49,48,1450,0,0.0,0,0.0,0,0,177.8,3,0,0.1458,177.8,0.0,0,Survivalist
0.0,0.0,0.0,1,0,175.0,1,0,0,19,1300,2,2,11.69,1874,0.0,27,27,0,0,0.0,0,0.0,0,0,128.3,2,1359,0.1923,128.3,0.0,0,Aggressive
0.0,0.0,0.0,0,1,157.4,0,0,0,27,1250,1,1,8.875,1367,0.0,95,94,0,0,0.0,0,0.0,0,0,465.6,4,1535,0.6277,465.6,0.0,1,Aggressive
0.0,0.0,0.0,0,2,166.6,0,0,1,27,1446,1,1,3.771,1396,0.0,48,47,0,0,0.0,0,0.0,0,0,3226.0,5,1539,0.0,3226.0,0.0,3,Aggressive
0.0,0.0,0.0,2,4,647.1,2,1,4,6,0,4,2,27.42,1404,0.0,48,45,1529,0,0.0,0,0.0,0,0,2407.0,5,0,0.9362,2407.0,0.25,8,Aggressive
0.0,0.0,0.0,1,1,21.66,0,0,10,62,0,0,0,0.0,1884,0.0,27,27,1540,0,3063.0,0,0.0,0,0,1732.0,6,0,0.5,4795.0,0.0,11,Survivalist
0.0,0.0,0.0,0,0,0.0,2,0,0,33,0,1,1,5.159,1364,0.0,30,29,1461,0,0.0,0,0.0,0,0,117.6,3,0,0.1034,117.6,0.0,0,Aggressive
0.0,0.0,0.0,0,0,100.0,1,0,0,35,0,1,1,9.829,1899,0.0,49,47,1500,0,0.0,0,0.0,0,0,183.1,1,0,0.125,183.1,0.0,0,Aggressive
0.0,0.0,0.0,0,0,0.0,0,0,0,73,0,0,0,0.0,1373,0.0,96,94,1509,0,0.0,0,0.0,0,0,102.1,2,0,0.2632,102.1,0.0,0,Survivalist
0.0,0.0,0.0,1,2,100.0,5,1,2,27,0,1,1,84.59,1331,0.0,30,27,1460,2,217.3,0,0.0,2,0,1252.0,2,0,0.4828,1469.3,1.0,4,Aggressive
0.0,0.0,0.0,0,1,0.0,0,0,0,25,0,1,1,109.6,1798,0.0,97,92,1676,0,3472.0,0,662.2,0,0,0.0,5,0,0.0,4134.2,0.0,1,Aggressive
0.0,0.0,0.0,0,1,0.0,0,0,1,49,1237,0,0,0.0,1414,0.0,29,28,0,0,0.0,0,0.0,0,0,886.0,6,1504,0.5357,886.0,0.0,2,Survivalist
0.0,0.0,0.0,0,0,0.0,0,0,0,75,0,0,0,0.0,1473,0.0,26,24,1519,0,0.0,0,0.0,0,0,175.5,1,0,0.16,175.5,0.0,0,Survivalist
0.0,0.0,0.0,0,0,223.4,2,1,0,35,0,1,1,12.69,1371,0.0,31,31,1461,0,0.0,0,0.0,0,0,860.1,4,0,0.4333,860.1,1.0,0,Aggressive
0.0,0.0,0.0,0,0,156.3,0,0,0,67,0,0,0,0.0,1892,0.0,29,27,1500,0,4215.0,0,0.0,0,0,1654.0,4,0,0.4286,5869.0,0.0,0,Survivalist
0.0,0.0,0.0,0,2,0.0,0,2,1,3,0,7,1,106.0,1922,0.0,96,93,1480,0,2360.0,0,0.0,0,0,0.0,5,0,0.0,2360.0,0.2857142857142857,3,Aggressive
0.0,0.0,0.0,0,0,0.0,0,0,0,87,0,0,0,0.0,1379,0.0,28,25,1465,0,0.0,0,0.0,0,0,24.95,1,0,0.037,24.95,0.0,0,Survivalist
0.0,0.0,0.0,0,3,93.44,0,0,11,43,0,0,0,0.0,1891,0.0,28,27,1415,0,0.0089,0,271.1,0,0,3900.0,4,0,0.8519,4171.1089,0.0,14,Survivalist
0.0,0.0,0.0,0,0,0.0,0,0,0,69,0,0,0,0.0,1768,0.0,47,45,1463,0,0.0,0,0.0,0,0,67.39,3,0,0.2174,67.39,0.0,0,Survivalist
0.0,0.0,0.0,0,2,84.43,0,0,2,35,1161,1,1,1.95,1968,0.0,98,96,0,0,0.0,0,0.0,0,0,928.4,4,1520,0.4433,928.4,0.0,4,Aggressive
0.0,0.0,0.0,1,1,278.5,1,1,7,6,0,4,2,35.83,1353,0.0,49,49,1489,1,0.0,0,0.0,0,0,2930.0,3,0,0.8958,2930.0,0.25,8,Aggressive
0.0,0.0,0.0,0,0,69.09,0,0,0,65,0,0,0,0.0,1327,0.0,26,25,1499,0,0.0,0,0.0,0,0,277.2,4,0,0.32,277.2,0.0,0,Survivalist
0.0,0.0,0.0,3,7,768.7,4,1,14,3,1393,5,2,68.85,1890,0.0,26,25,0,5,870.6,0,0.0,0,0,1611.0,14,1460,0.72,2481.6,0.2,21,Aggressive
0.0,0.0,0.0,0,2,33.1,0,0,0,59,1021,0,0,0.0,1761,0.0,42,39,0,0,257.2,0,0.0,0,0,687.1,3,1504,0.3659,944.3,0.0,2,Survivalist
0.0,0.0,0.0,0,0,0.0,0,0,0,75,1127,0,0,0.0,1322,0.0,26,25,0,0,0.0,0,0.0,0,0,185.3,2,1490,0.0,185.3,0.0,0,Survivalist
0.0,0.0,0.0,1,7,730.9,5,3,6,2,0,6,2,93.21,1891,0.0,30,30,1499,1,222.5,0,0.0,0,1,3193.0,3,0,0.7586,3415.5,0.5,13,Aggressive
0.0,0.0,0.0,0,0,0.0,0,0,0,96,0,0,0,0.0,1848,0.0,29,28,1324,0,0.0,0,0.0,0,0,58.41,2,0,0.0357,58.41,0.0,0,Survivalist
0.0,0.0,0.0,0,0,100.0,0,1,0,42,0,1,1,4.684,1405,0.0,97,96,1648,0,0.0,0,0.0,0,0,12.6,2,0,0.0312,12.6,1.0,0,Aggressive
0.0,0.0,0.0,0,0,0.0,1,0,0,36,1580,1,1,20.21,1445,0.0,30,27,0,0,0.0,0,0.0,0,0,0.0,1,1611,0.0,0.0,0.0,0,Aggressive
0.0,0.0,0.0,0,2,105.4,0,0,4,27,0,1,1,6.609,1183,0.0,47,43,1420,0,599.4,0,0.0,0,0,1253.0,7,0,0.8696,1852.4,0.0,6,Aggressive
0.0,0.0,0.0,1,0,100.0,1,0,1,59,0,0,0,0.0,1333,0.0,48,46,1548,0,0.0,0,0.0,0,0,331.0,3,0,0.4681,331.0,0.0,1,Survivalist
0.0,0.0,0.0,1,3,93.23,0,0,0,44,0,0,0,0.0,1420,0.0,48,46,1474,0,0.0,0,15.89,0,0,2087.0,3,0,0.8298,2102.89,0.0,3,Survivalist
0.0,0.0,0.0,0,0,0.0,0,0,0,81,0,0,0,0.0,1926,0.0,96,93,1675,0,0.0,0,0.0,0,0,0.505,0,0,0.1684,0.505,0.0,0,Survivalist
0.0,0.0,0.0,1,4,1251.0,9,4,5,1,1455,11,3,252.4,1310,0.0,29,29,0,1,710.2,0,0.0,0,0,3107.0,3,1525,1.0,3817.2,0.36363636363636365,9,Aggressive
0.0,0.0,0.0,1,5,493.8,0,1,2,1,1120,6,1,32.24,1444,0.0,96,94,0,0,0.0,0,0.0,0,0,2247.0,4,1503,1.0,2247.0,0.16666666666666666,7,Aggressive
0.0,0.0,0.0,0,0,0.0,0,0,0,84,0,0,0,0.0,1340,0.0,95,95,1519,0,0.0,0,0.0,0,0,0.0,1,0,0.0,0.0,0.0,0,Survivalist
0.0,0.0,0.0,0,0,0.0,0,0,0,69,1000,0,0,0.0,1352,0.0,25,25,0,0,0.0,0,0.0,0,0,261.2,2,1500,0.25,261.2,0.0,0,Survivalist
13379282983514.0,0.0,0.0,0,0,103.2,0,0,0,24,1196,1,1,108.2,1455,0.0,47,46,0,0,0.0,0,0.0,0,0,861.5,4,1523,0.8478,861.5,0.0,0,Aggressive
0.0,0.0,0.0,0,0,159.8,1,1,0,16,0,2,1,88.17,1390,0.0,47,45,1489,0,0.0,0,30.44,0,0,2240.0,2,0,0.8261,2270.44,0.5,0,Aggressive
0.0,0.0,0.0,1,2,95.8,0,0,1,62,1180,0,0,0.0,1943,0.0,29,29,0,0,4420.0,0,0.0,0,0,707.0,2,1523,0.5,5127.0,0.0,3,Survivalist
0.0,0.0,0.0,0,1,97.84,0,0,0,50,1302,0,0,0.0,1362,0.0,27,27,0,0,2282.0,0,114.4,0,0,1827.0,3,1607,0.6923,4223.4,0.0,1,Survivalist
0.0,0.0,0.0,0,3,0.0,1,0,3,27,0,1,1,7.331,1966,0.0,48,48,1500,1,0.0,0,0.0,0,0,2782.0,6,0,0.0,2782.0,0.0,6,Aggressive
0.0,0.0,0.0,0,1,63.0,1,0,2,57,1429,0,0,0.0,1379,0.0,30,29,0,0,0.0,0,0.0,0,0,464.5,4,1599,0.4828,464.5,0.0,3,Survivalist
0.0,0.0,0.0,2,4,251.4,0,0,4,22,0,1,1,5.509,1893,0.0,47,46,1489,0,6313.0,0,0.0,0,0,1542.0,6,0,0.9783,7855.0,0.0,8,Aggressive
0.0,0.0,0.0,0,0,0.0,0,0,0,81,0,0,0,0.0,1274,0.0,30,29,1376,0,0.0,0,0.0,0,0,42.79,1,0,0.1034,42.79,0.0,0,Survivalist
0.0,0.0,0.0,0,0,0.0,0,0,0,64,1077,0,0,0.0,1362,0.0,49,47,0,0,0.0,0,0.0,0,0,768.7,4,1511,0.4375,768.7,0.0,0,Survivalist
0.0,0.0,0.0,0,0,0.0,0,0,0,90,0,0,0,0.0,1865,0.0,31,28,1490,0,0.0,0,0.0,0,0,59.03,1,0,0.0667,59.03,0.0,0,Survivalist
0.0,0.0,0.0,0,0,0.0,0,0,0,85,0,0,0,0.0,1897,0.0,48,45,1476,0,0.0,0,0.0,0,0,110.8,2,0,0.0851,110.8,0.0,0,Survivalist
0.0,0.0,0.0,0,0,0.0,0,0,0,70,1258,0,0,0.0,1377,0.0,50,48,0,0,0.0,0,0.0,0,0,95.94,0,1543,0.3469,95.94,0.0,0,Survivalist
0.0,0.0,0.0,0,0,0.0,0,0,0,52,0,0,0,0.0,1761,0.0,30,30,1477,0,2826.0,0,207.8,0,0,3863.0,4,0,0.0,6896.8,0.0,0,Survivalist
0.0,0.0,0.0,0,0,0.0,0,0,0,81,0,0,0,0.0,1830,0.0,49,45,1477,0,0.0,0,0.0,0,0,45.03,2,0,0.1667,45.03,0.0,0,Survivalist
0.0,0.0,0.0,0,0,130.4,0,0,1,69,0,0,0,0.0,2017,0.0,48,45,1491,0,0.0,0,0.0,0,0,100.1,2,0,0.2766,100.1,0.0,1,Survivalist
0.0,0.0,0.0,0,0,0.0,0,0,0,73,0,0,0,0.0,1855,0.0,28,27,1117,0,0.0,0,0.0,0,0,191.7,6,0,0.1111,191.7,0.0,0,Survivalist
0.0,0.0,0.0,1,0,200.0,2,0,5,32,0,1,1,1.604,1820,0.0,29,29,1380,1,0.0,0,0.0,0,0,224.7,1,0,0.2143,224.7,0.0,5,Aggressive
0.0,0.0,0.0,0,0,70.08,0,0,0,24,0,1,1,34.7,1425,0.0,28,28,1490,0,861.7,0,0.0,0,0,3093.0,5,0,0.8889,3954.7,0.0,0,Aggressive
0.0,0.0,0.0,0,0,49.0,0,0,0,66,0,0,0,0.0,1405,0.0,26,25,1491,0,0.0,0,0.0,0,0,129.0,1,0,0.44,129.0,0.0,0,Survivalist
0.0,0.0,0.0,0,0,0.0,0,0,0,76,0,0,0,0.0,1348,0.0,47,46,1448,0,0.0,0,0.0,0,0,46.4,1,0,0.1957,46.4,0.0,0,Survivalist
0.0,0.0,0.0,0,2,0.0,2,0,0,34,1481,1,1,11.86,1399,0.0,29,27,0,0,0.0,0,0.0,0,0,0.0,4,1491,0.0,0.0,0.0,2,Aggressive
0.0,0.0,0.0,0,1,231.3,0,0,0,63,1520,0,0,0.0,1770,0.0,50,45,0,0,0.0,0,0.0,0,0,558.1,2,1556,0.3673,558.1,0.0,1,Survivalist
0.0,0.0,0.0,1,0,55.65,0,2,0,33,0,1,1,19.34,1771,0.0,29,24,1493,0,1628.0,0,0.0,0,0,1033.0,3,0,0.25,2661.0,2.0,0,Aggressive
0.0,0.0,0.0,1,2,181.2,1,2,0,29,0,1,1,31.42,1314,0.0,47,45,1509,0,0.0,0,0.0,0,0,1887.0,3,0,0.6957,1887.0,2.0,2,Aggressive
0.0,0.0,0.0,0,0,200.0,1,0,0,21,0,2,1,14.07,1370,0.0,30,30,1478,0,0.0,0,0.0,0,0,176.6,1,0,0.2414,176.6,0.0,0,Aggressive
0.0,0.0,0.0,0,0,22.48,0,0,0,74,1332,0,0,0.0,1786,0.0,47,44,0,0,0.0,0,0.0,0,0,219.3,3,1524,0.2174,219.3,0.0,0,Survivalist
0.0,0.0,0.0,0,0,0.0,0,0,0,92,1376,0,0,0.0,1409,0.0,28,28,0,0,0.0,0,0.0,0,0,11.41,2,1491,0.037,11.41,0.0,0,Survivalist
0.0,0.0,0.0,0,1,0.0,0,0,2,44,0,0,0,0.0,1405,0.0,94,94,1574,0,0.0,0,0.0,0,0,2003.0,7,0,0.9785,2003.0,0.0,3,Survivalist
0.0,0.0,0.0,0,6,641.8,4,1,11,2,1381,6,2,76.28,1469,0.0,49,49,0,2,0.0,0,0.0,0,0,2568.0,7,1486,1.0,2568.0,0.16666666666666666,17,Aggressive
0.0,0.0,0.0,0,1,0.0,0,0,7,43,1193,0,0,0.0,1353,0.0,50,48,0,0,0.0,0,0.0,0,0,841.9,8,1457,0.898,841.9,0.0,8,Survivalist
0.0,0.0,0.0,0,2,86.73,0,0,0,53,0,0,0,0.0,1925,0.0,97,89,1492,0,3311.0,0,0.0,0,0,1203.0,6,0,0.6042,4514.0,0.0,2,Survivalist
0.0,0.0,0.0,2,4,138.4,0,0,8,29,0,0,0,0.0,1395,0.0,27,27,1421,0,507.3,0,0.0,0,0,3326.0,8,0,0.9615,3833.3,0.0,12,Survivalist
0.0,0.0,0.0,0,0,0.0,0,0,1,27,0,1,1,42.59,1380,0.0,95,94,1498,0,0.0,0,0.0,0,0,970.1,4,0,0.7979,970.1,0.0,1,Aggressive
0.0,0.0,0.0,1,2,392.1,0,1,0,7,1555,3,1,38.01,1908,0.0,30,29,0,0,3232.0,0,0.0,0,0,2097.0,4,1538,0.9655,5329.0,0.3333333333333333,2,Aggressive
0.0,0.0,0.0,0,0,215.1,1,0,0,78,0,0,0,0.0,1407,0.0,29,28,1494,0,0.0,0,0.0,0,0,116.6,2,0,0.1429,116.6,0.0,0,Survivalist
0.0,0.0,0.0,0,0,0.0,0,0,0,87,0,0,0,0.0,1751,0.0,27,27,1471,0,0.0,0,0.0,0,0,211.1,1,0,0.0769,211.1,0.0,0,Survivalist
0.0,0.0,0.0,0,1,507.2,3,0,0,4,0,5,1,126.9,1454,0.0,48,46,1506,0,0.0,0,0.0,0,0,1134.0,3,0,0.7447,1134.0,0.0,1,Aggressive
0.0,0.0,0.0,0,0,85.26,0,0,0,90,1000,0,0,0.0,1760,0.0,28,28,0,0,0.0,0,0.0,0,0,152.3,3,1500,0.0741,152.3,0.0,0,Survivalist
0.0,0.0,0.0,0,0,73.53,0,0,0,65,0,0,0,0.0,1365,0.0,49,46,1430,0,0.0,0,0.0,0,0,225.1,3,0,0.3958,225.1,0.0,0,Survivalist
0.0,0.0,0.0,1,0,253.3,0,0,0,23,1211,2,1,8.897,1460,0.0,50,49,0,0,0.0,0,0.0,0,0,32.55,1,1524,0.102,32.55,0.0,0,Aggressive
0.0,0.0,0.0,0,0,50.56,0,0,0,85,0,0,0,0.0,1838,0.0,29,24,1419,0,0.0,0,0.0,0,0,80.7,1,0,0.0357,80.7,0.0,0,Survivalist
0.0,0.0,0.0,0,1,0.0,0,0,2,21,0,1,1,6.258,1375,0.0,26,25,1436,3,0.0,0,0.0,0,0,3209.0,5,0,0.0,3209.0,0.0,3,Aggressive
0.0,0.0,0.0,0,0,0.0,0,0,0,71,0,0,0,0.0,1359,0.0,95,94,1500,0,0.0,0,0.0,0,0,149.3,3,0,0.3085,149.3,0.0,0,Survivalist
0.0,0.0,0.0,0,1,0.0,0,0,0,24,0,60,1,4.328,1307,0.0,96,92,1867,0,0.0,0,0.0,0,0,0.0,3,0,0.0,0.0,0.0,1,Aggressive
0.0,0.0,0.0,0,0,0.0,3,0,0,76,0,0,0,0.0,1944,0.0,29,29,1489,1,569.9,0,0.0,3,0,1362.0,4,0,0.3929,1931.9,0.0,0,Survivalist
0.0,0.0,0.0,0,0,100.0,0,0,0,65,1394,0,0,0.0,1758,0.0,31,30,0,0,1336.0,0,0.0,1,1,777.9,8,1550,0.3,2113.9,0.0,0,Survivalist
0.0,0.0,0.0,0,0,0.0,0,0,0,61,0,0,0,0.0,1403,0.0,96,95,1495,0,0.0,0,0.0,0,0,0.0,1,0,0.0,0.0,0.0,0,Survivalist
0.0,0.0,0.0,0,2,0.0,3,0,3,5,1698,4,2,42.89,1384,0.0,50,47,0,0,0.0,0,0.0,0,0,1546.0,2,1567,0.7347,1546.0,0.0,5,Aggressive
0.0,0.0,0.0,0,0,53.2,0,0,0,94,0,0,0,0.0,1861,0.0,28,28,1498,0,0.0,0,0.0,0,0,15.82,2,0,0.0,15.82,0.0,0,Survivalist
0.0,0.0,0.0,0,0,100.0,1,1,0,36,1129,1,1,9.367,1417,0.0,49,48,0,0,0.0,0,0.0,0,0,200.0,1,1478,0.2292,200.0,1.0,0,Aggressive
0.0,0.0,0.0,0,4,284.0,0,0,11,9,0,3,1,172.1,1909,0.0,95,92,1489,0,0.0,0,0.0,0,0,1845.0,6,0,0.9149,1845.0,0.0,15,Aggressive
0.0,0.0,0.0,0,1,61.92,0,0,0,49,0,0,0,0.0,1371,0.0,48,47,1584,0,0.0,0,0.0,0,0,1625.0,3,0,0.766,1625.0,0.0,1,Survivalist
0.0,0.0,0.0,0,0,171.1,1,0,0,93,1304,0,0,0.0,1884,0.0,47,45,0,0,0.0,0,0.0,0,0,30.15,1,1448,0.0,30.15,0.0,0,Survivalist
0.0,0.0,0.0,0,0,100.0,0,0,0,34,0,1,1,5.861,1967,0.0,94,91,1501,0,0.0,0,0.0,0,0,824.4,5,0,0.3656,824.4,0.0,0,Aggressive
0.0,0.0,0.0,0,2,323.9,1,0,2,36,0,1,1,25.34,1869,0.0,49,46,1542,0,0.0,0,0.0,0,0,749.5,1,0,0.4792,749.5,0.0,4,Aggressive
0.0,0.0,0.0,0,0,57.03,0,0,0,64,0,0,0,0.0,1876,0.0,47,46,1490,0,0.0,0,0.0,0,0,185.3,2,0,0.413,185.3,0.0,0,Survivalist
0.0,0.0,0.0,0,0,42.99,0,0,0,60,0,0,0,0.0,1567,0.0,29,27,1502,0,0.0,0,44.44,0,0,1649.0,5,0,0.6429,1693.44,0.0,0,Survivalist
0.0,0.0,0.0,0,3,23.69,0,0,1,49,1092,0,0,0.0,1296,0.0,49,48,0,0,0.0,0,0.0,0,0,2121.0,4,1512,0.7708,2121.0,0.0,4,Survivalist
0.0,0.0,0.0,0,0,0.0,0,0,0,89,1329,0,0,0.0,1288,0.0,29,29,0,0,0.0,0,0.0,0,0,0.0,0,1463,0.0,0.0,0.0,0,Survivalist
0.0,0.0,0.0,0,2,85.68,1,0,0,40,0,1,1,11.97,1793,0.0,29,29,1497,0,0.0,0,0.0,0,0,524.3,2,0,0.0714,524.3,0.0,2,Aggressive
0.0,0.0,0.0,0,0,22.8,0,0,0,80,1363,0,0,0.0,1427,0.0,96,93,0,0,0.0,0,0.0,0,0,28.38,1,1432,0.1474,28.38,0.0,0,Survivalist
0.0,0.0,0.0,1,3,200.0,1,0,1,19,1426,2,2,19.75,1367,0.0,50,50,0,0,0.0,0,0.0,0,0,491.7,3,1495,0.551,491.7,0.0,4,Aggressive
0.0,0.0,0.0,1,0,72.03,0,0,0,96,1601,0,0,0.0,1158,0.0,30,30,0,0,0.0,0,0.0,0,0,20.29,1,1536,0.0345,20.29,0.0,0,Survivalist
0.0,0.0,0.0,0,0,192.6,0,0,0,26,1293,1,1,7.935,1832,0.0,93,91,0,0,0.0,0,0.0,0,0,1169.0,3,1623,0.6957,1169.0,0.0,0,Aggressive
0.0,0.0,0.0,0,1,95.81,0,0,0,65,1171,0,0,0.0,1794,0.0,29,29,0,0,2122.0,0,0.0,0,0,2659.0,9,1446,0.4286,4781.0,0.0,1,Survivalist
0.0,0.0,0.0,0,1,0.0,0,0,1,50,1025,0,0,0.0,1395,0.0,48,48,0,0,0.0,0,0.0,0,0,610.8,7,1398,0.6596,610.8,0.0,2,Survivalist
0.0,0.0,0.0,0,0,0.0,0,0,0,76,0,0,0,0.0,1908,0.0,28,26,1446,0,0.0,0,0.0,0,0,350.4,2,0,0.2593,350.4,0.0,0,Survivalist
0.0,0.0,0.0,0,4,285.4,1,1,2,16,1295,2,1,124.1,1788,0.0,27,27,0,0,4670.0,0,0.0,0,0,2389.0,8,1512,0.6923,7059.0,0.5,6,Aggressive
0.0,0.0,0.0,0,0,81.57,0,0,0,94,1449,0,0,0.0,1396,0.0,49,47,0,0,0.0,0,0.0,0,0,9.597,1,1470,0.0,9.597,0.0,0,Survivalist
0.0,0.0,0.0,3,3,0.0,1,0,7,22,0,1,1,36.71,1792,0.0,28,25,1478,0,1398.0,0,0.0,0,0,0.0,4,0,0.0,1398.0,0.0,10,Aggressive
0.0,0.0,0.0,0,0,31.49,0,0,0,76,0,0,0,0.0,1895,0.0,29,28,1505,0,0.0,0,0.0,0,0,264.8,2,0,0.2143,264.8,0.0,0,Survivalist
0.0,0.0,0.0,0,1,13.99,0,0,1,57,1013,0,0,0.0,1415,0.0,49,49,0,0,336.4,0,0.0,0,0,830.3,5,1504,0.6042,1166.6999999999998,0.0,2,Survivalist
0.0,0.0,0.0,0,0,0.0,0,0,0,48,1172,0,0,0.0,1294,0.0,48,47,0,0,0.0,0,0.0,0,0,199.2,2,1520,0.8936,199.2,0.0,0,Survivalist
0.0,0.0,0.0,0,5,0.0,0,0,6,47,0,0,0,0.0,1961,0.0,95,93,1507,0,0.0,0,0.0,0,0,4780.0,3,0,0.8723,4780.0,0.0,11,Survivalist
0.0,0.0,0.0,0,0,0.0,0,0,0,67,0,0,0,0.0,1407,0.0,49,48,1547,0,406.4,0,0.0,0,0,692.8,6,0,0.4375,1099.1999999999998,0.0,0,Survivalist
0.0,0.0,0.0,0,0,0.0,0,0,0,83,0,0,0,0.0,1948,0.0,25,25,1475,0,0.0,0,0.0,0,0,69.38,0,0,0.0417,69.38,0.0,0,Survivalist
0.0,0.0,0.0,1,5,364.5,0,4,5,7,0,3,1,18.52,1882,0.0,94,90,1497,0,296.8,0,0.0,0,0,3934.0,6,0,0.9355,4230.8,1.3333333333333333,10,Aggressive
0.0,0.0,0.0,0,0,0.0,0,0,0,82,0,0,0,0.0,2002,0.0,99,94,1506,0,0.0,0,0.0,0,0,0.0,0,0,0.1939,0.0,0.0,0,Survivalist
0.0,0.0,0.0,0,2,312.7,3,1,0,8,0,3,2,54.49,1312,0.0,24,24,2103,2,0.0,0,63.33,0,0,2065.0,3,0,1.0,2128.33,0.3333333333333333,2,Aggressive
0.0,0.0,0.0,0,0,0.0,0,0,0,75,1055,0,0,0.0,1882,0.0,29,29,0,0,0.0,0,0.0,0,0,4.915,0,1484,0.3214,4.915,0.0,0,Survivalist
0.0,0.0,0.0,0,2,0.0,0,0,7,50,0,0,0,0.0,1357,0.0,30,29,1426,1,197.6,0,0.0,0,0,2550.0,5,0,0.8276,2747.6,0.0,9,Survivalist
0.0,0.0,0.0,0,3,300.0,0,1,4,11,0,3,1,69.46,1947,0.0,98,96,1539,0,6494.0,0,0.0,0,0,1622.0,3,0,0.866,8116.0,0.3333333333333333,7,Aggressive
0.0,0.0,0.0,0,0,36.73,0,0,0,76,1142,0,0,0.0,1882,0.0,28,27,0,0,0.0,0,0.0,0,0,306.0,2,1503,0.1481,306.0,0.0,0,Survivalist
0.0,0.0,0.0,0,0,0.0,0,0,0,68,0,0,0,0.0,1432,0.0,27,26,1507,0,0.0,0,0.0,0,0,559.5,2,0,0.2692,559.5,0.0,0,Survivalist
0.0,0.0,0.0,0,0,0.0,0,0,0,97,1322,0,0,0.0,1849,0.0,97,96,0,0,0.0,0,0.0,0,0,0.0,0,1477,0.0,0.0,0.0,0,Survivalist
0.0,0.0,0.0,0,1,100.0,0,0,1,44,0,1,1,22.71,1389,0.0,49,49,1500,0,0.0,0,0.0,0,0,208.1,2,0,0.2292,208.1,0.0,2,Aggressive
0.0,0.0,0.0,0,0,0.0,0,0,0,94,0,0,0,0.0,1425,0.0,49,47,1494,0,0.0,0,0.0,0,0,1.873,0,0,0.0208,1.873,0.0,0,Survivalist
0.0,0.0,0.0,0,1,31.88,0,0,0,55,1002,0,0,0.0,1778,0.0,27,25,0,0,0.0,0,0.0,0,0,299.1,2,1499,0.6154,299.1,0.0,1,Survivalist
0.0,0.0,0.0,1,0,509.6,2,2,1,8,0,4,2,85.79,1452,0.0,48,47,1503,0,0.0,0,0.0,0,0,1323.0,3,0,0.4894,1323.0,0.5,1,Aggressive
0.0,0.0,0.0,0,0,0.0,0,0,0,98,0,0,0,0.0,1378,0.0,29,29,1385,0,0.0,0,0.0,0,0,10.38,2,0,0.0,10.38,0.0,0,Survivalist
0.0,0.0,0.0,0,0,38.09,0,0,0,77,0,0,0,0.0,2111,0.0,95,92,1500,0,0.0,0,0.0,0,0,130.6,1,0,0.266,130.6,0.0,0,Survivalist
0.0,0.0,0.0,0,0,380.2,3,1,0,7,0,4,2,20.7,1273,0.0,27,27,1483,0,0.0,0,0.0,0,0,216.1,4,0,0.2308,216.1,0.25,0,Aggressive
0.0,0.0,0.0,1,1,180.1,0,1,0,37,0,1,1,24.23,1294,0.0,27,27,1497,0,0.0,0,0.0,0,0,428.5,2,0,0.3077,428.5,1.0,1,Aggressive
0.0,0.0,0.0,0,6,75.0,0,1,1,24,0,1,1,128.3,1871,0.0,96,91,1833,0,3242.0,0,0.0,0,0,1295.0,4,0,0.8947,4537.0,1.0,7,Aggressive
0.0,0.0,0.0,0,0,0.0,0,0,0,81,1000,0,0,0.0,1750,0.0,49,48,0,0,0.0,0,0.0,0,0,75.0,0,1500,0.2083,75.0,0.0,0,Survivalist
0.0,0.0,0.0,0,1,94.24,1,0,1,82,0,0,0,0.0,1324,0.0,28,28,1469,0,0.0,0,0.0,0,0,214.3,3,0,0.1481,214.3,0.0,2,Survivalist
0.0,0.0,0.0,0,0,49.95,0,0,0,68,0,0,0,0.0,2000,0.0,92,89,1500,0,0.0,0,0.0,0,0,306.8,3,0,0.3187,306.8,0.0,0,Survivalist
0.0,0.0,0.0,0,0,197.5,2,0,1,61,1244,0,0,0.0,1324,0.0,48,47,0,1,245.5,0,0.0,2,1,588.8,3,1480,0.4894,834.3,0.0,1,Survivalist
0.0,0.0,0.0,0,0,0.0,0,0,0,89,0,0,0,0.0,1781,0.0,49,47,1490,0,0.0,0,0.0,0,0,36.71,1,0,0.0833,36.71,0.0,0,Survivalist
0.0,0.0,0.0,0,3,144.3,0,1,4,24,1390,1,1,122.0,1800,0.0,49,47,0,1,8782.0,0,0.0,0,0,1545.0,3,1581,0.7708,10327.0,1.0,7,Aggressive
0.0,0.0,0.0,0,0,51.23,0,0,0,92,0,0,0,0.0,1882,0.0,27,27,1421,0,0.0,0,0.0,0,0,68.02,2,0,0.0,68.02,0.0,0,Survivalist
0.0,0.0,0.0,0,3,0.0,0,0,1,38,0,0,0,0.0,1784,0.0,28,26,1434,0,5464.0,0,25.89,0,0,2510.0,3,0,0.9259,7999.89,0.0,4,Survivalist
0.0,0.0,0.0,0,1,0.0,0,0,1,65,0,0,0,0.0,1861,0.0,28,28,1463,0,2532.0,0,0.0,0,0,1557.0,4,0,0.4444,4089.0,0.0,2,Survivalist
0.0,0.0,0.0,0,0,14.21,0,0,5,44,1176,0,0,0.0,1850,0.0,92,89,0,0,4221.0,0,0.0,0,0,2925.0,4,1526,0.7582,7146.0,0.0,5,Survivalist
0.0,0.0,0.0,0,0,271.9,2,0,0,70,1020,0,0,0.0,1787,0.0,30,30,0,0,0.0,0,0.0,0,0,848.2,1,1510,0.3793,848.2,0.0,0,Survivalist
0.0,0.0,0.0,1,6,254.7,1,0,9,15,0,2,1,41.8,1325,0.0,28,27,1462,0,0.0,0,0.0,0,0,3720.0,7,0,0.9259,3720.0,0.0,15,Aggressive
0.0,0.0,0.0,0,1,81.62,1,0,1,67,0,0,0,0.0,2185,0.0,29,27,1500,0,0.0,0,0.0,0,0,1394.0,7,0,0.2857,1394.0,0.0,2,Survivalist
0.0,0.0,0.0,0,0,40.0,0,0,0,99,0,0,0,0.0,1372,0.0,28,28,1480,0,0.0,0,0.0,0,0,26.26,1,0,0.0,26.26,0.0,0,Survivalist
0.0,0.0,0.0,2,7,0.0,1,3,17,5,0,60,1,93.38,1784,0.0,47,45,1538,0,5896.0,0,0.0,0,0,0.0,8,0,0.0,5896.0,0.05,24,Aggressive
0.0,0.0,0.0,0,0,71.37,0,0,0,65,0,0,0,0.0,1773,0.0,29,26,1669,0,3154.0,0,0.0,0,0,378.2,3,0,0.4286,3532.2,0.0,0,Survivalist
0.0,0.0,0.0,0,0,206.3,0,2,0,20,1183,2,1,25.57,1793,0.0,92,92,0,0,0.0,0,0.0,0,0,833.7,4,1419,0.0,833.7,1.0,0,Aggressive
0.0,0.0,0.0,0,0,22.05,0,0,0,48,0,0,0,0.0,1292,0.0,30,28,1500,1,0.0,0,0.0,0,0,769.9,6,0,0.5862,769.9,0.0,0,Survivalist
0.0,0.0,0.0,0,2,58.3,1,0,14,23,0,1,1,39.43,1813,0.0,28,28,1423,4,3225.0,0,0.0,0,0,3048.0,4,0,0.8519,6273.0,0.0,16,Aggressive
0.0,0.0,0.0,0,0,200.0,0,3,1,21,1133,2,1,6.932,1492,0.0,50,50,0,0,0.0,0,0.0,0,0,114.4,2,1501,0.2653,114.4,1.5,1,Aggressive
0.0,0.0,0.0,0,1,51.18,0,1,1,32,0,1,1,13.58,1325,0.0,95,94,1523,0,0.0,0,0.0,0,0,320.9,6,0,0.5532,320.9,1.0,2,Aggressive
0.0,0.0,0.0,0,0,0.0,0,0,0,86,0,0,0,0.0,1375,0.0,30,30,1444,0,0.0,0,0.0,0,0,21.21,1,0,0.1034,21.21,0.0,0,Survivalist
0.0,0.0,0.0,0,4,200.0,0,2,0,17,0,2,2,102.6,1402,0.0,96,96,1631,0,1010.0,0,0.0,0,0,835.5,4,0,0.7895,1845.5,1.0,4,Aggressive
0.0,0.0,0.0,0,2,55.34,1,0,0,62,0,0,0,0.0,1742,0.0,49,47,1466,0,0.0,0,0.0,0,0,2262.0,5,0,0.625,2262.0,0.0,2,Survivalist
0.0,0.0,0.0,0,0,0.0,0,0,0,79,0,0,0,0.0,1443,0.0,50,48,1460,0,0.0,0,0.0,0,0,40.73,0,0,0.2857,40.73,0.0,0,Survivalist
0.0,0.0,0.0,0,0,242.9,0,0,1,21,0,2,1,15.54,1411,0.0,93,93,1520,0,0.0,0,0.0,0,0,8.92,1,0,0.1739,8.92,0.0,1,Aggressive
0.0,0.0,0.0,0,0,77.4,0,0,0,77,1040,0,0,0.0,1880,0.0,27,26,0,0,0.0,0,0.0,0,0,302.7,4,1489,0.1538,302.7,0.0,0,Survivalist
0.0,0.0,0.0,0,0,66.3,0,0,0,84,0,0,0,0.0,1955,0.0,100,90,1500,0,0.0,0,0.0,0,0,94.54,1,0,0.1515,94.54,0.0,0,Survivalist
0.0,0.0,0.0,1,4,0.0,0,1,4,25,1520,1,1,210.7,1348,0.0,27,27,0,1,0.0,0,0.0,0,0,3727.0,4,1602,0.0,3727.0,1.0,8,Aggressive
0.0,0.0,0.0,1,0,0.0,0,0,3,44,0,0,0,0.0,1818,0.0,25,24,1434,0,4347.0,0,0.0,0,0,0.0,4,0,0.0,4347.0,0.0,3,Survivalist
0.0,0.0,0.0,0,0,0.0,1,0,0,34,0,1,1,17.5,1826,0.0,48,43,1486,0,0.0,0,0.0,0,0,75.6,1,0,0.0851,75.6,0.0,0,Aggressive
0.0,0.0,0.0,0,0,65.7,1,0,0,30,0,1,1,6.403,1729,0.0,29,29,1459,0,0.0,0,0.0,0,0,376.4,2,0,0.25,376.4,0.0,0,Aggressive
0.0,0.0,0.0,0,0,38.28,0,0,1,46,1393,0,0,0.0,1934,0.0,29,29,0,0,4387.0,0,0.0,0,0,1566.0,6,1530,0.6071,5953.0,0.0,1,Survivalist
0.0,0.0,0.0,0,0,0.0,0,0,0,75,1002,0,0,0.0,1920,0.0,47,42,0,0,0.0,0,0.0,0,0,460.5,3,1506,0.1739,460.5,0.0,0,Survivalist
0.0,0.0,0.0,0,0,200.0,0,0,0,19,0,2,1,27.61,1420,0.0,95,90,1511,0,0.0,0,0.0,0,0,1266.0,3,0,0.6064,1266.0,0.0,0,Aggressive
0.0,0.0,0.0,1,1,114.0,1,1,5,27,1400,1,1,3.653,1401,0.0,28,27,0,0,0.0,0,0.0,0,0,351.3,2,1468,0.4815,351.3,1.0,6,Aggressive
0.0,0.0,0.0,0,0,0.0,0,0,0,61,1089,0,0,0.0,1958,0.0,98,97,0,0,0.0,0,0.0,0,0,0.0,0,1482,0.0,0.0,0.0,0,Survivalist
0.0,0.0,0.0,0,1,24.25,0,0,1,53,0,0,0,0.0,1963,0.0,47,43,1521,0,0.0,0,0.0,0,0,1284.0,4,0,0.587,1284.0,0.0,2,Survivalist
0.0,0.0,0.0,0,3,183.3,1,0,0,26,0,1,1,71.58,1983,0.0,48,42,1552,0,0.0,0,0.0,0,0,1449.0,8,0,0.8511,1449.0,0.0,3,Aggressive
0.0,0.0,0.0,0,1,0.0,4,0,2,13,0,3,2,6.756,1825,0.0,27,27,1398,1,0.0,0,0.0,0,0,633.1,3,0,0.2692,633.1,0.0,3,Aggressive
0.0,0.0,0.0,0,0,57.33,0,0,0,83,0,0,0,0.0,1842,0.0,29,27,1403,0,0.0,0,0.0,0,0,225.5,1,0,0.0,225.5,0.0,0,Survivalist
0.0,0.0,0.0,0,0,115.0,0,0,0,76,1295,0,0,0.0,1890,0.0,28,27,0,0,0.0,0,0.0,0,0,373.0,3,1525,0.2222,373.0,0.0,0,Survivalist
0.0,0.0,0.0,0,5,100.0,0,0,0,23,0,1,1,13.56,1483,0.0,96,96,1500,0,0.0,0,18.53,0,0,1897.0,5,0,0.8421,1915.53,0.0,5,Aggressive
0.0,0.0,0.0,0,1,0.0,2,0,0,55,0,0,0,0.0,1842,0.0,27,26,1500,1,3619.0,0,0.0,0,0,1304.0,4,0,0.0,4923.0,0.0,1,Survivalist
0.0,0.0,0.0,0,0,100.0,1,0,1,37,0,1,1,55.68,1203,0.0,50,49,1509,0,0.0,0,0.0,0,0,365.4,5,0,0.3673,365.4,0.0,1,Aggressive
0.0,0.0,0.0,1,1,119.7,2,0,0,21,0,2,1,31.8,1457,0.0,30,29,1454,0,0.0,0,0.0,0,0,562.3,2,0,0.4483,562.3,0.0,1,Aggressive
0.0,0.0,0.0,0,0,0.0,0,0,0,77,0,0,0,0.0,1315,0.0,94,93,1558,0,0.0,0,0.0,0,0,161.8,1,0,0.0,161.8,0.0,0,Survivalist
0.0,0.0,0.0,0,6,157.4,1,0,4,46,1309,0,0,0.0,1307,0.0,30,29,0,0,1752.0,0,62.16,0,0,1704.0,3,1448,0.8621,3518.16,0.0,10,Survivalist
0.0,0.0,0.0,0,0,0.0,0,0,0,74,0,0,0,0.0,1765,0.0,50,50,1470,0,0.0,0,0.0,0,0,201.9,2,0,0.2857,201.9,0.0,0,Survivalist
0.0,0.0,0.0,0,0,0.0,0,0,0,61,1298,0,0,0.0,1384,0.0,49,47,0,0,0.0,0,0.0,0,0,0.0,3,1416,0.0,0.0,0.0,0,Survivalist
0.0,0.0,0.0,0,9,0.0,0,2,5,4,0,5,1,80.6,1339,0.0,91,85,1500,0,0.0,0,3.192,0,0,2874.0,4,0,0.9889,2877.192,0.4,14,Aggressive
0.0,0.0,0.0,0,1,0.0,0,0,1,57,0,0,0,0.0,2052,0.0,98,96,1515,0,2217.0,0,0.0,1,0,2035.0,4,0,0.0,4252.0,0.0,2,Survivalist
0.0,0.0,0.0,1,4,0.0,6,0,7,1,1614,10,2,225.9,1320,0.0,48,45,0,3,985.2,0,0.0,0,0,2071.0,5,1616,1.0,3056.2,0.0,11,Aggressive
0.0,0.0,0.0,0,0,0.0,0,0,0,78,0,0,0,0.0,1387,0.0,46,43,1495,0,0.0,0,0.0,0,0,143.8,1,0,0.1556,143.8,0.0,0,Survivalist
0.0,0.0,22158486123087.0,0,0,33.48,0,0,0,45,1469,1,1,1.047,1894,0.0,30,27,0,0,838.1,0,0.0,0,0,12.75,0,1613,0.0345,850.85,0.0,0,Aggressive
0.0,0.0,0.0,0,0,0.0,0,0,0,74,0,0,0,0.0,1899,0.0,47,44,1524,0,0.0,0,0.0,0,0,21.66,0,0,0.2826,21.66,0.0,0,Survivalist
0.0,0.0,0.0,0,0,130.1,1,0,0,34,0,1,1,78.24,1772,0.0,28,27,1416,0,0.0,0,0.0,0,0,300.8,1,0,0.2593,300.8,0.0,0,Aggressive
0.0,0.0,0.0,0,0,79.98,0,0,0,73,0,0,0,0.0,1429,0.0,28,28,1391,0,0.0,0,0.0,0,0,125.9,4,0,0.2593,125.9,0.0,0,Survivalist
0.0,0.0,0.0,0,1,246.5,0,0,1,68,0,0,0,0.0,1390,0.0,29,28,1503,1,0.0,0,0.0,0,0,353.6,3,0,0.2857,353.6,0.0,2,Survivalist
0.0,0.0,0.0,0,1,143.6,1,0,0,70,0,0,0,0.0,1409,0.0,30,29,1474,0,0.0,0,0.0,0,0,215.3,2,0,0.2414,215.3,0.0,1,Survivalist
0.0,0.0,0.0,0,2,20.05,0,0,6,50,0,0,0,0.0,1936,0.0,27,25,1421,0,0.0,0,0.0,0,0,4017.0,3,0,0.8462,4017.0,0.0,8,Survivalist
0.0,0.0,0.0,0,2,0.0,0,0,2,46,0,0,0,0.0,1968,0.0,94,86,1489,0,187.6,0,334.3,1,0,1564.0,4,0,0.6989,2085.9,0.0,4,Survivalist
0.0,0.0,0.0,0,0,0.0,0,0,0,76,1170,0,0,0.0,1844,0.0,24,21,0,0,0.0,0,0.0,0,0,0.0,0,1445,0.0,0.0,0.0,0,Survivalist
0.0,0.0,0.0,0,0,0.0,0,0,0,77,0,0,0,0.0,1451,0.0,29,29,1318,0,0.0,0,0.0,0,0,113.8,3,0,0.1429,113.8,0.0,0,Survivalist
0.0,0.0,0.0,0,5,409.1,1,0,3,8,0,3,1,24.89,1885,0.0,45,44,1540,0,2080.0,0,0.0,0,0,1573.0,6,0,0.7955,3653.0,0.0,8,Aggressive
0.0,0.0,0.0,0,0,57.35,0,0,0,64,1208,0,0,0.0,1405,0.0,96,93,0,0,457.0,0,0.0,0,0,214.3,2,1535,0.4842,671.3,0.0,0,Survivalist
0.0,0.0,0.0,0,0,57.08,0,0,0,52,1165,0,0,0.0,1765,0.0,44,40,0,1,0.0,0,0.0,0,0,1718.0,7,1506,0.5814,1718.0,0.0,0,Survivalist
0.0,0.0,0.0,0,0,131.8,2,1,0,22,1342,2,2,128.8,1375,0.0,29,28,0,0,0.0,0,0.0,0,0,417.7,6,1486,0.3571,417.7,0.5,0,Aggressive
0.0,0.0,0.0,0,0,0.0,0,0,0,86,0,0,0,0.0,1409,0.0,29,28,1398,0,0.0,0,0.0,0,0,158.4,1,0,0.0357,158.4,0.0,0,Survivalist
0.0,0.0,0.0,1,0,100.0,1,0,0,86,1000,0,0,0.0,1366,0.0,30,29,0,0,0.0,0,0.0,0,0,107.8,1,1500,0.1034,107.8,0.0,0,Survivalist
0.0,0.0,0.0,0,0,196.0,0,0,2,65,1430,0,0,0.0,1340,0.0,29,27,0,1,0.0,0,0.0,0,0,485.4,3,1512,0.3929,485.4,0.0,2,Survivalist
0.0,0.0,0.0,0,0,0.0,0,0,0,78,0,0,0,0.0,1919,0.0,27,25,1500,0,0.0,0,0.0,0,0,436.6,1,0,0.1538,436.6,0.0,0,Survivalist
0.0,0.0,0.0,0,3,178.4,2,0,3,29,0,1,1,35.26,1882,0.0,27,27,1437,0,4258.0,0,0.0,0,0,2194.0,7,0,0.4231,6452.0,0.0,6,Aggressive
0.0,0.0,0.0,1,2,279.2,2,0,3,25,0,1,1,9.13,1903,0.0,24,22,1468,0,5807.0,0,0.0,0,0,2597.0,7,0,0.6087,8404.0,0.0,5,Aggressive
0.0,0.0,0.0,0,0,0.0,0,0,0,90,1335,0,0,0.0,1426,0.0,49,48,0,0,0.0,0,0.0,0,0,14.26,0,1497,0.0625,14.26,0.0,0,Survivalist
0.0,0.0,0.0,0,0,139.4,0,0,1,74,0,0,0,0.0,1854,0.0,29,27,1455,0,0.0,0,0.0,0,0,561.1,3,0,0.1071,561.1,0.0,1,Survivalist
0.0,0.0,0.0,2,0,180.0,1,0,5,23,1330,1,1,14.28,1385,0.0,49,48,0,0,0.0,0,0.0,0,0,229.0,4,1470,0.7292,229.0,0.0,5,Aggressive
0.0,0.0,0.0,0,6,0.0,1,0,1,21,0,1,1,11.85,1846,0.0,29,27,1500,0,154.3,0,0.0,0,0,0.0,5,0,0.0,154.3,0.0,7,Aggressive
0.0,0.0,0.0,0,2,19.35,0,0,1,56,0,0,0,0.0,1548,0.0,28,28,1471,0,0.0,0,0.0,0,0,1737.0,2,0,0.6667,1737.0,0.0,3,Survivalist
0.0,0.0,0.0,0,1,0.0,3,0,1,10,0,3,2,122.1,1780,0.0,44,43,1500,2,0.0,0,0.0,0,0,0.0,4,0,0.0,0.0,0.0,2,Aggressive
0.0,0.0,0.0,0,0,0.0,0,0,0,92,0,0,0,0.0,1352,0.0,48,47,1504,0,0.0,0,0.0,0,0,20.6,1,0,0.0,20.6,0.0,0,Survivalist
0.0,0.0,0.0,2,1,194.2,1,0,3,31,0,1,1,17.0,1923,0.0,29,28,1500,0,0.0,0,0.0,0,0,1542.0,5,0,0.3214,1542.0,0.0,4,Aggressive
0.0,0.0,0.0,0,0,0.0,0,0,0,62,1073,0,0,0.0,1376,0.0,49,48,0,0,676.9,0,0.0,0,0,563.2,5,1488,0.5417,1240.1,0.0,0,Survivalist
0.0,0.0,0.0,0,0,0.0,0,0,0,91,0,0,0,0.0,1323,0.0,48,45,1478,0,0.0,0,0.0,0,0,47.0,2,0,0.0213,47.0,0.0,0,Survivalist
0.0,0.0,0.0,0,1,64.5,0,0,1,50,0,0,0,0.0,1451,0.0,94,92,1505,0,0.0,0,0.0,0,0,1267.0,5,0,0.6989,1267.0,0.0,2,Survivalist
0.0,0.0,0.0,1,2,352.0,2,2,3,9,1318,3,1,25.01,1323,0.0,29,29,0,1,0.0,0,0.0,0,0,447.6,4,1443,0.3929,447.6,0.6666666666666666,5,Aggressive
0.0,0.0,0.0,0,0,0.0,0,0,0,91,1000,0,0,0.0,1767,0.0,29,29,0,0,0.0,0,0.0,0,0,0.0,0,1500,0.0,0.0,0.0,0,Survivalist
0.0,0.0,0.0,0,0,0.0,0,0,0,83,0,0,0,0.0,1407,0.0,26,25,1476,0,0.0,0,0.0,0,0,30.54,1,0,0.16,30.54,0.0,0,Survivalist
0.0,0.0,0.0,0,0,0.0,0,0,0,62,0,0,0,0.0,1864,0.0,31,27,1440,0,0.0,0,0.0,0,0,366.5,3,0,0.3667,366.5,0.0,0,Survivalist
0.0,0.0,0.0,0,0,0.0,1,0,0,20,1428,1,1,111.3,1703,0.0,28,26,0,0,6188.0,0,46.19,0,2,0.0,9,1568,0.0,6234.19,0.0,0,Aggressive
0.0,0.0,0.0,0,2,223.5,1,0,6,12,0,2,1,7.538,1867,0.0,47,44,1461,1,0.0,0,310.7,0,0,2250.0,6,0,0.7391,2560.7,0.0,8,Aggressive
0.0,0.0,0.0,0,0,0.0,0,0,0,79,1296,0,0,0.0,1463,0.0,28,26,0,0,0.0,0,0.0,0,0,106.0,2,1540,0.1111,106.0,0.0,0,Survivalist
0.0,0.0,0.0,0,0,0.0,0,0,0,53,0,0,0,0.0,1867,0.0,29,29,1461,0,0.0,0,0.0,0,0,1934.0,6,0,0.7857,1934.0,0.0,0,Survivalist
0.0,0.0,0.0,0,0,0.0,0,0,0,85,0,0,0,0.0,1365,0.0,27,26,1396,0,0.0,0,0.0,0,0,0.0,0,0,0.0,0.0,0.0,0,Survivalist
0.0,0.0,0.0,0,1,78.89,1,0,3,58,0,0,0,0.0,1307,0.0,50,48,1600,0,0.0,0,0.0,0,0,952.6,5,0,0.5714,952.6,0.0,4,Survivalist
0.0,0.0,0.0,0,0,20.02,1,0,1,24,1291,1,1,4.226,1383,0.0,26,26,0,0,0.0,0,0.0,0,0,167.8,2,1443,0.0,167.8,0.0,1,Aggressive
0.0,0.0,0.0,0,5,0.0,0,0,1,14,1000,2,1,22.08,1218,0.0,92,80,0,0,0.0,0,0.0,0,0,0.0,10,1500,0.0,0.0,0.0,6,Aggressive
0.0,0.0,0.0,0,0,0.0,0,0,0,65,1147,0,0,0.0,1285,0.0,30,30,0,0,0.0,0,0.0,0,0,1453.0,6,1542,0.5172,1453.0,0.0,0,Survivalist
0.0,0.0,0.0,0,4,90.33,1,0,7,22,1048,1,1,19.83,1385,0.0,27,27,0,0,0.0,0,0.0,0,0,2684.0,2,1472,0.9615,2684.0,0.0,11,Aggressive
0.0,0.0,0.0,1,1,0.0,2,1,0,10,0,3,1,10.36,1330,0.0,28,27,1460,0,0.0,0,0.0,0,0,866.1,5,0,0.6667,866.1,0.3333333333333333,1,Aggressive
0.0,0.0,0.0,0,0,200.0,2,1,0,35,0,1,1,13.72,1386,0.0,26,24,1429,0,0.0,0,0.0,0,0,218.1,3,0,0.2,218.1,1.0,0,Aggressive
0.0,0.0,0.0,0,0,78.0,1,0,0,56,1250,0,0,0.0,1388,0.0,29,29,0,0,0.0,0,0.0,0,0,1401.0,5,1380,0.5714,1401.0,0.0,0,Survivalist
0.0,0.0,0.0,0,0,0.0,0,0,0,58,0,0,0,0.0,1911,0.0,46,46,1530,0,0.0,0,0.0,0,0,525.8,5,0,0.0,525.8,0.0,0,Survivalist
0.0,0.0,0.0,2,3,0.0,5,6,5,5,0,5,1,150.4,1760,0.0,30,30,1500,0,2717.0,0,0.0,0,0,2550.0,8,0,0.9655,5267.0,1.2,8,Aggressive
0.0,0.0,0.0,0,0,5.92,0,0,0,40,0,1,1,2.994,1936,0.0,48,46,1490,0,0.0,0,0.0,0,0,43.97,1,0,0.0213,43.97,0.0,0,Aggressive
0.0,0.0,0.0,1,2,0.0,2,1,2,6,0,3,1,110.4,1821,0.0,35,35,1480,1,4308.0,0,0.0,0,0,2631.0,7,0,0.8824,6939.0,0.3333333333333333,4,Aggressive
0.0,0.0,0.0,0,1,29.4,0,0,1,52,1081,0,0,0.0,1296,0.0,48,45,0,0,882.1,0,0.0,0,0,1084.0,6,1469,0.6383,1966.1,0.0,2,Survivalist
0.0,0.0,0.0,0,0,0.0,0,0,0,88,0,0,0,0.0,1795,0.0,33,33,1486,0,0.0,0,0.0,0,0,106.7,4,0,0.125,106.7,0.0,0,Survivalist
0.0,0.0,0.0,1,0,20.29,1,0,0,36,0,1,1,15.04,1367,0.0,29,29,1505,0,0.0,0,0.0,0,0,117.3,1,0,0.25,117.3,0.0,0,Aggressive
0.0,0.0,0.0,0,0,0.0,0,0,0,55,0,0,0,0.0,1401,0.0,95,92,1505,0,0.0,0,0.0,0,0,1288.0,9,0,0.6383,1288.0,0.0,0,Survivalist
0.0,0.0,0.0,0,1,100.0,0,0,0,41,0,1,1,1.388,1766,0.0,98,94,1512,0,0.0,0,0.0,0,0,189.9,4,0,0.2784,189.9,0.0,1,Aggressive
0.0,0.0,0.0,0,0,15.6,0,0,0,76,0,0,0,0.0,1815,0.0,92,89,1500,0,0.0,0,0.0,0,0,275.2,2,0,0.1978,275.2,0.0,0,Survivalist
0.0,0.0,0.0,0,0,24.86,1,0,0,40,0,1,1,14.37,1883,0.0,47,44,1513,0,0.0,0,0.0,0,0,223.3,2,0,0.0217,223.3,0.0,0,Aggressive
0.0,0.0,0.0,1,2,66.48,1,0,4,47,1057,0,0,0.0,1390,0.0,47,45,0,1,0.0,0,0.0,0,0,585.3,4,1510,0.7174,585.3,0.0,6,Survivalist
0.0,0.0,0.0,0,3,90.27,1,0,0,51,1019,0,0,0.0,1362,0.0,29,28,0,0,0.0,0,0.0,0,0,2282.0,6,1508,0.7857,2282.0,0.0,3,Survivalist
0.0,0.0,0.0,0,0,0.0,0,0,0,82,1000,0,0,0.0,1895,0.0,26,25,0,0,0.0,0,0.0,0,0,208.8,1,1500,0.08,208.8,0.0,0,Survivalist
0.0,0.0,0.0,0,2,184.0,1,0,1,58,0,0,0,0.0,1869,0.0,16,16,1500,0,0.0,0,0.0,0,0,168.9,3,0,0.0,168.9,0.0,3,Survivalist
0.0,0.0,0.0,0,0,174.9,1,0,0,28,0,1,1,4.748,1838,0.0,29,28,1465,0,6002.0,0,0.0,0,0,879.1,7,0,0.6786,6881.1,0.0,0,Aggressive
0.0,0.0,0.0,0,0,0.0,0,0,0,75,0,0,0,0.0,1392,0.0,28,26,1477,0,0.0,0,0.0,0,0,116.6,2,0,0.2963,116.6,0.0,0,Survivalist
0.0,0.0,0.0,1,0,129.4,1,0,0,66,0,0,0,0.0,1388,0.0,46,44,1487,0,0.0,0,0.0,0,0,515.5,3,0,0.3111,515.5,0.0,0,Survivalist
0.0,0.0,0.0,0,0,56.46,0,0,0,56,0,0,0,0.0,1403,0.0,29,29,1430,0,0.0,0,0.0,0,0,1693.0,3,0,0.5,1693.0,0.0,0,Survivalist
0.0,0.0,0.0,0,3,210.4,1,0,3,24,1350,1,1,262.9,1779,0.0,47,46,0,0,542.7,0,0.0,0,0,3584.0,6,1589,0.8478,4126.7,0.0,6,Aggressive
0.0,0.0,0.0,0,1,23.22,0,0,1,63,0,0,0,0.0,1871,0.0,45,43,1490,0,0.0,0,0.0,0,0,873.9,3,0,0.3409,873.9,0.0,2,Survivalist
0.0,0.0,0.0,1,3,428.5,3,2,18,3,0,6,1,275.4,1938,0.0,30,29,1528,1,1033.0,0,0.0,0,0,3979.0,6,0,1.0,5012.0,0.3333333333333333,21,Aggressive
0.0,0.0,0.0,0,0,82.72,0,0,0,83,0,0,0,0.0,1965,0.0,30,28,1546,0,0.0,0,0.0,0,0,54.12,1,0,0.1034,54.12,0.0,0,Survivalist
0.0,0.0,0.0,0,0,42.57,0,0,1,48,0,0,0,0.0,1294,0.0,29,28,1443,2,546.2,0,0.0,0,0,1925.0,5,0,0.75,2471.2,0.0,1,Survivalist
0.0,0.0,0.0,0,4,137.3,1,0,4,25,0,0,0,0.0,1356,0.0,24,23,1478,0,775.8,0,0.0,0,0,2330.0,4,0,0.6957,3105.8,0.0,8,Survivalist
0.0,0.0,0.0,0,0,222.6,0,0,0,68,1198,0,0,0.0,1373,0.0,31,31,0,0,0.0,0,0.0,0,0,212.6,1,1516,0.4333,212.6,0.0,0,Survivalist
0.0,0.0,0.0,0,0,0.0,0,0,0,58,1216,0,0,0.0,1461,0.0,48,48,0,0,0.0,0,0.0,0,0,382.2,5,1404,0.5745,382.2,0.0,0,Survivalist
0.0,0.0,0.0,3,4,398.6,3,1,3,7,0,4,2,176.1,1908,0.0,29,27,1511,2,8224.0,0,0.0,1,0,1881.0,3,0,0.8571,10105.0,0.25,7,Aggressive
0.0,0.0,0.0,1,3,66.87,0,0,1,45,0,0,0,0.0,1348,0.0,27,26,1334,0,0.0,0,0.0,0,0,3457.0,4,0,0.8077,3457.0,0.0,4,Survivalist
0.0,0.0,0.0,0,4,0.0,2,1,2,7,0,3,1,227.9,1290,0.0,25,24,1466,0,412.5,0,0.0,0,0,3031.0,6,0,0.0,3443.5,0.3333333333333333,6,Aggressive
0.0,0.0,0.0,0,1,0.0,0,0,0,82,969,0,0,0.0,1892,0.0,26,26,0,0,0.0,0,0.0,0,0,153.6,3,1397,0.04,153.6,0.0,1,Survivalist
0.0,0.0,0.0,0,0,100.0,1,0,0,38,0,1,1,2.403,1371,0.0,49,47,1476,0,0.0,0,0.0,0,0,104.4,1,0,0.2292,104.4,0.0,0,Aggressive
0.0,0.0,0.0,0,0,0.0,0,0,0,86,0,0,0,0.0,1998,0.0,47,44,1501,0,0.0,0,0.0,0,0,0.0,0,0,0.0,0.0,0.0,0,Survivalist
0.0,0.0,0.0,0,1,211.5,2,0,1,15,1239,2,1,42.56,1868,0.0,30,28,0,0,1181.0,0,0.0,0,0,1655.0,6,1502,0.6897,2836.0,0.0,2,Aggressive
0.0,0.0,0.0,0,0,0.0,0,0,0,87,1227,0,0,0.0,1906,0.0,88,85,0,0,0.0,0,0.0,0,0,0.0,0,1370,0.0,0.0,0.0,0,Survivalist
0.0,0.0,0.0,1,2,0.0,2,0,3,10,0,3,1,75.73,1366,0.0,28,28,1506,0,426.7,0,0.0,0,0,0.0,3,0,0.0,426.7,0.0,5,Aggressive
0.0,0.0,0.0,0,0,100.0,1,0,0,61,0,0,0,0.0,1371,0.0,25,24,1452,0,0.0,0,0.0,0,0,1537.0,4,0,0.375,1537.0,0.0,0,Survivalist
0.0,0.0,0.0,0,0,0.0,0,0,0,93,0,0,0,0.0,1819,0.0,95,90,1475,0,0.0,0,0.0,0,0,0.0,0,0,0.0,0.0,0.0,0,Survivalist
0.0,0.0,0.0,0,3,311.0,2,2,2,10,0,3,1,23.79,1383,0.0,27,26,1503,0,0.0,0,0.0,0,0,3011.0,4,0,1.0,3011.0,0.6666666666666666,5,Aggressive
0.0,0.0,0.0,0,0,0.0,0,0,0,63,1311,0,0,0.0,1778,0.0,95,94,0,0,0.0,0,0.0,0,0,641.7,4,1554,0.4149,641.7,0.0,0,Survivalist
0.0,0.0,0.0,0,2,269.1,1,1,0,21,0,2,1,8.339,1898,0.0,47,47,1480,0,0.0,0,0.0,0,0,291.2,6,0,0.2609,291.2,0.5,2,Aggressive
0.0,0.0,0.0,0,0,0.0,0,0,0,69,0,0,0,0.0,1836,0.0,28,28,1453,0,0.0,0,0.0,0,0,992.6,4,0,0.2963,992.6,0.0,0,Survivalist
0.0,0.0,0.0,0,0,0.0,0,0,0,44,0,1,1,11.26,1300,0.0,30,30,1367,0,0.0,0,0.0,0,0,0.0,3,0,0.0,0.0,0.0,0,Aggressive
0.0,0.0,0.0,0,0,200.0,0,1,0,20,0,2,1,6.91,1860,0.0,97,93,1474,0,0.0,0,0.0,0,0,117.7,1,0,0.1875,117.7,0.5,0,Aggressive
0.0,0.0,0.0,0,2,94.27,0,0,3,39,0,0,0,0.0,1955,0.0,40,36,1506,0,3848.0,0,21.04,0,0,2657.0,3,0,0.6923,6526.04,0.0,5,Survivalist
0.0,0.0,0.0,0,2,383.2,0,0,1,8,0,3,1,33.93,1356,0.0,93,91,1570,0,0.0,0,0.0,0,0,1050.0,2,0,0.7391,1050.0,0.0,3,Aggressive
0.0,0.0,0.0,0,0,0.0,0,0,0,82,1355,0,0,0.0,1316,0.0,27,25,0,0,0.0,0,0.0,0,0,11.76,0,1410,0.0385,11.76,0.0,0,Survivalist
0.0,0.0,0.0,0,4,610.2,6,1,2,2,1613,6,2,34.8,1404,0.0,27,26,0,1,56.31,0,0.0,0,0,3347.0,3,1594,0.6923,3403.31,0.16666666666666666,6,Aggressive
0.0,0.0,0.0,0,0,0.0,0,0,1,47,0,0,0,0.0,1858,0.0,93,88,1497,0,2025.0,0,0.0,0,0,2452.0,3,0,0.7065,4477.0,0.0,1,Survivalist
0.0,0.0,0.0,0,0,0.0,0,0,0,54,0,0,0,0.0,1327,0.0,47,44,1511,0,0.0,0,0.0,0,0,1082.0,3,0,0.5652,1082.0,0.0,0,Survivalist
0.0,0.0,0.0,0,6,0.0,0,0,3,49,0,0,0,0.0,1406,0.0,47,45,1500,0,864.8,0,0.0,0,0,2314.0,6,0,0.7391,3178.8,0.0,9,Survivalist
0.0,0.0,0.0,0,3,210.0,2,0,4,6,0,3,2,114.7,2195,0.0,48,46,1494,1,0.0,0,0.0,0,0,2800.0,7,0,1.0,2800.0,0.0,7,Aggressive
0.0,0.0,0.0,0,0,49.38,0,0,4,60,0,0,0,0.0,1934,0.0,26,26,1521,0,4687.0,0,0.0,0,0,1126.0,7,0,0.4,5813.0,0.0,4,Survivalist
0.0,0.0,0.0,1,3,642.1,3,0,7,2,1357,6,2,117.9,1391,0.0,49,47,0,1,1609.0,0,0.0,0,0,2389.0,3,1592,0.9792,3998.0,0.0,10,Aggressive
0.0,0.0,0.0,0,0,100.0,1,0,0,34,0,1,1,14.55,1960,0.0,27,26,1447,0,0.0,0,0.0,0,0,137.0,6,0,0.0,137.0,0.0,0,Aggressive
0.0,0.0,0.0,2,4,692.0,3,1,2,3,1356,5,2,104.0,1881,0.0,44,40,0,1,471.4,0,11.58,0,0,4973.0,5,1575,0.9767,5455.98,0.2,6,Aggressive
0.0,0.0,0.0,0,0,35.52,1,0,3,58,0,0,0,0.0,1862,0.0,28,27,1487,0,415.7,0,0.0,1,0,3862.0,4,0,0.6667,4277.7,0.0,3,Survivalist
0.0,0.0,0.0,0,0,0.0,2,1,1,43,1474,1,1,20.69,1335,0.0,28,27,0,0,0.0,0,0.0,0,0,275.4,3,1440,0.1852,275.4,1.0,1,Aggressive
0.0,0.0,0.0,0,1,23.54,1,0,1,62,0,0,0,0.0,1294,0.0,29,29,1462,0,0.0,0,0.0,0,0,1742.0,4,0,0.5,1742.0,0.0,2,Survivalist
0.0,0.0,0.0,0,1,45.0,0,0,1,32,1159,1,1,62.1,1467,0.0,30,30,0,1,0.0,0,0.0,0,0,1939.0,8,1461,0.7586,1939.0,0.0,2,Aggressive
0.0,0.0,0.0,0,0,32.9,0,0,0,75,0,0,0,0.0,1878,0.0,46,45,1450,0,0.0,0,0.0,0,0,173.4,3,0,0.1333,173.4,0.0,0,Survivalist
0.0,0.0,0.0,0,2,201.7,0,0,1,12,1539,2,1,83.25,1372,0.0,91,89,0,0,71.25,0,0.0,0,0,1058.0,5,1607,0.7444,1129.25,0.0,3,Aggressive
0.0,0.0,0.0,1,3,209.7,1,0,2,13,0,2,2,46.12,1919,0.0,44,42,1491,0,4430.0,0,0.0,0,0,2144.0,5,0,0.9302,6574.0,0.0,5,Aggressive
0.0,0.0,0.0,0,0,100.0,1,0,1,22,1143,1,1,8.947,1707,0.0,47,46,0,0,729.7,0,0.0,0,0,2646.0,7,1489,0.8478,3375.7,0.0,1,Aggressive
0.0,0.0,0.0,0,0,66.77,1,0,0,38,0,1,1,4.642,1364,0.0,45,45,1512,0,0.0,0,0.0,0,0,75.65,2,0,0.1818,75.65,0.0,0,Aggressive
0.0,0.0,0.0,0,0,29.88,1,0,0,31,0,1,1,58.42,1815,0.0,29,29,1500,0,0.0,0,0.0,0,0,1640.0,3,0,0.4643,1640.0,0.0,0,Aggressive
0.0,0.0,0.0,0,0,29.4,0,0,0,70,0,0,0,0.0,1919,0.0,28,27,1420,0,0.0,0,0.0,0,0,520.5,3,0,0.2963,520.5,0.0,0,Survivalist
0.0,0.0,0.0,0,0,56.17,1,0,0,88,1004,0,0,0.0,1860,0.0,29,29,0,0,0.0,0,0.0,1,0,83.95,1,1506,0.0714,83.95,0.0,0,Survivalist
0.0,0.0,0.0,0,0,0.0,0,0,0,75,0,0,0,0.0,1836,0.0,30,29,1451,0,0.0,0,0.0,0,0,0.0,1,0,0.0,0.0,0.0,0,Survivalist
0.0,0.0,0.0,0,0,22.05,0,0,0,65,1547,0,0,0.0,1284,0.0,28,28,0,0,0.0,0,0.0,0,0,253.4,3,1547,0.2963,253.4,0.0,0,Survivalist
0.0,0.0,0.0,0,0,39.0,0,0,0,74,0,0,0,0.0,1368,0.0,49,47,1456,0,0.0,0,0.0,0,0,47.19,2,0,0.0,47.19,0.0,0,Survivalist
0.0,0.0,0.0,0,0,235.2,2,1,0,46,1298,1,1,8.448,1465,0.0,49,48,0,0,0.0,0,0.0,0,0,103.6,2,1546,0.1458,103.6,1.0,0,Aggressive
0.0,0.0,0.0,0,3,58.26,0,0,1,50,1167,0,0,0.0,1788,0.0,49,46,0,0,2081.0,0,0.0,0,0,3079.0,5,1491,0.625,5160.0,0.0,4,Survivalist
0.0,0.0,0.0,0,0,130.5,2,1,2,11,0,3,3,44.42,1960,0.0,30,28,1395,0,0.0,0,0.0,0,0,558.6,5,0,0.4138,558.6,0.3333333333333333,2,Aggressive
0.0,0.0,0.0,0,0,0.0,0,0,0,60,1226,0,0,0.0,1331,0.0,97,97,0,0,0.0,0,0.0,0,0,869.5,4,1439,0.5938,869.5,0.0,0,Survivalist
0.0,0.0,0.0,0,4,86.46,0,0,4,49,0,0,0,0.0,1927,0.0,48,48,1500,0,6040.0,0,0.0,0,0,2123.0,5,0,0.8298,8163.0,0.0,8,Survivalist
0.0,0.0,0.0,0,1,100.0,0,0,1,25,1073,1,1,20.1,1264,0.0,80,78,0,0,0.0,0,0.0,0,0,573.6,3,1489,0.6709,573.6,0.0,2,Aggressive
0.0,0.0,0.0,0,0,0.0,0,0,0,84,0,0,0,0.0,1811,0.0,49,47,1494,1,0.0,0,0.0,0,0,91.55,1,0,0.1042,91.55,0.0,0,Survivalist
0.0,0.0,0.0,0,2,0.0,0,1,0,23,0,1,1,30.03,1359,0.0,92,88,1859,0,801.6,0,0.0,0,0,1379.0,2,0,0.9451,2180.6,1.0,2,Aggressive
0.0,0.0,0.0,0,2,100.0,1,0,0,26,997,1,1,61.67,1389,0.0,47,47,0,0,0.0,0,0.0,0,0,2260.0,5,1493,0.8261,2260.0,0.0,2,Aggressive
0.0,0.0,0.0,0,0,84.29,0,0,0,75,1147,0,0,0.0,1973,0.0,96,95,0,0,0.0,0,0.0,0,0,184.0,4,1471,0.2632,184.0,0.0,0,Survivalist
0.0,0.0,0.0,0,2,0.0,0,0,3,41,0,0,0,0.0,1926,0.0,93,89,1471,0,6491.0,0,0.0,0,0,1902.0,4,0,0.8152,8393.0,0.0,5,Survivalist
0.0,0.0,0.0,0,0,79.98,0,0,0,80,0,0,0,0.0,1437,0.0,99,98,1527,0,0.0,0,0.0,0,0,178.7,2,0,0.2245,178.7,0.0,0,Survivalist
0.0,0.0,0.0,0,0,0.0,0,0,0,90,0,0,0,0.0,1372,0.0,30,29,1482,0,0.0,0,0.0,0,0,0.0,0,0,0.0,0.0,0.0,0,Survivalist
0.0,0.0,0.0,0,0,0.0,0,0,0,86,1263,0,0,0.0,1972,0.0,91,87,0,0,0.0,0,0.0,0,0,15.28,1,1448,0.0333,15.28,0.0,0,Survivalist
0.0,0.0,0.0,0,0,270.9,1,0,2,24,1566,2,2,9.536,1411,0.0,49,44,0,1,0.0,0,0.0,0,0,228.2,2,1544,0.3125,228.2,0.0,2,Aggressive
0.0,0.0,0.0,0,2,237.0,1,0,4,12,1404,2,1,23.18,1906,0.0,31,28,0,0,275.6,0,0.0,0,0,4570.0,6,1427,0.9667,4845.6,0.0,6,Aggressive
0.0,0.0,0.0,0,0,0.0,0,0,0,90,1238,0,0,0.0,1788,0.0,94,89,0,0,0.0,0,0.0,0,0,0.0,0,1507,0.0107,0.0,0.0,0,Survivalist
0.0,0.0,0.0,0,5,151.1,0,2,1,27,0,1,1,17.45,1493,0.0,94,92,1513,0,0.0,0,0.0,0,0,1168.0,4,0,0.8602,1168.0,2.0,6,Aggressive
0.0,0.0,0.0,0,1,179.3,0,0,3,37,1103,1,1,7.743,1846,0.0,90,87,0,0,0.0,0,0.0,0,0,292.8,4,1486,0.3258,292.8,0.0,4,Aggressive
0.0,0.0,0.0,0,2,0.0,0,0,1,61,0,0,0,0.0,1314,0.0,48,46,1504,0,0.0,0,0.0,0,0,1678.0,5,0,0.6383,1678.0,0.0,3,Survivalist
0.0,0.0,0.0,0,1,226.5,2,0,1,24,0,1,1,169.7,1354,0.0,26,26,1500,1,0.0,0,0.0,0,0,3006.0,6,0,0.76,3006.0,0.0,2,Aggressive
0.0,0.0,0.0,0,1,0.0,0,0,0,78,0,0,0,0.0,1836,0.0,30,30,1503,0,0.0,0,0.0,0,0,110.4,2,0,0.1724,110.4,0.0,1,Survivalist
0.0,0.0,0.0,0,0,75.0,1,0,0,53,0,0,0,0.0,1387,0.0,27,27,1528,0,341.3,0,0.0,0,0,1339.0,3,0,0.6154,1680.3,0.0,0,Survivalist
0.0,0.0,0.0,0,0,88.21,0,0,0,97,0,0,0,0.0,1787,0.0,49,48,1508,0,0.0,0,0.0,0,0,13.51,1,0,0.0,13.51,0.0,0,Survivalist
0.0,0.0,0.0,0,2,90.09,0,0,1,66,0,0,0,0.0,861,0.0,49,46,1500,0,0.0,0,0.0,0,0,972.3,3,0,0.2917,972.3,0.0,3,Survivalist
0.0,0.0,0.0,0,0,134.3,0,1,0,41,0,1,1,15.09,1365,0.0,27,26,1398,0,0.0,0,0.0,0,0,151.2,3,0,0.1923,151.2,1.0,0,Aggressive
0.0,0.0,0.0,0,0,108.9,2,0,0,39,0,1,1,87.5,1802,0.0,29,29,1437,0,0.0,0,0.0,2,0,469.9,1,0,0.1071,469.9,0.0,0,Aggressive
0.0,0.0,0.0,0,5,178.1,0,1,2,24,0,1,1,253.3,1855,0.0,96,92,1527,0,351.2,0,0.0,1,0,2915.0,9,0,0.7789,3266.2,1.0,7,Aggressive
0.0,0.0,0.0,0,0,0.0,0,0,4,53,1111,0,0,0.0,1360,0.0,27,26,0,1,1377.0,0,0.0,0,0,1287.0,3,1503,0.6538,2664.0,0.0,4,Survivalist
0.0,0.0,0.0,3,4,67.16,0,0,5,36,0,0,0,0.0,1946,0.0,47,44,1509,0,5887.0,0,0.0,1,0,1488.0,8,0,0.9565,7375.0,0.0,9,Survivalist
0.0,0.0,0.0,1,0,0.0,2,0,1,34,1663,1,1,12.76,1274,0.0,27,26,0,0,0.0,0,0.0,0,0,0.0,3,1685,0.0,0.0,0.0,1,Aggressive
0.0,0.0,0.0,0,2,0.0,0,0,2,42,0,0,0,0.0,1249,0.0,27,26,1073,1,1354.0,0,0.0,0,0,2801.0,12,0,0.8846,4155.0,0.0,4,Survivalist
0.0,0.0,0.0,0,1,196.8,2,2,0,15,0,2,1,11.99,1887,0.0,28,27,1427,0,0.0,0,0.0,0,0,522.8,5,0,0.3333,522.8,1.0,1,Aggressive
0.0,0.0,0.0,1,0,107.1,1,1,2,37,0,1,1,11.73,1468,0.0,27,26,1233,0,134.3,0,0.0,0,0,435.0,2,0,0.4231,569.3,1.0,2,Aggressive
0.0,0.0,0.0,0,2,131.0,0,0,3,29,0,1,1,6.76,1806,0.0,93,89,1490,0,0.0,0,0.0,0,0,578.0,3,0,0.5326,578.0,0.0,5,Aggressive
0.0,0.0,0.0,0,2,26.18,0,0,0,58,1004,0,0,0.0,1975,0.0,82,73,0,0,2151.0,0,0.0,0,0,325.0,4,1494,0.358,2476.0,0.0,2,Survivalist
0.0,0.0,0.0,3,9,339.3,1,1,9,12,1277,2,2,58.32,1382,0.0,47,45,0,0,1045.0,0,0.0,0,0,2433.0,3,1516,1.0,3478.0,0.5,18,Aggressive
0.0,0.0,0.0,0,1,208.5,1,0,1,30,0,1,1,9.577,1417,0.0,50,49,1534,1,0.0,0,0.0,0,0,2264.0,6,0,0.8163,2264.0,0.0,2,Aggressive
0.0,0.0,0.0,0,4,181.8,0,0,5,26,1370,1,1,8.514,1407,0.0,28,28,0,0,838.4,0,84.84,0,0,4191.0,1,1568,0.963,5114.24,0.0,9,Aggressive
0.0,0.0,0.0,0,0,0.0,0,0,0,84,1480,0,0,0.0,1441,0.0,99,97,0,0,0.0,0,0.0,0,0,24.27,1,1588,0.1633,24.27,0.0,0,Survivalist
0.0,0.0,0.0,0,0,100.0,1,0,0,74,1261,0,0,0.0,1767,0.0,30,26,0,0,0.0,0,0.0,1,0,195.0,3,1465,0.1379,195.0,0.0,0,Survivalist
0.0,0.0,0.0,0,0,96.13,1,0,0,66,1171,0,0,0.0,1897,0.0,26,24,0,0,0.0,0,0.0,0,0,620.4,1,1521,0.2,620.4,0.0,0,Survivalist
0.0,0.0,0.0,0,0,0.0,0,0,0,87,1137,0,0,0.0,1318,0.0,48,46,0,0,0.0,0,0.0,0,0,62.46,3,1497,0.0,62.46,0.0,0,Survivalist
0.0,0.0,0.0,0,0,0.0,0,0,0,77,1290,0,0,0.0,1371,0.0,49,49,0,0,0.0,0,0.0,0,0,177.9,5,1482,0.2917,177.9,0.0,0,Survivalist
0.0,0.0,0.0,3,5,185.1,0,0,2,24,0,1,1,21.49,1774,0.0,29,26,1488,0,2793.0,0,0.0,0,0,3310.0,6,0,0.8214,6103.0,0.0,7,Aggressive
0.0,0.0,0.0,0,0,0.0,0,0,0,94,1319,0,0,0.0,1362,0.0,98,96,0,0,0.0,0,0.0,0,0,0.3482,1,1535,0.0309,0.3482,0.0,0,Survivalist
0.0,0.0,0.0,0,1,72.18,0,0,0,31,0,1,1,69.55,1883,0.0,92,90,1600,0,0.0,0,0.0,0,0,1352.0,4,0,0.5275,1352.0,0.0,1,Aggressive
0.0,0.0,0.0,0,4,100.7,0,0,7,54,0,0,0,0.0,1940,0.0,26,26,1500,0,0.0,0,0.0,1,0,3656.0,3,0,0.72,3656.0,0.0,11,Survivalist
0.0,0.0,0.0,0,3,0.0,0,0,4,19,0,1,1,0.0905,1959,0.0,95,90,1456,0,5892.0,0,0.0,0,0,3947.0,6,0,0.9468,9839.0,0.0,7,Aggressive
0.0,0.0,0.0,0,0,175.0,2,1,0,23,1000,2,1,20.1,1422,0.0,49,48,0,0,0.0,0,0.0,0,0,353.9,4,1500,0.5208,353.9,0.5,0,Aggressive
0.0,0.0,0.0,0,0,0.0,0,0,0,61,0,0,0,0.0,1407,0.0,94,92,1508,0,0.0,0,0.0,0,0,248.0,5,0,0.4624,248.0,0.0,0,Survivalist
0.0,0.0,0.0,0,0,0.0,0,0,0,69,0,0,0,0.0,1795,0.0,49,46,1503,0,0.0,0,0.0,0,0,40.4,3,0,0.3542,40.4,0.0,0,Survivalist
0.0,0.0,0.0,0,0,109.3,0,0,2,60,0,0,0,0.0,1859,0.0,28,27,1449,0,0.0,0,0.0,0,0,536.4,6,0,0.3333,536.4,0.0,2,Survivalist
0.0,0.0,0.0,0,0,0.0,0,0,0,96,0,0,0,0.0,1927,0.0,98,96,1514,0,0.0,0,0.0,0,0,5.623,1,0,0.0103,5.623,0.0,0,Survivalist
0.0,0.0,0.0,0,0,153.3,2,0,0,36,0,1,1,10.52,1398,0.0,47,45,1412,0,0.0,0,0.0,0,0,334.0,6,0,0.3478,334.0,0.0,0,Aggressive
0.0,0.0,0.0,1,5,126.8,0,0,3,47,0,0,0,0.0,1447,0.0,26,26,1442,0,0.0,0,77.63,0,0,3510.0,4,0,0.8,3587.63,0.0,8,Survivalist
0.0,0.0,0.0,0,1,100.0,1,0,0,43,1072,1,1,2.187,1394,0.0,28,27,0,0,0.0,0,0.0,0,0,110.4,1,1461,0.1481,110.4,0.0,1,Aggressive
0.0,0.0,0.0,0,0,86.37,0,0,0,70,0,0,0,0.0,1392,0.0,99,97,1500,0,0.0,0,0.0,0,0,179.9,1,0,0.3673,179.9,0.0,0,Survivalist
0.0,0.0,0.0,0,0,0.0,0,0,0,51,1000,0,0,0.0,1213,0.0,28,27,0,0,0.0,0,0.0,0,0,185.1,4,1500,0.7778,185.1,0.0,0,Survivalist
0.0,0.0,0.0,0,0,0.0,0,0,0,52,1325,0,0,0.0,1435,0.0,96,95,0,0,0.0,0,0.0,0,0,1351.0,5,1607,0.7053,1351.0,0.0,0,Survivalist
0.0,0.0,0.0,0,0,0.0,0,0,0,55,0,0,0,0.0,1294,0.0,46,44,1500,0,0.0,0,0.0,0,0,694.0,4,0,0.5556,694.0,0.0,0,Survivalist
0.0,0.0,0.0,0,0,0.0,0,0,2,52,0,0,0,0.0,1976,0.0,93,92,1507,0,2601.0,0,0.0,0,0,1851.0,2,0,0.6413,4452.0,0.0,2,Survivalist
0.0,0.0,0.0,0,1,388.0,3,2,2,6,1033,4,3,87.0,1378,0.0,30,29,0,1,2071.0,0,0.0,0,0,1602.0,4,1472,0.8966,3673.0,0.5,3,Aggressive
0.0,0.0,0.0,0,2,0.0,0,0,5,84,0,0,0,0.0,1888,0.0,27,26,1417,0,0.0,0,0.0,0,0,371.3,2,0,0.1154,371.3,0.0,7,Survivalist
0.0,0.0,0.0,0,0,272.2,1,0,0,19,0,2,2,10.78,1923,0.0,46,45,1468,0,0.0,0,0.0,0,0,101.7,4,0,0.2222,101.7,0.0,0,Aggressive
0.0,0.0,0.0,0,0,0.0,0,0,0,91,0,0,0,0.0,1344,0.0,94,91,1490,0,0.0,0,0.0,0,0,5.819,2,0,0.0323,5.819,0.0,0,Survivalist
0.0,0.0,0.0,0,0,61.22,0,0,0,63,1124,0,0,0.0,1418,0.0,25,24,0,0,0.0,0,0.0,0,0,62.71,4,1338,0.2917,62.71,0.0,0,Survivalist
0.0,0.0,0.0,0,0,0.0,0,0,0,66,0,0,0,0.0,1328,0.0,96,89,1515,0,0.0,0,0.0,0,0,391.8,2,0,0.0,391.8,0.0,0,Survivalist
0.0,0.0,0.0,0,1,100.3,0,0,0,68,1152,0,0,0.0,1852,0.0,28,28,0,0,0.0,0,0.0,0,0,260.3,1,1546,0.0,260.3,0.0,1,Survivalist
0.0,0.0,0.0,1,0,39.85,0,0,0,89,0,0,0,0.0,1427,0.0,28,28,1468,1,0.0,0,0.0,0,0,38.3,1,0,0.1111,38.3,0.0,0,Survivalist
0.0,0.0,0.0,0,1,96.75,0,0,1,67,0,0,0,0.0,1834,0.0,49,45,1490,0,0.0,0,0.0,0,0,1059.0,4,0,0.4167,1059.0,0.0,2,Survivalist
0.0,0.0,0.0,0,0,0.0,1,0,1,72,0,0,0,0.0,1789,0.0,30,30,1480,1,0.0,0,0.0,0,0,0.0,4,0,0.0,0.0,0.0,1,Survivalist
0.0,0.0,0.0,0,0,0.0,0,0,0,74,0,0,0,0.0,1424,0.0,97,90,1577,0,0.0,0,0.0,0,0,0.0,2,0,0.0,0.0,0.0,0,Survivalist
0.0,0.0,0.0,0,0,446.5,3,3,0,5,0,4,4,31.96,1371,0.0,29,27,1472,0,0.0,0,0.0,0,0,126.8,3,0,0.25,126.8,0.75,0,Aggressive
0.0,0.0,0.0,3,1,469.6,3,1,1,10,1886,3,1,160.7,1379,0.0,29,29,0,0,0.0,0,0.0,0,0,1331.0,5,1664,0.5,1331.0,0.3333333333333333,2,Aggressive
0.0,0.0,0.0,3,1,372.1,1,1,3,26,1014,1,1,68.43,1426,0.0,27,26,0,0,1433.0,0,0.0,0,0,3114.0,6,1503,0.8462,4547.0,1.0,4,Aggressive
0.0,0.0,0.0,0,2,145.7,0,1,1,26,0,1,1,173.0,1516,0.0,90,89,1600,0,0.0,0,0.0,0,0,1747.0,5,0,0.8202,1747.0,1.0,3,Aggressive
0.0,0.0,0.0,0,0,100.0,1,0,0,35,1037,1,1,1.672,1228,0.0,49,48,0,0,0.0,0,0.0,0,0,99.93,1,1490,0.2292,99.93,0.0,0,Aggressive
0.0,0.0,0.0,0,0,291.8,2,0,0,15,1518,2,1,28.99,1375,0.0,30,28,0,0,508.3,0,0.0,1,0,1013.0,4,1583,0.5517,1521.3,0.0,0,Aggressive
0.0,0.0,0.0,0,0,0.0,0,0,0,82,0,0,0,0.0,1444,0.0,26,24,1464,0,0.0,0,0.0,0,0,73.7,3,0,0.04,73.7,0.0,0,Survivalist
0.0,0.0,0.0,0,1,79.46,0,0,0,60,1278,0,0,0.0,1344,0.0,49,49,0,0,0.0,0,0.0,0,0,549.3,6,1453,0.0,549.3,0.0,1,Survivalist
0.0,0.0,0.0,0,0,177.9,2,1,0,6,1000,3,2,64.55,1398,0.0,28,26,0,0,0.0,0,0.0,0,0,2900.0,6,1500,0.7778,2900.0,0.3333333333333333,0,Aggressive
0.0,0.0,0.0,0,0,0.0,0,0,0,68,1570,0,0,0.0,1788,0.0,26,26,0,0,0.0,0,0.0,0,0,0.0,6,1498,0.0,0.0,0.0,0,Survivalist
0.0,0.0,0.0,3,8,708.6,3,0,5,1,1719,9,3,60.06,1366,0.0,29,29,0,2,0.0,0,0.0,0,0,3218.0,3,1551,1.0,3218.0,0.0,13,Aggressive
0.0,0.0,0.0,0,0,0.0,0,0,0,44,0,0,0,0.0,1476,0.0,88,83,1464,0,2560.0,0,0.0,0,0,908.4,3,0,0.0,3468.4,0.0,0,Survivalist
0.0,0.0,0.0,3,1,248.0,2,0,2,9,1435,3,1,226.4,1752,0.0,28,24,0,1,0.0,0,0.0,0,0,3297.0,7,1492,0.8519,3297.0,0.0,3,Aggressive
0.0,0.0,0.0,0,0,0.0,0,0,0,64,0,0,0,0.0,1383,0.0,27,27,1470,1,0.0,0,0.0,0,0,492.6,3,0,0.3077,492.6,0.0,0,Survivalist
0.0,0.0,0.0,0,1,75.0,1,0,4,25,0,1,1,19.37,1813,0.0,28,27,1474,0,8170.0,0,0.0,0,0,4205.0,10,0,0.7778,12375.0,0.0,5,Aggressive
0.0,0.0,0.0,0,4,0.0,1,0,13,47,0,0,0,0.0,1446,0.0,28,25,1542,0,227.6,0,11.18,0,0,2338.0,5,0,0.7037,2576.7799999999997,0.0,17,Survivalist
0.0,0.0,0.0,0,1,159.9,0,0,5,23,0,1,1,1.679,1909,0.0,28,27,1484,1,593.2,0,0.0,0,0,3840.0,3,0,0.7407,4433.2,0.0,6,Aggressive
0.0,0.0,0.0,0,6,0.0,3,1,3,10,1371,2,1,42.49,1365,0.0,49,48,0,0,0.0,0,0.0,0,0,1850.0,5,1513,0.0,1850.0,0.5,9,Aggressive
0.0,0.0,0.0,0,2,0.0,0,0,16,44,0,0,0,0.0,1887,0.0,28,28,1494,0,3507.0,0,0.0,0,0,2636.0,4,0,0.963,6143.0,0.0,18,Survivalist
0.0,0.0,0.0,0,1,76.33,2,0,1,75,0,0,0,0.0,1396,0.0,26,24,1395,0,0.0,0,0.0,0,0,193.9,1,0,0.2,193.9,0.0,2,Survivalist
0.0,0.0,0.0,0,1,0.0,0,0,7,49,0,0,0,0.0,1391,0.0,96,94,1583,0,869.8,0,0.0,0,0,2187.0,6,0,0.0,3056.8,0.0,8,Survivalist
0.0,0.0,0.0,0,1,32.34,0,0,0,52,1259,0,0,0.0,1923,0.0,91,90,0,0,0.0,0,43.79,0,0,2215.0,6,1507,0.6444,2258.79,0.0,1,Survivalist
0.0,0.0,0.0,0,4,0.0,0,0,0,13,0,2,1,12.08,1848,0.0,94,93,1543,0,2715.0,0,0.0,0,0,0.0,9,0,0.0,2715.0,0.0,4,Aggressive
0.0,0.0,0.0,0,0,53.73,0,0,0,93,1288,0,0,0.0,1937,0.0,49,47,0,0,0.0,0,0.0,0,0,175.4,1,1552,0.0417,175.4,0.0,0,Survivalist
0.0,0.0,0.0,0,2,0.0,0,0,0,38,1345,0,0,0.0,1779,0.0,29,28,0,0,3625.0,0,376.0,0,0,4704.0,3,1545,0.8929,8705.0,0.0,2,Survivalist
0.0,0.0,0.0,0,0,0.0,0,0,0,93,0,0,0,0.0,1513,0.0,95,90,1523,0,0.0,0,0.0,0,0,17.4,1,0,0.0106,17.4,0.0,0,Survivalist
0.0,0.0,0.0,0,2,117.7,1,1,5,30,1177,1,1,27.42,1364,0.0,49,49,0,0,2194.0,0,0.0,0,0,1735.0,4,1520,0.7708,3929.0,1.0,7,Aggressive
0.0,0.0,0.0,0,0,0.0,1,0,0,77,0,0,0,0.0,1861,0.0,26,25,1463,1,0.0,0,0.0,0,0,79.16,2,0,0.04,79.16,0.0,0,Survivalist
0.0,0.0,0.0,1,0,50.31,0,0,2,50,0,0,0,0.0,1348,0.0,50,49,1500,0,0.0,0,0.0,0,0,1356.0,3,0,0.7347,1356.0,0.0,2,Survivalist
0.0,0.0,0.0,0,0,185.2,0,0,1,39,0,1,1,34.24,1435,0.0,48,47,1483,1,0.0,0,0.0,0,0,182.5,3,0,0.4468,182.5,0.0,1,Aggressive
0.0,0.0,0.0,0,1,100.0,0,1,0,29,0,1,1,14.75,1446,0.0,95,95,1568,0,561.5,0,0.0,0,0,2429.0,5,0,0.8404,2990.5,1.0,1,Aggressive
0.0,0.0,0.0,0,1,0.0,1,0,9,36,0,1,1,8.54,1371,0.0,30,30,1443,0,0.0,0,0.0,0,0,560.7,4,0,0.4483,560.7,0.0,10,Aggressive
0.0,0.0,0.0,0,0,0.0,0,0,0,73,993,0,0,0.0,1304,0.0,30,29,0,1,0.0,0,0.0,0,0,391.2,2,1466,0.2414,391.2,0.0,0,Survivalist
0.0,0.0,0.0,0,0,11.8,1,0,0,43,1672,1,1,6.132,1766,0.0,27,26,0,0,0.0,0,0.0,0,0,25.12,2,1671,0.1538,25.12,0.0,0,Aggressive
0.0,0.0,0.0,1,1,100.0,1,0,1,68,0,0,0,0.0,1566,0.0,32,31,1458,0,0.0,0,0.0,0,0,107.0,3,0,0.3226,107.0,0.0,2,Survivalist
0.0,0.0,0.0,0,0,0.0,2,0,1,61,0,0,0,0.0,1825,0.0,29,29,1486,1,2653.0,0,0.0,0,0,0.0,4,0,0.0,2653.0,0.0,1,Survivalist
0.0,0.0,0.0,0,7,0.0,3,1,3,2,1330,7,2,31.61,1365,0.0,48,47,0,2,0.0,0,0.0,0,0,1889.0,5,1448,0.9787,1889.0,0.14285714285714285,10,Aggressive
0.0,0.0,0.0,3,1,0.0,0,0,1,59,0,0,0,0.0,1884,0.0,47,44,1462,0,872.7,0,0.0,0,0,0.0,4,0,0.0,872.7,0.0,2,Survivalist
0.0,0.0,0.0,1,0,18.0,0,0,0,83,1081,0,0,0.0,1907,0.0,47,46,0,0,0.0,0,0.0,0,0,0.0,0,1445,0.087,0.0,0.0,0,Survivalist
0.0,0.0,0.0,0,0,0.0,0,0,0,86,0,0,0,0.0,1278,0.0,27,26,1480,0,0.0,0,0.0,0,0,24.62,0,0,0.0385,24.62,0.0,0,Survivalist
0.0,0.0,0.0,0,0,0.0,0,0,0,46,0,0,0,0.0,1891,0.0,48,46,1550,0,0.0,0,0.0,0,0,2915.0,4,0,0.8085,2915.0,0.0,0,Survivalist
0.0,0.0,0.0,1,0,22.63,0,0,0,73,0,0,0,0.0,1919,0.0,47,45,1433,0,0.0,0,0.0,0,0,780.0,3,0,0.2391,780.0,0.0,0,Survivalist
0.0,0.0,0.0,0,1,0.0,0,0,1,50,1403,0,0,0.0,1890,0.0,49,47,0,0,1575.0,0,0.0,0,0,972.4,9,1557,0.5625,2547.4,0.0,2,Survivalist
0.0,0.0,0.0,1,6,545.9,2,1,10,6,0,3,1,61.95,1957,0.0,48,42,1526,3,4003.0,0,0.0,0,0,2598.0,11,0,0.9149,6601.0,0.3333333333333333,16,Aggressive
0.0,0.0,0.0,1,1,165.3,1,0,0,69,1135,0,0,0.0,1343,0.0,50,49,0,0,0.0,0,0.0,0,0,118.7,2,1502,0.3061,118.7,0.0,1,Survivalist
0.0,0.0,0.0,0,3,20.51,0,0,2,36,1202,0,0,0.0,1878,0.0,46,45,0,1,3427.0,0,0.0,0,0,1898.0,7,1504,0.8,5325.0,0.0,5,Survivalist
0.0,0.0,0.0,0,0,0.0,0,0,0,66,0,0,0,0.0,1368,0.0,45,43,1541,0,0.0,0,0.0,0,0,229.0,3,0,0.2955,229.0,0.0,0,Survivalist
0.0,0.0,0.0,0,0,58.8,0,0,0,47,0,0,0,0.0,1378,0.0,48,46,1522,0,0.0,0,0.0,0,0,2651.0,8,0,0.7872,2651.0,0.0,0,Survivalist
0.0,0.0,0.0,0,2,133.6,3,0,5,17,1464,2,2,15.57,1337,0.0,32,32,0,2,2429.0,0,0.0,0,0,1369.0,3,1531,0.6452,3798.0,0.0,7,Aggressive
0.0,0.0,0.0,0,0,0.0,0,0,0,59,0,0,0,0.0,1378,0.0,27,27,1400,0,0.0,0,0.0,0,0,0.0,3,0,0.0,0.0,0.0,0,Survivalist
0.0,0.0,0.0,0,0,0.0,1,0,0,86,1438,0,0,0.0,1684,0.0,29,27,0,0,0.0,0,0.0,0,0,24.13,1,1491,0.0,24.13,0.0,0,Survivalist
0.0,0.0,0.0,1,2,110.2,0,0,2,43,1267,0,0,0.0,1361,0.0,48,48,0,0,0.0028,0,0.0,0,0,2892.0,5,1565,0.9574,2892.0028,0.0,4,Survivalist
0.0,0.0,0.0,0,2,228.4,2,1,0,38,1269,1,1,9.259,1411,0.0,47,47,0,0,0.0,0,0.0,0,0,316.1,3,1400,0.2391,316.1,1.0,2,Aggressive
0.0,0.0,0.0,0,0,61.41,0,0,0,89,1209,0,0,0.0,1833,0.0,31,29,0,0,0.0,0,0.0,0,0,156.0,3,1500,0.0667,156.0,0.0,0,Survivalist
0.0,0.0,0.0,0,3,174.7,1,0,2,55,980,0,0,0.0,1932,0.0,49,47,0,1,0.0,0,0.0,0,0,887.4,4,1484,0.5625,887.4,0.0,5,Survivalist
0.0,0.0,0.0,0,0,28.73,0,0,0,76,1453,0,0,0.0,1432,0.0,28,28,0,0,0.0,0,0.0,0,0,263.9,3,1534,0.2593,263.9,0.0,0,Survivalist
0.0,0.0,0.0,0,0,54.89,0,0,0,81,0,0,0,0.0,1782,0.0,43,42,1486,0,0.0,0,0.0,0,0,164.8,1,0,0.0238,164.8,0.0,0,Survivalist
0.0,0.0,0.0,0,0,0.0,0,0,0,91,1136,0,0,0.0,1380,0.0,94,94,0,0,0.0,0,3.647,0,0,11.44,0,1517,0.043,15.087,0.0,0,Survivalist
0.0,0.0,0.0,0,0,0.0,2,0,0,17,0,2,2,17.46,1359,0.0,26,26,1514,0,0.0,0,0.0,0,0,1898.0,6,0,0.64,1898.0,0.0,0,Aggressive
0.0,0.0,0.0,0,2,164.4,1,2,4,34,1372,1,1,0.5222,1294,0.0,29,29,0,0,0.0,0,0.0,0,0,419.3,2,1509,0.3929,419.3,2.0,6,Aggressive
0.0,0.0,0.0,0,0,0.0,0,0,0,93,1331,0,0,0.0,1947,0.0,28,26,0,0,0.0,0,0.0,0,0,48.07,1,1457,0.0,48.07,0.0,0,Survivalist
0.0,0.0,0.0,0,0,55.01,0,0,0,61,0,0,0,0.0,1790,0.0,95,91,1470,0,0.0,0,0.0,0,0,488.2,4,0,0.3936,488.2,0.0,0,Survivalist
0.0,0.0,0.0,0,0,197.1,1,0,1,54,1067,0,0,0.0,1402,0.0,28,28,0,0,0.0,0,0.0,0,0,584.7,2,1521,0.4815,584.7,0.0,1,Survivalist
0.0,0.0,0.0,0,0,0.0,1,1,0,46,0,1,1,3.054,1436,0.0,48,48,1496,0,0.0,0,0.0,0,0,41.73,1,0,0.0851,41.73,1.0,0,Aggressive
0.0,0.0,0.0,0,0,0.0,0,0,0,62,0,0,0,0.0,1734,0.0,28,27,1486,0,564.2,0,0.0,0,0,0.0,5,0,0.0,564.2,0.0,0,Survivalist
0.0,0.0,0.0,1,0,266.2,1,1,0,16,1226,2,1,19.48,1393,0.0,49,48,0,0,0.0,0,0.0,0,0,272.9,2,1465,0.0,272.9,0.5,0,Aggressive
0.0,0.0,0.0,0,7,328.7,1,0,1,15,1512,2,2,119.3,1938,0.0,27,27,0,1,2905.0,0,0.0,0,0,2397.0,3,1471,0.5385,5302.0,0.0,8,Aggressive
0.0,0.0,0.0,0,2,210.3,0,2,5,36,1080,1,1,18.55,2024,0.0,96,94,0,0,0.0,0,0.0,0,0,202.9,1,1519,0.2842,202.9,2.0,7,Aggressive
0.0,0.0,0.0,1,2,100.0,1,1,0,32,0,1,1,38.09,1351,0.0,49,49,1450,0,0.0,0,0.0,0,0,93.81,2,0,0.5417,93.81,1.0,2,Aggressive
0.0,0.0,0.0,1,1,68.89,0,0,3,22,0,1,1,27.34,909,0.0,51,44,1500,0,4595.0,0,0.0,0,0,867.2,4,0,0.78,5462.2,0.0,4,Aggressive
0.0,0.0,0.0,0,1,86.11,0,0,1,45,1490,0,0,0.0,1973,0.0,27,26,0,0,158.9,0,5.981,0,0,4011.0,6,1558,0.6923,4175.880999999999,0.0,2,Survivalist
0.0,0.0,0.0,0,0,105.1,1,1,0,33,1094,1,1,13.17,1839,0.0,27,26,0,0,0.0,0,0.0,0,0,1235.0,7,1496,0.3077,1235.0,1.0,0,Aggressive
0.0,0.0,0.0,0,0,79.15,0,0,0,72,0,0,0,0.0,1886,0.0,95,90,1518,0,0.0,0,0.0,0,0,433.3,1,0,0.2553,433.3,0.0,0,Survivalist
0.0,0.0,0.0,0,2,43.28,0,0,1,48,1456,0,0,0.0,1902,0.0,95,92,0,0,1026.0,0,59.0,0,0,2952.0,6,1671,0.8511,4037.0,0.0,3,Survivalist
0.0,0.0,0.0,0,1,22.44,0,0,0,81,1262,0,0,0.0,1361,0.0,49,49,0,0,0.0,0,0.0,0,0,62.72,2,1574,0.0,62.72,0.0,1,Survivalist
0.0,0.0,0.0,0,0,125.4,0,0,0,41,0,1,1,50.78,1377,0.0,95,92,1485,0,119.7,0,0.0,0,0,894.4,3,0,0.5426,1014.1,0.0,0,Aggressive
0.0,0.0,0.0,0,1,168.1,1,2,2,13,1452,2,2,20.89,1448,0.0,28,27,0,0,0.0,0,0.0,0,0,2114.0,9,1513,0.8519,2114.0,1.0,3,Aggressive
0.0,0.0,0.0,0,0,30.1,0,0,0,41,1447,0,0,0.0,1739,0.0,30,30,0,0,0.0,0,0.0,0,0,768.8,3,1541,0.9655,768.8,0.0,0,Survivalist
0.0,0.0,0.0,0,3,685.0,3,2,4,1,0,6,1,425.3,1756,0.0,24,24,1497,0,1424.0,0,112.8,0,0,4063.0,6,0,1.0,5599.8,0.3333333333333333,7,Aggressive
0.0,0.0,0.0,0,0,0.0,1,0,0,36,0,1,1,5.039,1897,0.0,50,47,1460,0,0.0,0,0.0,0,0,248.2,3,0,0.0,248.2,0.0,0,Aggressive
0.0,0.0,0.0,0,0,182.0,2,2,1,19,1290,2,1,16.82,1326,0.0,28,28,0,0,0.0,0,0.0,0,0,1095.0,2,1538,0.5185,1095.0,1.0,1,Aggressive
0.0,0.0,0.0,0,0,0.0,0,0,0,91,1256,0,0,0.0,1859,0.0,27,26,0,0,0.0,0,0.0,0,0,0.0,0,1550,0.0,0.0,0.0,0,Survivalist
0.0,0.0,0.0,1,2,310.7,0,2,1,14,0,2,1,35.34,1816,0.0,94,92,1516,0,1091.0,0,0.0,0,0,2358.0,5,0,0.7312,3449.0,1.0,3,Aggressive
0.0,0.0,0.0,1,3,316.5,3,0,2,9,1099,3,2,29.91,1383,0.0,28,28,0,0,0.0,0,0.0,0,0,1938.0,6,1481,0.7037,1938.0,0.0,5,Aggressive
0.0,0.0,0.0,0,0,100.0,1,0,0,30,0,1,1,7.177,1309,0.0,29,28,1498,1,0.0,0,0.0,0,0,466.8,4,0,0.4286,466.8,0.0,0,Aggressive
0.0,0.0,0.0,0,0,138.8,1,0,0,65,1000,0,0,0.0,1396,0.0,28,28,0,0,0.0,0,0.0,0,0,692.7,3,1500,0.4074,692.7,0.0,0,Survivalist
0.0,0.0,0.0,0,1,180.7,1,0,5,33,1043,1,1,12.45,1790,0.0,47,47,0,0,0.0,0,0.0,0,0,390.1,3,1507,0.3478,390.1,0.0,6,Aggressive
0.0,0.0,0.0,0,0,300.9,2,0,2,12,1431,3,2,22.24,1419,0.0,28,28,0,1,0.0,0,0.0,0,0,1921.0,2,1489,0.6667,1921.0,0.0,2,Aggressive
0.0,0.0,0.0,0,7,0.0,0,0,0,49,0,0,0,0.0,1782,0.0,29,28,1505,0,0.0,0,0.0,0,0,1291.0,5,0,0.0,1291.0,0.0,7,Survivalist
0.0,0.0,0.0,1,0,123.0,0,0,0,86,0,0,0,0.0,1406,0.0,28,26,1381,0,0.0,0,0.0,0,0,102.0,3,0,0.0,102.0,0.0,0,Survivalist
0.0,0.0,0.0,1,0,11.5,0,0,0,84,1346,0,0,0.0,1955,0.0,94,92,0,0,1299.0,0,0.0,0,0,10.81,0,1646,0.0968,1309.81,0.0,0,Survivalist
0.0,0.0,0.0,0,2,0.0,3,2,1,5,0,4,2,91.92,1444,0.0,26,24,1447,0,0.0,0,0.0,0,0,3085.0,6,0,0.84,3085.0,0.5,3,Aggressive
0.0,0.0,0.0,0,0,0.0,0,0,0,68,1021,0,0,0.0,1349,0.0,49,45,0,0,0.0,0,0.0,0,0,13.24,0,1418,0.3542,13.24,0.0,0,Survivalist
0.0,0.0,0.0,0,0,100.0,0,0,0,94,1470,0,0,0.0,1757,0.0,49,49,0,0,0.0,0,0.0,1,0,35.22,1,1506,0.0417,35.22,0.0,0,Survivalist
0.0,0.0,0.0,0,1,0.0,0,0,0,52,1000,0,0,0.0,1762,0.0,47,46,0,0,0.0,0,0.0,0,0,1808.0,5,1500,0.6087,1808.0,0.0,1,Survivalist
0.0,0.0,0.0,0,3,21.97,0,0,0,41,1259,0,0,0.0,1886,0.0,29,28,0,0,6147.0,0,0.0,0,0,1449.0,5,1520,0.6786,7596.0,0.0,3,Survivalist
0.0,0.0,0.0,0,0,130.1,1,0,0,27,0,1,1,18.43,1492,0.0,27,25,1429,0,0.0,0,0.0,0,0,928.7,3,0,0.6154,928.7,0.0,0,Aggressive
0.0,0.0,0.0,0,0,0.0,0,0,0,34,0,1,1,31.93,1422,0.0,48,46,1479,0,0.0,0,0.0,0,0,69.97,1,0,0.4043,69.97,0.0,0,Aggressive
0.0,0.0,0.0,0,0,147.8,1,0,1,79,1276,0,0,0.0,1458,0.0,28,27,0,0,0.0,0,0.0,0,0,168.2,1,1415,0.1852,168.2,0.0,1,Survivalist
0.0,0.0,0.0,0,0,0.0,1,0,0,31,0,1,1,43.53,1929,0.0,25,24,1446,0,0.0,0,0.0,0,0,635.6,6,0,0.3333,635.6,0.0,0,Aggressive
0.0,0.0,0.0,0,3,0.0,0,0,1,27,0,1,1,5.257,1920,0.0,97,94,1500,0,0.0,0,0.0,1,0,2893.0,5,0,0.0,2893.0,0.0,4,Aggressive
0.0,0.0,0.0,0,0,137.7,1,0,0,70,0,0,0,0.0,1418,0.0,44,43,1603,0,0.0,0,0.0,0,0,173.3,2,0,0.2093,173.3,0.0,0,Survivalist
0.0,0.0,0.0,0,0,0.0,0,0,0,54,0,0,0,0.0,1767,0.0,47,44,1496,0,0.0,0,0.0,0,0,154.5,0,0,0.4783,154.5,0.0,0,Survivalist
0.0,0.0,0.0,0,0,0.0,0,1,0,24,0,1,1,56.62,1445,0.0,50,48,1532,0,0.0,0,46.07,0,0,2958.0,5,0,0.7959,3004.07,1.0,0,Aggressive
0.0,0.0,0.0,0,0,25.52,0,0,0,60,0,0,0,0.0,1772,0.0,28,27,1363,1,243.0,0,0.0,0,0,550.0,2,0,0.5185,793.0,0.0,0,Survivalist
0.0,0.0,0.0,0,1,0.0,0,0,5,85,1352,0,0,0.0,1439,0.0,31,30,0,0,0.0,0,0.0,0,0,76.51,4,1555,0.1,76.51,0.0,6,Survivalist
0.0,0.0,0.0,0,0,0.0,0,2,0,24,1111,2,1,16.58,1463,0.0,96,95,0,0,0.0,0,0.0,0,0,0.0,2,1495,0.0,0.0,1.0,0,Aggressive
0.0,0.0,0.0,0,0,0.0,0,0,0,88,0,0,0,0.0,1819,0.0,29,26,1415,0,0.0,0,71.57,0,0,365.0,1,0,0.1071,436.57,0.0,0,Survivalist
0.0,0.0,0.0,0,0,0.0,0,0,0,53,1031,0,0,0.0,1396,0.0,49,48,0,0,0.0,0,0.0,0,0,0.0,3,1462,0.0,0.0,0.0,0,Survivalist
0.0,0.0,0.0,0,0,88.92,1,0,0,93,1103,0,0,0.0,1931,0.0,31,31,0,1,0.0,0,0.0,0,0,136.3,3,1507,0.0667,136.3,0.0,0,Survivalist
0.0,0.0,0.0,1,0,17.16,0,0,0,62,0,0,0,0.0,1815,0.0,31,30,1460,0,0.0,0,0.0,0,0,200.5,1,0,0.5333,200.5,0.0,0,Survivalist
0.0,0.0,0.0,0,0,0.0,0,0,0,70,1301,0,0,0.0,1342,0.0,48,48,0,0,0.0,0,0.0,0,0,254.1,4,1343,0.383,254.1,0.0,0,Survivalist
0.0,0.0,0.0,0,0,219.6,2,0,0,34,1167,1,1,2.241,1340,0.0,31,29,0,2,0.0,0,0.0,2,0,370.4,3,1437,0.3333,370.4,0.0,0,Aggressive
0.0,0.0,0.0,0,1,119.3,0,0,0,15,1000,1,1,118.0,1385,0.0,56,55,0,0,0.0,0,0.0,0,0,1667.0,7,1500,0.9091,1667.0,0.0,1,Aggressive
0.0,0.0,0.0,0,4,0.0,4,0,5,7,0,3,1,157.2,1286,0.0,26,26,1508,0,0.0,0,0.0,0,0,2889.0,4,0,0.88,2889.0,0.0,9,Aggressive
0.0,0.0,0.0,0,2,393.5,1,1,4,10,1189,3,1,10.14,1912,0.0,42,42,0,4,1379.0,0,0.0,0,0,1765.0,5,1461,0.8537,3144.0,0.3333333333333333,6,Aggressive
0.0,0.0,0.0,0,0,48.82,0,0,0,83,0,0,0,0.0,1810,0.0,89,85,1517,0,0.0,0,0.0,0,0,0.0,1,0,0.0454,0.0,0.0,0,Survivalist
0.0,0.0,0.0,0,1,181.4,0,0,1,56,1410,0,0,0.0,2157,0.0,26,25,0,0,0.0,0,0.0,0,0,3618.0,4,1568,0.52,3618.0,0.0,2,Survivalist
0.0,0.0,0.0,0,0,0.0,0,0,0,95,0,0,0,0.0,1337,0.0,49,46,1497,0,0.0,0,0.0,0,0,0.0,0,0,0.0,0.0,0.0,0,Survivalist
0.0,0.0,0.0,0,0,0.0,1,0,0,38,0,1,1,15.21,1284,0.0,29,29,1506,0,0.0,0,0.0,0,0,53.94,1,0,0.3571,53.94,0.0,0,Aggressive
0.0,0.0,0.0,1,7,262.6,0,0,6,22,1421,1,1,21.58,1965,0.0,28,27,0,3,4363.0,0,8.504,0,0,3895.0,6,1699,1.0,8266.504,0.0,13,Aggressive
0.0,0.0,0.0,0,1,69.0,0,1,0,21,0,1,1,15.29,1306,0.0,28,26,1459,0,0.0,0,0.0,0,0,2802.0,5,0,0.963,2802.0,1.0,1,Aggressive
0.0,0.0,0.0,0,0,143.8,2,0,0,17,0,2,1,86.38,1285,0.0,26,25,1498,0,0.0,0,0.0,0,0,522.8,2,0,0.52,522.8,0.0,0,Aggressive
0.0,0.0,0.0,2,2,808.2,4,3,2,1,0,6,2,168.8,1389,0.0,29,29,1463,2,0.0,0,0.0,0,0,2156.0,4,0,0.6786,2156.0,0.5,4,Aggressive
0.0,0.0,0.0,0,0,69.66,0,0,0,84,0,0,0,0.0,1848,0.0,29,28,1453,0,0.0,0,0.0,0,0,467.5,3,0,0.0714,467.5,0.0,0,Survivalist
0.0,0.0,0.0,0,3,0.0,0,0,0,49,0,0,0,0.0,1321,0.0,92,91,1756,0,0.0,0,0.0,0,0,2845.0,2,0,0.7692,2845.0,0.0,3,Survivalist
0.0,0.0,0.0,0,0,0.0,0,0,0,70,0,0,0,0.0,1384,0.0,27,27,1449,0,0.0,0,0.0,0,0,62.35,2,0,0.1538,62.35,0.0,0,Survivalist
0.0,0.0,0.0,0,0,0.0,2,0,0,33,1610,1,1,2.738,1890,0.0,30,28,0,0,0.0,0,0.0,0,0,283.4,4,1515,0.0,283.4,0.0,0,Aggressive
0.0,0.0,0.0,0,0,10.8,0,0,0,86,1183,0,0,0.0,1303,0.0,29,28,0,0,0.0,0,0.0,0,0,48.1,0,1504,0.1071,48.1,0.0,0,Survivalist
0.0,0.0,0.0,0,0,168.2,0,0,0,74,0,0,0,0.0,1421,0.0,29,25,1461,0,0.0,0,0.0,0,0,82.18,1,0,0.1071,82.18,0.0,0,Survivalist
0.0,0.0,0.0,1,1,136.3,1,0,0,23,0,1,1,5.353,848,0.0,34,33,1500,1,2328.0,0,0.0,0,0,404.1,4,0,0.5758,2732.1,0.0,1,Aggressive
0.0,0.0,0.0,2,0,156.3,0,0,0,76,1314,0,0,0.0,1793,0.0,28,27,0,0,0.0,0,0.0,0,0,404.6,4,1479,0.2963,404.6,0.0,0,Survivalist
0.0,0.0,0.0,0,0,88.2,0,0,0,90,0,0,0,0.0,1810,0.0,49,48,1661,0,0.0,0,0.0,0,0,78.26,2,0,0.125,78.26,0.0,0,Survivalist
0.0,0.0,0.0,0,2,87.0,0,0,11,22,0,1,1,59.73,1765,0.0,30,28,1500,1,2083.0,0,0.0,0,0,3493.0,3,0,0.7931,5576.0,0.0,13,Aggressive
0.0,0.0,0.0,3,2,123.3,0,0,2,52,1000,0,0,0.0,1303,0.0,49,49,0,0,0.0,0,0.0,0,0,930.4,3,1500,0.6042,930.4,0.0,4,Survivalist
0.0,0.0,0.0,0,0,0.0,0,0,0,32,0,1,1,9.824,1379,0.0,94,90,1488,0,0.0,0,0.0,0,0,151.3,4,0,0.3871,151.3,0.0,0,Aggressive
0.0,0.0,0.0,0,0,175.0,1,0,0,17,1299,2,1,27.07,1410,0.0,47,45,0,0,0.0,0,0.0,0,0,1030.0,7,1561,0.6087,1030.0,0.0,0,Aggressive
0.0,0.0,0.0,0,10,311.9,1,0,23,14,0,2,1,147.9,1816,0.0,29,28,1531,0,3856.0,0,0.0,0,0,2291.0,3,0,0.9286,6147.0,0.0,33,Aggressive
0.0,0.0,0.0,0,0,0.0,0,0,0,57,0,0,0,0.0,1834,0.0,97,96,1537,0,0.0,0,0.0,0,0,2240.0,3,0,0.6875,2240.0,0.0,0,Survivalist
0.0,0.0,0.0,0,3,835.2,4,1,2,1,1534,10,2,74.76,1299,0.0,48,44,0,2,572.7,0,0.0,0,1,2029.0,4,1553,0.9574,2601.7,0.1,5,Aggressive
0.0,0.0,0.0,0,1,30.2,0,0,6,59,1099,0,0,0.0,1884,0.0,28,26,0,0,3770.0,0,0.0,0,0,875.2,5,1437,0.4444,4645.2,0.0,7,Survivalist
0.0,0.0,0.0,0,0,0.0,0,0,1,49,0,0,0,0.0,1366,0.0,26,26,1490,0,0.0,0,0.0,0,0,1407.0,7,0,0.64,1407.0,0.0,1,Survivalist
0.0,0.0,0.0,0,2,519.5,5,0,9,14,1511,2,1,27.47,1426,0.0,27,26,0,0,0.0,0,0.0,0,0,2792.0,4,1532,0.7692,2792.0,0.0,11,Aggressive
0.0,0.0,0.0,0,1,505.0,1,2,2,12,1594,3,1,18.29,1386,0.0,49,49,0,1,0.0,0,0.0,0,0,1097.0,4,1502,0.6458,1097.0,0.6666666666666666,3,Aggressive
0.0,0.0,0.0,0,0,0.0,0,0,0,72,0,0,0,0.0,1404,0.0,27,25,1510,0,0.0,0,0.0,0,0,137.1,4,0,0.1538,137.1,0.0,0,Survivalist
0.0,0.0,0.0,0,0,46.75,1,0,0,27,1220,1,1,60.28,1374,0.0,29,29,0,1,0.0,0,0.0,0,0,1055.0,5,1495,0.6071,1055.0,0.0,0,Aggressive
0.0,0.0,0.0,1,2,106.5,0,0,6,54,0,0,0,0.0,1395,0.0,45,44,1544,0,0.0,0,0.0,0,0,473.6,4,0,0.4773,473.6,0.0,8,Survivalist
0.0,0.0,0.0,0,2,195.0,0,0,1,51,1290,0,0,0.0,1969,0.0,30,30,0,0,2256.0,0,0.0,0,0,2378.0,4,1505,0.6207,4634.0,0.0,3,Survivalist
0.0,0.0,0.0,1,1,1075.0,4,0,2,5,0,4,2,114.9,1893,0.0,49,47,1577,0,5359.0,0,0.0,0,0,1628.0,5,0,0.8958,6987.0,0.0,3,Aggressive
0.0,0.0,0.0,0,0,0.0,0,0,0,48,0,0,0,0.0,1381,0.0,30,30,1482,0,0.0,0,0.0,0,0,1620.0,7,0,0.7586,1620.0,0.0,0,Survivalist
0.0,0.0,0.0,0,5,205.6,0,2,3,6,0,3,1,59.35,1388,0.0,28,28,1452,1,0.0,0,0.0,0,0,3278.0,6,0,1.0,3278.0,0.6666666666666666,8,Aggressive
0.0,0.0,0.0,0,1,0.0,0,0,0,64,0,0,0,0.0,1813,0.0,30,30,1500,1,1559.0,0,0.0,0,0,0.0,4,0,0.0,1559.0,0.0,1,Survivalist
0.0,0.0,0.0,0,3,0.0,0,0,4,53,1109,0,0,0.0,1269,0.0,50,45,0,0,393.7,0,0.0,0,0,2090.0,3,1494,0.6122,2483.7,0.0,7,Survivalist
0.0,0.0,0.0,0,0,0.0,0,0,0,75,0,0,0,0.0,1424,0.0,28,26,1377,0,0.0,0,0.0,0,0,218.8,4,0,0.2222,218.8,0.0,0,Survivalist
0.0,0.0,0.0,3,0,391.2,3,0,1,66,1321,0,0,0.0,1441,0.0,29,28,0,0,0.0,0,0.0,0,0,224.9,1,1545,0.3571,224.9,0.0,1,Survivalist
0.0,0.0,0.0,0,1,0.0,1,0,0,53,0,0,0,0.0,1800,0.0,28,28,1500,0,2306.0,0,0.0,1,0,0.0,5,0,0.0,2306.0,0.0,1,Survivalist
0.0,0.0,0.0,0,0,12.28,1,0,0,81,0,0,0,0.0,1289,0.0,29,28,1495,0,0.0,0,0.0,0,0,173.2,3,0,0.0,173.2,0.0,0,Survivalist
0.0,0.0,0.0,0,0,19.35,0,0,0,59,0,0,0,0.0,1442,0.0,48,46,1658,0,0.0,0,0.0,0,0,286.9,3,0,0.4043,286.9,0.0,0,Survivalist
0.0,0.0,0.0,0,2,80.2,0,0,0,53,0,0,0,0.0,1390,0.0,97,96,1551,0,0.0,0,0.0,0,0,483.2,4,0,0.6562,483.2,0.0,2,Survivalist
0.0,0.0,0.0,0,3,11.61,0,0,0,52,1063,0,0,0.0,1296,0.0,98,95,0,0,0.0,0,0.0,0,0,817.3,8,1508,0.5979,817.3,0.0,3,Survivalist
0.0,0.0,0.0,0,0,0.0,0,1,0,35,0,1,1,6.218,1984,0.0,96,95,1576,0,0.0,0,0.0,0,0,495.4,4,0,0.4316,495.4,1.0,0,Aggressive
0.0,0.0,0.0,0,0,121.2,1,0,0,34,0,1,1,18.92,1461,0.0,47,46,1542,1,0.0,0,0.0,0,0,186.9,3,0,0.3478,186.9,0.0,0,Aggressive
0.0,0.0,0.0,0,5,41.18,0,0,5,54,0,0,0,0.0,1810,0.0,28,28,1478,0,7535.0,0,0.0,0,0,1923.0,5,0,0.6667,9458.0,0.0,10,Survivalist
0.0,0.0,0.0,1,0,278.1,2,1,0,7,1053,3,2,73.99,2112,0.0,46,43,0,0,0.0,0,0.0,0,0,2004.0,7,1510,0.6444,2004.0,0.3333333333333333,0,Aggressive
0.0,0.0,0.0,0,0,33.11,0,0,1,78,0,0,0,0.0,1384,0.0,29,29,1488,0,0.0,0,0.0,0,0,213.3,3,0,0.0,213.3,0.0,1,Survivalist
0.0,0.0,0.0,0,0,66.3,0,0,1,87,0,0,0,0.0,1418,0.0,29,26,1475,0,0.0,0,0.0,0,0,118.5,2,0,0.1071,118.5,0.0,1,Survivalist
0.0,0.0,0.0,0,2,103.9,2,0,5,16,1000,2,1,44.91,1886,0.0,47,47,0,0,909.6,0,0.0,0,0,930.6,7,1500,0.6522,1840.2,0.0,7,Aggressive
0.0,0.0,0.0,0,0,76.6,1,0,0,94,0,0,0,0.0,1399,0.0,30,30,1462,0,0.0,0,15.56,0,0,89.19,3,0,0.0,104.75,0.0,0,Survivalist
0.0,0.0,0.0,0,1,0.0,0,0,0,67,0,0,0,0.0,1787,0.0,27,26,1472,0,0.0,0,0.0,0,0,243.5,3,0,0.2308,243.5,0.0,1,Survivalist
0.0,0.0,0.0,1,2,19.35,0,0,1,54,0,0,0,0.0,1386,0.0,47,45,1480,0,1002.0,0,0.0,0,0,361.0,2,0,0.5,1363.0,0.0,3,Survivalist
0.0,0.0,0.0,0,0,111.6,0,1,0,30,0,1,1,37.9,1464,0.0,95,94,1581,0,0.0,0,0.0,0,0,422.4,2,0,0.5213,422.4,1.0,0,Aggressive
0.0,0.0,0.0,0,0,0.0,0,0,0,76,0,0,0,0.0,1971,0.0,49,47,1481,0,0.0,0,0.0,0,0,223.2,2,0,0.2292,223.2,0.0,0,Survivalist
0.0,0.0,0.0,0,0,0.0,0,0,0,95,1077,0,0,0.0,1279,0.0,27,27,0,0,0.0,0,0.0,0,0,0.0,0,1499,0.0,0.0,0.0,0,Survivalist
0.0,0.0,0.0,0,0,32.34,0,0,0,54,0,0,0,0.0,1955,0.0,40,36,1489,0,2723.0,0,0.0,0,0,927.9,5,0,0.4103,3650.9,0.0,0,Survivalist
0.0,0.0,0.0,1,3,477.9,2,1,7,12,1420,2,1,186.0,1382,0.0,47,45,0,0,0.0,0,0.0,0,0,2423.0,8,1477,0.7826,2423.0,0.5,10,Aggressive
0.0,0.0,0.0,0,1,126.2,0,1,3,28,0,1,1,15.59,1269,0.0,99,96,1499,0,0.0,0,0.0,0,0,1784.0,4,0,0.6633,1784.0,1.0,4,Aggressive
0.0,0.0,0.0,0,3,3.427,2,0,5,53,0,0,0,0.0,1918,0.0,27,27,1505,3,495.8,0,0.0,1,0,4014.0,3,0,0.5769,4509.8,0.0,8,Survivalist
0.0,0.0,0.0,0,0,50.24,1,0,0,78,0,0,0,0.0,1874,0.0,27,27,1349,2,0.0,0,0.0,0,0,146.8,2,0,0.0,146.8,0.0,0,Survivalist
0.0,0.0,0.0,0,0,0.0,1,0,0,74,1287,0,0,0.0,1161,0.0,30,29,0,0,0.0,0,0.0,0,0,0.0,4,1405,0.0,0.0,0.0,0,Survivalist
0.0,0.0,0.0,0,0,78.06,0,0,0,25,1000,1,1,249.1,1839,0.0,97,95,0,0,0.0,0,0.0,0,0,2369.0,10,1500,0.8542,2369.0,0.0,0,Aggressive
0.0,0.0,0.0,0,0,200.0,1,3,0,24,0,2,1,4.605,1354,0.0,49,47,1515,0,0.0,0,0.0,0,0,210.9,3,0,0.3333,210.9,1.5,0,Aggressive
0.0,0.0,0.0,0,0,60.63,0,0,0,50,0,0,0,0.0,1978,0.0,22,22,1488,0,0.0,0,0.0,0,0,2267.0,4,0,0.4762,2267.0,0.0,0,Survivalist
0.0,0.0,0.0,1,3,306.6,1,0,5,46,1332,0,0,0.0,1337,0.0,27,27,0,1,0.0,0,0.0,0,0,1458.0,2,1517,0.6923,1458.0,0.0,8,Survivalist
0.0,0.0,0.0,0,0,0.0,0,0,0,70,1278,0,0,0.0,1432,0.0,100,97,0,0,144.1,0,0.0,0,0,198.4,2,1511,0.3636,342.5,0.0,0,Survivalist
0.0,0.0,0.0,0,0,0.0,0,0,0,76,0,0,0,0.0,1293,0.0,46,46,1452,0,0.0,0,0.0,0,0,78.8,0,0,0.1778,78.8,0.0,0,Survivalist
0.0,0.0,0.0,0,0,75.18,0,0,0,85,0,0,0,0.0,1772,0.0,26,24,1653,0,0.0,0,0.0,0,0,31.77,1,0,0.0,31.77,0.0,0,Survivalist
0.0,0.0,0.0,0,0,0.0,0,0,0,95,1293,0,0,0.0,1399,0.0,49,48,0,0,0.0,0,0.0,0,0,40.85,1,1415,0.0,40.85,0.0,0,Survivalist
0.0,0.0,0.0,0,0,0.0,0,0,0,63,0,0,0,0.0,1973,0.0,47,46,1494,0,1178.0,0,0.0,0,0,568.6,3,0,0.413,1746.6,0.0,0,Survivalist
0.0,0.0,0.0,0,1,171.5,1,0,7,63,0,0,0,0.0,1395,0.0,46,45,1557,0,0.0,0,0.0,0,0,327.4,4,0,0.4222,327.4,0.0,8,Survivalist
0.0,0.0,0.0,0,0,0.0,0,0,0,64,1249,0,0,0.0,1301,0.0,47,47,0,0,0.0,0,0.0,0,0,188.5,5,1560,0.413,188.5,0.0,0,Survivalist
0.0,0.0,0.0,0,0,93.95,0,0,0,73,1220,0,0,0.0,1384,0.0,29,27,0,0,0.0,0,0.0,0,0,267.3,4,1457,0.0,267.3,0.0,0,Survivalist
0.0,0.0,0.0,0,4,800.7,5,1,2,1,1000,7,2,98.47,1427,0.0,27,25,0,0,0.0,0,0.0,0,0,2649.0,3,1500,0.7692,2649.0,0.14285714285714285,6,Aggressive
0.0,0.0,0.0,0,0,0.0,0,0,0,76,0,0,0,0.0,1365,0.0,27,25,1435,0,0.0,0,0.0,0,0,114.3,1,0,0.1538,114.3,0.0,0,Survivalist
0.0,0.0,0.0,0,0,0.0,0,0,0,73,1528,0,0,0.0,1381,0.0,29,28,0,0,0.0,0,0.0,0,0,223.9,2,1504,0.3214,223.9,0.0,0,Survivalist
0.0,0.0,0.0,0,0,47.6,0,0,0,75,1068,0,0,0.0,1450,0.0,50,50,0,0,0.0,0,0.0,0,0,141.1,4,1501,0.2653,141.1,0.0,0,Survivalist
0.0,0.0,0.0,0,1,17.32,0,0,0,70,1479,0,0,0.0,1363,0.0,48,48,0,0,0.0,0,0.0,0,0,447.3,2,1608,0.4043,447.3,0.0,1,Survivalist
0.0,0.0,0.0,0,0,191.7,1,1,0,41,1000,1,1,5.334,1369,0.0,29,29,0,0,0.0,0,0.0,0,0,64.27,1,1500,0.2143,64.27,1.0,0,Aggressive
0.0,0.0,0.0,0,0,329.4,2,2,1,10,1275,3,1,49.5,1873,0.0,35,35,0,0,0.0,0,0.0,0,0,122.8,3,1409,0.1471,122.8,0.6666666666666666,1,Aggressive
0.0,0.0,0.0,0,0,0.0,0,0,0,57,0,0,0,0.0,1867,0.0,95,92,1485,0,658.9,0,0.0,1,0,1483.0,3,0,0.617,2141.9,0.0,0,Survivalist
0.0,0.0,0.0,0,0,74.73,0,0,0,27,1051,0,0,0.0,1401,0.0,20,20,0,0,0.0,0,0.0,0,0,2320.0,4,1521,0.5789,2320.0,0.0,0,Survivalist
0.0,0.0,0.0,0,0,100.0,0,0,0,36,1347,1,1,0.9899,1384,0.0,95,92,0,0,0.0,0,0.0,0,0,168.8,2,1379,0.3404,168.8,0.0,0,Aggressive
0.0,0.0,0.0,0,1,28.87,0,0,1,55,1229,0,0,0.0,1366,0.0,29,27,0,0,0.0,0,0.0,0,0,1652.0,6,1470,0.75,1652.0,0.0,2,Survivalist
0.0,0.0,0.0,0,0,39.1,0,0,1,66,0,0,0,0.0,1384,0.0,48,46,1489,1,0.0,0,0.0,0,0,618.5,6,0,0.4468,618.5,0.0,1,Survivalist
0.0,0.0,0.0,1,4,634.4,4,2,2,2,0,6,2,139.7,1836,0.0,47,47,1511,0,3609.0,0,0.0,0,0,2874.0,5,0,0.8696,6483.0,0.3333333333333333,6,Aggressive
0.0,0.0,0.0,0,0,114.9,0,0,0,20,0,2,1,31.76,1374,0.0,94,93,1500,0,0.0,0,0.0,0,0,154.5,3,0,0.4194,154.5,0.0,0,Aggressive
0.0,0.0,0.0,2,1,0.0,3,4,5,10,1404,3,1,7.799,1906,0.0,26,25,0,0,0.0,0,0.0,0,0,1196.0,2,1572,0.36,1196.0,1.3333333333333333,6,Aggressive
0.0,0.0,0.0,0,0,46.7,3,0,0,18,0,2,1,11.75,1403,0.0,28,28,1477,0,0.0,0,0.0,1,0,477.2,2,0,0.3704,477.2,0.0,0,Aggressive
0.0,0.0,0.0,0,0,0.0,0,0,0,87,1292,0,0,0.0,1898,0.0,28,28,0,0,0.0,0,0.0,0,0,0.0,0,1437,0.0,0.0,0.0,0,Survivalist
0.0,0.0,0.0,0,0,100.0,1,0,0,41,0,1,1,5.27,1352,0.0,48,47,1469,0,0.0,0,0.0,0,0,100.6,1,0,0.0425,100.6,0.0,0,Aggressive
0.0,0.0,0.0,0,0,0.0,0,0,0,97,1052,0,0,0.0,1362,0.0,28,27,0,0,0.0,0,0.0,0,0,0.0,0,1519,0.0,0.0,0.0,0,Survivalist
0.0,0.0,0.0,0,0,37.73,0,0,0,62,0,0,0,0.0,1542,0.0,29,29,1464,0,0.0,0,95.71,0,0,527.7,4,0,0.5357,623.4100000000001,0.0,0,Survivalist
0.0,0.0,0.0,0,2,0.0,0,0,2,53,1320,0,0,0.0,1809,0.0,41,40,0,0,0.0,0,0.0,0,0,1443.0,4,1593,0.525,1443.0,0.0,4,Survivalist
0.0,0.0,0.0,0,0,100.0,1,0,0,80,1516,0,0,0.0,1925,0.0,29,27,0,0,0.0,0,0.0,0,0,5.882,0,1504,0.1786,5.882,0.0,0,Survivalist
0.0,0.0,0.0,0,0,35.54,0,0,11,30,0,1,1,4.995,1973,0.0,27,25,1437,1,0.0,0,0.0,0,0,1079.0,4,0,0.4615,1079.0,0.0,11,Aggressive
0.0,0.0,0.0,0,2,0.0,0,0,9,47,1057,0,0,0.0,1390,0.0,27,26,0,0,0.0,0,0.0,0,0,0.0,9,1487,0.0,0.0,0.0,11,Survivalist
0.0,0.0,0.0,1,2,83.89,0,0,0,39,0,0,0,0.0,1818,0.0,90,85,1525,0,3092.0,0,67.8,0,0,2612.0,3,0,0.8315,5771.8,0.0,2,Survivalist
0.0,0.0,0.0,1,0,97.5,0,0,0,58,0,0,0,0.0,1375,0.0,47,46,1485,0,0.0,0,0.0,0,0,459.6,3,0,0.3913,459.6,0.0,0,Survivalist
0.0,0.0,0.0,0,0,150.2,1,2,0,35,987,1,1,9.534,1971,0.0,49,46,0,0,574.7,0,0.0,0,0,172.9,3,1492,0.25,747.6,2.0,0,Aggressive
0.0,0.0,0.0,0,1,51.0,1,0,1,76,0,0,0,0.0,1771,0.0,29,27,1408,0,2475.0,0,0.0,0,0,1520.0,5,0,0.3214,3995.0,0.0,2,Survivalist
0.0,0.0,0.0,0,0,0.0,0,0,0,84,0,0,0,0.0,1854,0.0,47,43,1505,0,0.0,0,0.0,0,0,44.4,1,0,0.0652,44.4,0.0,0,Survivalist
0.0,0.0,0.0,0,0,0.0,0,0,0,45,1257,0,0,0.0,1372,0.0,28,28,0,0,0.0,0,58.1,0,0,2724.0,6,1553,0.0,2782.1,0.0,0,Survivalist
0.0,0.0,0.0,0,0,86.19,0,0,0,84,0,0,0,0.0,1771,0.0,49,45,1501,0,0.0,0,0.0,0,0,269.6,2,0,0.1042,269.6,0.0,0,Survivalist
0.0,0.0,0.0,0,4,107.7,0,0,1,23,0,1,1,8.426,1316,0.0,48,45,1493,0,0.0,0,0.0,0,0,2685.0,3,0,0.0,2685.0,0.0,5,Aggressive
0.0,0.0,0.0,0,0,274.0,2,0,0,23,1443,2,1,77.33,1306,0.0,28,27,0,0,0.0,0,0.0,0,0,968.0,2,1471,0.4444,968.0,0.0,0,Aggressive
0.0,0.0,0.0,1,2,34.68,0,0,1,61,1218,0,0,0.0,1860,0.0,30,30,0,0,4280.0,0,0.0,0,0,1774.0,3,1435,0.5517,6054.0,0.0,3,Survivalist
0.0,0.0,0.0,0,0,0.0,2,0,0,25,0,1,1,21.93,1303,0.0,28,27,1487,0,0.0,0,0.0,0,0,287.2,4,0,0.5926,287.2,0.0,0,Aggressive
0.0,0.0,0.0,0,2,35.59,0,0,1,51,1006,0,0,0.0,1447,0.0,46,42,0,0,0.0,0,0.0,0,0,464.1,5,1509,0.4667,464.1,0.0,3,Survivalist
0.0,0.0,0.0,1,1,149.2,1,0,0,37,1094,1,1,4.777,1309,0.0,28,27,0,0,0.0,0,0.0,0,0,309.9,3,1490,0.2222,309.9,0.0,1,Aggressive
0.0,0.0,0.0,0,4,218.7,3,3,11,7,0,4,2,51.96,1922,0.0,28,26,1454,0,4699.0,0,0.0,0,0,1999.0,5,0,0.5556,6698.0,0.75,15,Aggressive
0.0,0.0,0.0,0,0,0.0,0,0,0,85,0,0,0,0.0,1854,0.0,28,28,1414,0,0.0,0,0.0,0,0,139.9,2,0,0.037,139.9,0.0,0,Survivalist
0.0,0.0,0.0,0,7,258.9,1,0,5,23,0,1,1,30.85,1902,0.0,27,27,1488,2,7381.0,0,0.0,0,0,1470.0,5,0,0.8077,8851.0,0.0,12,Aggressive
0.0,0.0,0.0,0,1,211.4,2,1,1,12,1091,3,2,12.0,1405,0.0,49,46,0,1,0.0,0,0.0,0,0,490.3,7,1514,0.625,490.3,0.3333333333333333,2,Aggressive
0.0,0.0,0.0,0,0,0.0,0,0,0,61,0,0,0,0.0,1750,0.0,49,48,1502,0,0.0022,0,0.0,0,0,2661.0,4,0,0.5417,2661.0022,0.0,0,Survivalist
0.0,0.0,0.0,2,2,436.2,2,1,2,8,1455,2,1,70.18,1893,0.0,22,22,0,0,201.8,0,0.0,0,0,4372.0,8,1518,0.0,4573.8,0.5,4,Aggressive
0.0,0.0,0.0,0,1,0.0,0,0,1,75,0,0,0,0.0,1294,0.0,31,30,1476,0,0.0,0,0.0,0,0,216.4,2,0,0.3333,216.4,0.0,2,Survivalist
0.0,0.0,0.0,0,0,0.0,0,0,0,65,994,0,0,0.0,1994,0.0,48,47,0,0,0.0,0,0.0,0,0,2296.0,8,1496,0.4681,2296.0,0.0,0,Survivalist
0.0,0.0,0.0,0,0,0.0,0,0,0,89,0,0,0,0.0,1424,0.0,93,88,1525,0,0.0,0,0.0,0,0,0.0,0,0,0.0,0.0,0.0,0,Survivalist
0.0,0.0,0.0,0,1,98.28,0,0,0,72,0,0,0,0.0,1861,0.0,47,45,1500,0,0.0,0,0.0,0,0,565.0,2,0,0.2174,565.0,0.0,1,Survivalist
0.0,0.0,0.0,0,0,0.0,0,0,0,88,0,0,0,0.0,1338,0.0,47,46,1519,0,0.0,0,0.0,0,0,82.96,1,0,0.0435,82.96,0.0,0,Survivalist
0.0,0.0,0.0,0,0,68.37,0,0,0,59,1242,0,0,0.0,1933,0.0,30,30,0,0,0.0,0,0.0,0,0,2631.0,4,1408,0.5862,2631.0,0.0,0,Survivalist
0.0,0.0,0.0,0,0,0.0,1,0,0,39,1354,1,1,34.68,1962,0.0,30,30,0,0,363.0,0,0.0,0,0,622.7,3,1539,0.1379,985.7,0.0,0,Aggressive
0.0,0.0,0.0,0,2,156.0,0,0,6,51,0,0,0,0.0,1846,0.0,29,29,1385,1,560.1,0,41.59,0,0,3801.0,4,0,0.7143,4402.6900000000005,0.0,8,Survivalist
0.0,0.0,0.0,0,0,0.0,1,0,0,40,1070,1,1,6.826,1380,0.0,50,45,0,0,0.0,0,0.0,0,0,121.1,1,1507,0.1224,121.1,0.0,0,Aggressive
0.0,0.0,0.0,2,1,165.1,1,0,5,42,0,0,0,0.0,1796,0.0,28,27,1594,0,0.0,0,0.0,0,0,492.7,3,0,0.6667,492.7,0.0,6,Survivalist
0.0,0.0,0.0,1,3,147.3,2,0,1,59,1200,0,0,0.0,1878,0.0,26,26,0,0,4113.0,0,0.0,0,0,2183.0,4,1461,0.48,6296.0,0.0,4,Survivalist
0.0,0.0,0.0,1,10,636.5,1,0,4,3,1589,6,2,106.9,1882,0.0,47,46,0,0,8854.0,0,0.0,0,0,3252.0,5,1747,0.913,12106.0,0.0,14,Aggressive
0.0,0.0,0.0,0,0,0.0,0,0,0,7,0,0,0,0.0,1808,0.0,15,2,1500,0,0.0,0,0.0,0,0,172.6,4,0,0.0,172.6,0.0,0,Survivalist
0.0,0.0,0.0,0,0,0.0,0,0,0,80,0,0,0,0.0,1768,0.0,30,30,1418,0,0.0,0,0.0,0,0,123.9,3,0,0.1034,123.9,0.0,0,Survivalist
0.0,0.0,0.0,1,0,86.0,0,0,0,62,0,0,0,0.0,1311,0.0,48,45,1524,0,0.0,0,18.65,0,0,79.58,2,0,0.4894,98.22999999999999,0.0,0,Survivalist
0.0,0.0,0.0,0,5,365.6,0,2,0,6,1501,4,1,26.19,1806,0.0,98,94,0,0,6919.0,1,0.0,0,0,1194.0,6,1544,0.6804,8113.0,0.5,5,Aggressive
0.0,0.0,0.0,0,0,100.0,0,0,1,31,1065,1,1,6.117,1413,0.0,86,74,0,0,0.0,0,0.0,0,0,191.1,5,1507,0.3647,191.1,0.0,1,Aggressive
0.0,0.0,0.0,3,3,970.4,5,0,1,1,0,9,2,89.68,1828,0.0,30,30,1504,2,0.0,0,0.0,0,0,2582.0,7,0,0.8966,2582.0,0.0,4,Aggressive
0.0,0.0,0.0,0,3,112.4,2,1,3,13,0,2,2,78.86,1832,0.0,27,26,1389,0,7071.0,0,28.57,0,0,2928.0,4,0,0.7692,10027.57,0.5,6,Aggressive
0.0,0.0,0.0,0,0,0.0,0,0,0,89,0,0,0,0.0,1253,0.0,27,24,1487,0,0.0,0,0.0,0,0,0.0,0,0,0.0,0.0,0.0,0,Survivalist
0.0,0.0,0.0,0,0,83.78,0,0,0,83,0,0,0,0.0,1385,0.0,28,28,1422,0,0.0,0,0.0,0,0,244.8,2,0,0.1852,244.8,0.0,0,Survivalist
0.0,0.0,0.0,0,0,0.0,0,0,0,92,0,0,0,0.0,1429,0.0,27,26,1463,0,0.0,0,0.0,0,0,25.45,1,0,0.0,25.45,0.0,0,Survivalist
0.0,0.0,0.0,0,0,0.0,0,0,0,70,1280,0,0,0.0,1885,0.0,27,27,0,0,0.0,0,0.0,0,0,595.0,5,1453,0.2308,595.0,0.0,0,Survivalist
0.0,0.0,0.0,0,0,96.35,0,0,0,90,1132,0,0,0.0,1335,0.0,28,27,0,0,0.0,0,0.0,0,0,67.22,2,1504,0.0741,67.22,0.0,0,Survivalist
0.0,0.0,0.0,0,1,458.7,0,1,5,32,0,3,1,6.649,608,0.0,15,14,1500,0,0.0,0,0.0,0,0,358.4,14,0,0.0714,358.4,0.3333333333333333,6,Aggressive
0.0,0.0,0.0,0,0,60.63,0,0,0,56,1482,0,0,0.0,1277,0.0,29,28,0,0,0.0,0,0.0,0,0,114.4,1,1573,0.5714,114.4,0.0,0,Survivalist
0.0,0.0,0.0,0,0,0.0,1,0,1,35,0,1,1,7.746,1394,0.0,28,28,1391,0,0.0,0,0.0,0,0,0.0,4,0,0.0,0.0,0.0,1,Aggressive
0.0,0.0,0.0,0,2,0.0,0,0,0,9,0,3,1,26.93,1920,0.0,96,93,1552,0,0.0,0,0.0,0,0,523.5,9,0,0.8105,523.5,0.0,2,Aggressive
0.0,0.0,0.0,0,0,74.38,1,0,0,38,0,1,1,6.076,1848,0.0,27,23,1419,0,0.0,0,0.0,0,0,214.4,3,0,0.1538,214.4,0.0,0,Aggressive
0.0,0.0,0.0,0,1,101.0,1,0,9,25,1465,1,1,99.75,1360,0.0,26,26,0,1,0.0,0,0.0,0,0,2097.0,3,1560,0.72,2097.0,0.0,10,Aggressive
0.0,0.0,0.0,0,3,151.8,2,0,5,29,0,1,1,157.3,1356,0.0,27,26,1473,1,171.3,0,0.0,0,0,2895.0,6,0,0.7692,3066.3,0.0,8,Aggressive
0.0,0.0,0.0,0,6,135.1,1,1,4,13,1375,2,1,18.12,1310,0.0,50,45,0,0,626.7,0,40.98,0,0,3241.0,2,1527,0.898,3908.68,0.5,10,Aggressive
0.0,0.0,0.0,0,2,0.0,2,0,2,10,0,3,1,50.56,1794,0.0,27,25,1487,1,3753.0,0,0.0,0,0,1553.0,4,0,0.0,5306.0,0.0,4,Aggressive
0.0,0.0,0.0,5,2,0.0,1,0,5,19,0,1,1,147.7,1843,0.0,29,28,1567,0,2020.0,0,0.0,0,0,3594.0,3,0,0.0,5614.0,0.0,7,Aggressive
0.0,0.0,0.0,0,0,0.0,0,0,0,53,1000,0,0,0.0,1367,0.0,48,46,0,0,0.0,0,0.0,0,0,993.0,8,1500,0.5532,993.0,0.0,0,Survivalist
0.0,0.0,0.0,0,0,373.0,0,1,6,7,1108,4,1,65.83,1381,0.0,99,96,0,0,0.0,0,0.0,0,0,1314.0,8,1495,0.8469,1314.0,0.25,6,Aggressive
0.0,0.0,0.0,1,3,220.1,1,0,0,18,1233,2,2,8.043,2191,0.0,48,47,0,0,1495.0,0,0.0,0,0,1131.0,4,1498,0.383,2626.0,0.0,3,Aggressive
0.0,0.0,0.0,0,0,51.6,0,0,0,73,1245,0,0,0.0,1382,0.0,49,48,0,0,0.0,0,0.0,0,0,577.4,4,1563,0.2917,577.4,0.0,0,Survivalist
0.0,0.0,0.0,0,0,100.0,1,0,0,34,1692,1,1,38.64,1385,0.0,28,28,0,0,0.0,0,0.0,0,0,190.3,4,1600,0.4074,190.3,0.0,0,Aggressive
0.0,0.0,0.0,0,0,0.0,0,0,0,87,1293,0,0,0.0,1863,0.0,28,27,0,0,0.0,0,0.0,0,0,257.4,4,1458,0.1111,257.4,0.0,0,Survivalist
0.0,0.0,0.0,0,2,333.0,1,0,0,19,1158,2,2,15.86,1898,0.0,49,48,0,0,6548.0,0,0.0,0,0,1171.0,2,1507,0.6667,7719.0,0.0,2,Aggressive
0.0,0.0,0.0,0,2,0.0,0,0,1,44,0,0,0,0.0,1432,0.0,30,28,1057,1,0.0,0,0.0,0,0,2609.0,2,0,0.7931,2609.0,0.0,3,Survivalist
0.0,0.0,0.0,0,3,252.6,2,0,8,11,0,3,1,10.12,1517,0.0,29,28,1549,0,50.47,0,0.0,1,0,946.4,2,0,0.3571,996.87,0.0,11,Aggressive
0.0,0.0,0.0,0,0,68.46,0,0,0,40,1000,0,0,0.0,1982,0.0,15,15,0,0,2772.0,0,0.0,0,0,869.5,5,1500,0.5,3641.5,0.0,0,Survivalist
0.0,0.0,0.0,0,5,791.8,0,5,2,3,0,8,1,315.0,1959,0.0,95,90,1607,0,5040.0,0,0.0,0,0,3323.0,3,0,0.8617,8363.0,0.625,7,Aggressive
0.0,0.0,0.0,0,0,79.56,0,0,0,71,0,0,0,0.0,1366,0.0,45,42,1501,0,0.0,0,0.0,0,0,130.2,2,0,0.25,130.2,0.0,0,Survivalist
0.0,0.0,0.0,1,0,239.4,1,1,0,31,0,1,1,271.5,1369,0.0,25,23,1496,0,0.0,0,0.0,0,0,519.8,3,0,0.375,519.8,1.0,0,Aggressive
0.0,0.0,0.0,0,0,100.0,1,0,0,35,1000,1,1,19.77,1355,0.0,29,29,0,0,0.0,0,0.0,0,0,126.3,1,1500,0.0,126.3,0.0,0,Aggressive
0.0,0.0,0.0,0,2,129.3,0,1,2,33,0,1,1,10.33,1888,0.0,45,42,1530,0,140.8,0,0.0,0,0,581.3,4,0,0.4773,722.0999999999999,1.0,4,Aggressive
0.0,0.0,0.0,0,6,259.7,2,0,1,37,0,0,0,0.0,2179,0.0,48,47,1574,0,4155.0,0,0.0,0,0,2011.0,4,0,0.8085,6166.0,0.0,7,Survivalist
0.0,0.0,0.0,0,3,114.4,0,0,1,44,0,0,0,0.0,1863,0.0,28,25,1528,2,7560.0,0,7.971,0,0,3041.0,3,0,0.8889,10608.971,0.0,4,Survivalist
0.0,0.0,0.0,0,0,333.1,2,0,0,12,0,3,2,215.2,1807,0.0,49,48,1523,0,0.0,0,355.0,0,0,3091.0,5,0,0.7917,3446.0,0.0,0,Aggressive
0.0,0.0,0.0,1,4,504.8,3,1,25,12,0,2,1,13.86,1763,0.0,30,28,1500,0,2497.0,0,0.0,0,0,3084.0,8,0,1.0,5581.0,0.5,29,Aggressive
0.0,0.0,0.0,0,0,0.0,0,0,0,85,1000,0,0,0.0,1795,0.0,28,27,0,0,0.0,0,0.0,0,0,275.6,2,1500,0.0,275.6,0.0,0,Survivalist
0.0,0.0,0.0,3,3,157.1,0,0,4,36,1564,0,0,0.0,1397,0.0,27,26,0,2,0.0,0,102.8,0,0,2564.0,7,1514,1.0,2666.8,0.0,7,Survivalist
0.0,0.0,0.0,0,3,0.0,1,0,2,12,0,2,1,30.43,1938,0.0,29,26,1424,0,2908.0,0,0.0,0,0,1625.0,8,0,0.75,4533.0,0.0,5,Aggressive
0.0,0.0,0.0,0,2,115.3,0,0,1,22,1246,1,1,13.71,1421,0.0,97,91,0,0,0.0,0,0.0,0,0,1844.0,2,1572,0.8333,1844.0,0.0,3,Aggressive
0.0,0.0,0.0,1,1,92.8,0,0,0,24,0,1,1,4.746,1341,0.0,29,29,1464,0,0.0,0,0.0,0,0,2948.0,4,0,0.8571,2948.0,0.0,1,Aggressive
0.0,0.0,0.0,0,0,73.0,1,3,0,17,1000,2,1,2.502,1455,0.0,27,24,0,0,0.0,0,0.0,0,0,142.7,2,1500,0.2308,142.7,1.5,0,Aggressive
0.0,0.0,0.0,0,0,0.0,0,0,0,66,0,0,0,0.0,1773,0.0,48,48,1500,0,0.0,0,0.0,0,0,325.3,6,0,0.4255,325.3,0.0,0,Survivalist
0.0,0.0,0.0,0,0,0.0,0,0,0,91,1305,0,0,0.0,1925,0.0,92,91,0,0,0.0,0,0.0,0,0,16.79,0,1530,0.011,16.79,0.0,0,Survivalist
0.0,0.0,0.0,0,0,70.2,0,0,0,92,0,0,0,0.0,1387,0.0,27,27,1443,0,0.0,0,0.0,0,0,10.46,2,0,0.0385,10.46,0.0,0,Survivalist
0.0,0.0,0.0,0,0,0.0,0,0,0,78,1211,0,0,0.0,1388,0.0,48,47,0,0,0.0,0,0.0,0,0,273.1,4,1514,0.2128,273.1,0.0,0,Survivalist
0.0,0.0,0.0,0,3,0.2071,0,0,0,40,1143,0,0,0.0,1955,0.0,46,45,0,0,4772.0,0,0.0,0,0,2419.0,7,1595,0.9778,7191.0,0.0,3,Survivalist
0.0,0.0,0.0,1,1,100.0,0,0,1,27,1000,1,1,6.982,1404,0.0,48,45,0,0,0.0,0,0.0,0,0,1739.0,5,1500,0.8298,1739.0,0.0,2,Aggressive
0.0,0.0,0.0,0,4,440.0,1,1,3,2,1184,4,2,49.68,1395,0.0,47,46,0,0,1303.0,0,0.0,0,0,2864.0,6,1540,1.0,4167.0,0.25,7,Aggressive
0.0,0.0,0.0,0,0,0.0,0,0,0,93,0,0,0,0.0,1933,0.0,94,94,1526,0,0.0,0,0.0,0,0,14.09,0,0,0.0107,14.09,0.0,0,Survivalist
0.0,0.0,0.0,0,0,0.0,0,0,0,87,1020,0,0,0.0,1482,0.0,48,46,0,0,0.0,0,0.0,0,0,138.7,1,1511,0.0638,138.7,0.0,0,Survivalist
0.0,0.0,0.0,0,3,0.0,0,0,2,45,0,0,0,0.0,1894,0.0,27,26,1415,0,1130.0,0,0.0,0,0,1714.0,11,0,0.6538,2844.0,0.0,5,Survivalist
0.0,0.0,0.0,0,2,0.0,0,0,2,51,0,0,0,0.0,1516,0.0,93,91,1507,0,0.0,0,0.0,0,0,1822.0,6,0,0.7065,1822.0,0.0,4,Survivalist
0.0,0.0,0.0,0,0,0.0,2,1,0,36,0,1,1,18.43,1840,0.0,27,26,1529,1,0.0,0,0.0,0,0,0.0,3,0,0.0,0.0,1.0,0,Aggressive
0.0,0.0,0.0,0,0,0.0,0,0,0,70,1691,0,0,0.0,1397,0.0,30,29,0,0,0.0,0,0.0,0,0,45.65,0,1548,0.2414,45.65,0.0,0,Survivalist
0.0,0.0,0.0,0,0,0.0,0,0,0,60,0,0,0,0.0,1812,0.0,27,25,1500,0,0.0,0,0.0,0,0,760.7,2,0,0.3462,760.7,0.0,0,Survivalist
0.0,0.0,0.0,0,0,0.0,0,0,0,31,0,1,1,118.3,1377,0.0,92,90,1497,0,0.0,0,0.0,0,0,514.0,4,0,0.4725,514.0,0.0,0,Aggressive
0.0,0.0,0.0,0,0,91.14,0,0,0,54,1299,0,0,0.0,1845,0.0,94,89,0,0,0.0,0,0.0,0,0,798.7,5,1361,0.4839,798.7,0.0,0,Survivalist
0.0,0.0,0.0,0,0,149.0,1,0,0,86,1000,0,0,0.0,1885,0.0,27,27,0,0,0.0,0,0.0,0,0,180.8,2,1500,0.0385,180.8,0.0,0,Survivalist
0.0,0.0,0.0,0,0,0.0,0,0,0,60,0,0,0,0.0,1404,0.0,48,47,1478,0,161.7,0,0.0,0,0,465.3,3,0,0.0,627.0,0.0,0,Survivalist
0.0,0.0,0.0,0,2,0.0,0,0,0,66,1107,0,0,0.0,1775,0.0,30,28,0,0,0.0,0,0.0,0,0,571.6,3,1536,0.3793,571.6,0.0,2,Survivalist
0.0,0.0,0.0,0,1,88.94,0,0,0,58,0,0,0,0.0,1436,0.0,95,92,1505,0,0.0,0,0.0,0,0,456.3,2,0,0.5106,456.3,0.0,1,Survivalist
0.0,0.0,0.0,0,1,299.2,4,0,1,11,1465,3,1,12.09,1985,0.0,26,26,0,0,0.0,0,0.0,0,0,1176.0,4,1513,0.0,1176.0,0.0,2,Aggressive
0.0,0.0,0.0,0,0,0.0,0,0,0,85,0,0,0,0.0,1376,0.0,26,25,1483,0,0.0,0,0.0,0,0,0.0,0,0,0.0,0.0,0.0,0,Survivalist
0.0,0.0,0.0,0,1,118.5,0,0,0,33,0,1,1,35.32,1366,0.0,97,95,1503,0,0.0,0,0.0,0,0,1301.0,2,0,0.6042,1301.0,0.0,1,Aggressive
0.0,0.0,0.0,0,0,22.61,0,0,0,49,0,0,0,0.0,1867,0.0,29,27,1427,0,4576.0,0,0.0,0,0,2632.0,6,0,0.75,7208.0,0.0,0,Survivalist
0.0,0.0,0.0,2,5,762.9,3,1,8,2,0,7,1,111.4,1827,0.0,46,44,1693,0,5552.0,0,27.53,0,0,5711.0,3,0,0.9556,11290.53,0.14285714285714285,13,Aggressive
0.0,0.0,46676755889615.0,0,1,176.6,0,0,2,54,0,0,0,0.0,1811,0.0,29,29,1466,0,2726.0,0,0.0,0,0,1712.0,5,0,0.6071,4438.0,0.0,3,Survivalist
0.0,0.0,0.0,0,4,107.2,0,0,3,31,1104,1,1,31.37,1378,0.0,29,28,0,1,1892.0,0,0.0,0,0,2363.0,3,1510,0.7857,4255.0,0.0,7,Aggressive
0.0,0.0,0.0,0,2,0.0,0,0,0,42,1130,0,0,0.0,1382,0.0,47,46,0,0,0.0,0,0.0,0,0,1785.0,8,1525,0.8478,1785.0,0.0,2,Survivalist
0.0,0.0,0.0,0,0,0.0,0,0,0,88,0,0,0,0.0,1357,0.0,47,47,1461,0,0.0,0,0.0,0,0,18.25,1,0,0.0435,18.25,0.0,0,Survivalist
0.0,0.0,0.0,1,0,1096.0,9,0,2,19,0,10,1,33.65,1109,0.0,8,8,1500,0,0.0,0,0.0,0,0,1629.0,36,0,0.1429,1629.0,0.0,2,Aggressive
0.0,0.0,0.0,0,0,276.0,2,1,0,19,0,2,1,18.02,1377,0.0,27,26,1559,0,0.0,0,0.0,0,0,110.2,3,0,0.3077,110.2,0.5,0,Aggressive
0.0,0.0,0.0,0,0,54.12,0,0,0,74,1598,0,0,0.0,1244,0.0,28,27,0,0,0.0,0,0.0,0,0,117.6,2,1548,0.4074,117.6,0.0,0,Survivalist
0.0,0.0,0.0,0,1,100.0,1,0,3,19,0,1,1,12.94,1900,0.0,26,26,1507,0,0.0,0,0.0,0,0,356.4,3,0,0.0,356.4,0.0,4,Aggressive
0.0,0.0,0.0,1,2,209.0,0,1,1,11,0,2,1,36.15,1427,0.0,85,84,1526,0,0.0,0,0.0,0,0,3298.0,6,0,0.9524,3298.0,0.5,3,Aggressive
0.0,0.0,0.0,0,0,0.0,0,0,0,84,0,0,0,0.0,1375,0.0,48,43,1430,0,0.0,0,0.0,0,0,46.92,1,0,0.0638,46.92,0.0,0,Survivalist
0.0,0.0,0.0,0,1,127.0,1,0,0,43,1014,1,1,8.554,1376,0.0,27,26,0,0,0.0,0,0.0,0,0,266.8,2,1504,0.1923,266.8,0.0,1,Aggressive
0.0,0.0,0.0,0,7,0.0,0,0,10,45,0,0,0,0.0,1979,0.0,96,92,1494,0,0.0,0,0.0,0,0,3170.0,5,0,0.7895,3170.0,0.0,17,Survivalist
0.0,0.0,0.0,0,0,0.0,0,0,0,64,1058,0,0,0.0,1309,0.0,48,43,0,0,0.0,0,0.0,0,0,0.0,3,1502,0.0,0.0,0.0,0,Survivalist
0.0,0.0,0.0,2,3,297.1,2,0,1,10,1146,3,1,103.4,1848,0.0,28,27,0,0,1228.0,0,0.0,0,0,5030.0,5,1431,0.963,6258.0,0.0,4,Aggressive
0.0,0.0,0.0,0,0,11.61,0,0,0,43,0,0,0,0.0,1402,0.0,64,63,1554,0,0.0,0,0.0,0,0,333.6,4,0,0.3968,333.6,0.0,0,Survivalist
0.0,0.0,0.0,0,0,206.5,1,1,1,35,1371,1,1,2.83,1818,0.0,48,47,0,0,0.0,0,0.0,0,0,151.3,2,1510,0.2128,151.3,1.0,1,Aggressive
0.0,0.0,0.0,2,2,183.4,1,0,9,27,1402,1,1,1.794,1397,0.0,29,28,0,0,0.0,0,0.0,0,0,1887.0,9,1485,0.8571,1887.0,0.0,11,Aggressive
0.0,0.0,0.0,0,2,536.6,2,1,2,7,1386,3,1,102.2,1360,0.0,26,26,0,0,0.0,0,0.0,0,0,2874.0,4,1481,0.92,2874.0,0.3333333333333333,4,Aggressive
0.0,0.0,0.0,0,0,0.0,0,0,0,63,1007,0,0,0.0,1357,0.0,49,49,0,0,1631.0,0,13.34,0,0,209.9,4,1502,0.4792,1854.24,0.0,0,Survivalist
0.0,0.0,0.0,0,0,200.0,2,0,0,80,1098,0,0,0.0,1462,0.0,29,28,0,0,0.0,0,0.0,2,0,138.9,2,1473,0.1786,138.9,0.0,0,Survivalist
0.0,0.0,0.0,0,0,0.0,0,0,0,72,1097,0,0,0.0,1375,0.0,48,47,0,0,0.0,0,0.0,0,0,286.0,3,1522,0.2979,286.0,0.0,0,Survivalist
0.0,0.0,0.0,0,1,388.7,1,0,7,14,1104,2,1,92.56,1328,0.0,27,26,0,1,0.0,0,0.0,0,0,1469.0,6,1484,0.5769,1469.0,0.0,8,Aggressive
0.0,0.0,0.0,1,7,24.25,0,0,11,53,0,0,0,0.0,1818,0.0,31,27,1382,1,3208.0,0,0.0,0,0,1232.0,6,0,0.7333,4440.0,0.0,18,Survivalist
0.0,0.0,0.0,2,2,354.1,0,0,1,41,1663,0,0,0.0,1907,0.0,26,25,0,1,3501.0,0,0.0,0,0,2888.0,6,1585,0.96,6389.0,0.0,3,Survivalist
0.0,0.0,0.0,2,1,78.79,0,0,0,43,1285,0,0,0.0,1301,0.0,48,48,0,0,0.0,0,0.0,0,0,2742.0,3,1576,0.9362,2742.0,0.0,1,Survivalist
0.0,0.0,0.0,1,1,128.0,2,3,0,16,1237,2,1,122.0,1368,0.0,30,29,0,0,0.0,0,0.0,0,0,690.9,2,1470,0.7931,690.9,1.5,1,Aggressive
0.0,0.0,0.0,1,0,376.0,2,0,1,37,0,1,1,14.46,1394,0.0,27,26,1433,0,0.0,0,0.9561,0,0,393.1,6,0,0.2692,394.0561,0.0,1,Aggressive
0.0,0.0,0.0,3,2,88.92,0,0,2,47,1297,0,0,0.0,1305,0.0,30,29,0,0,0.0,0,0.0,0,0,1244.0,6,1453,0.8276,1244.0,0.0,4,Survivalist
0.0,0.0,0.0,0,1,0.0,0,0,2,65,0,60,0,0.0,1910,0.0,99,97,1490,0,91.83,0,0.0,0,0,0.0,5,0,0.0,91.83,0.0,3,Aggressive
0.0,0.0,0.0,0,0,54.45,0,0,0,73,0,0,0,0.0,1295,0.0,28,27,1464,0,0.0,0,0.0,0,0,105.4,6,0,0.2963,105.4,0.0,0,Survivalist
0.0,0.0,0.0,0,0,0.0,0,0,0,91,0,0,0,0.0,1386,0.0,49,48,1491,0,0.0,0,0.0,0,0,169.1,2,0,0.0208,169.1,0.0,0,Survivalist
0.0,0.0,0.0,0,0,206.0,2,0,1,16,0,2,2,7.767,1867,0.0,29,29,1496,0,408.4,0,0.0,0,0,465.7,6,0,0.2857,874.0999999999999,0.0,1,Aggressive
0.0,0.0,0.0,0,0,24.78,0,0,0,59,1160,0,0,0.0,1882,0.0,47,47,0,0,0.0,0,0.0,0,0,1883.0,7,1445,0.5652,1883.0,0.0,0,Survivalist
0.0,0.0,0.0,0,5,654.9,4,7,4,1,0,6,2,122.5,1307,0.0,28,27,1468,0,0.0,0,86.15,0,0,2551.0,5,0,0.963,2637.15,1.1666666666666667,9,Aggressive
0.0,0.0,0.0,1,2,262.0,2,0,8,11,0,2,2,25.24,1243,0.0,30,29,1543,0,0.0,0,0.0,0,0,3111.0,4,0,0.7586,3111.0,0.0,10,Aggressive
0.0,0.0,0.0,0,0,0.0,0,0,0,75,0,0,0,0.0,1368,0.0,49,47,1496,0,0.0,0,0.0,0,0,161.9,0,0,0.2708,161.9,0.0,0,Survivalist
0.0,0.0,0.0,0,1,408.5,3,0,1,4,0,5,1,39.65,1366,0.0,27,26,1429,0,0.0,0,0.0,0,0,996.8,4,0,0.6154,996.8,0.0,2,Aggressive
0.0,0.0,0.0,0,0,100.0,1,0,0,31,0,1,1,4.268,1400,0.0,25,24,1418,0,0.0,0,0.0,0,0,1398.0,2,0,0.4167,1398.0,0.0,0,Aggressive
0.0,0.0,0.0,1,3,182.5,0,0,4,45,0,0,0,0.0,1366,0.0,30,29,1504,0,154.7,0,0.0,0,0,1230.0,3,0,0.8276,1384.7,0.0,7,Survivalist
0.0,0.0,0.0,0,0,194.5,0,0,1,20,0,2,1,47.86,1688,0.0,99,94,1499,0,0.0,0,0.0,0,0,1501.0,6,0,0.5204,1501.0,0.0,1,Aggressive
0.0,0.0,0.0,1,6,631.7,3,5,10,1,1169,8,2,266.6,1907,0.0,46,45,0,1,527.6,0,0.0,0,0,3846.0,5,1442,0.8222,4373.6,0.625,16,Aggressive
0.0,0.0,0.0,0,6,513.9,0,1,5,5,0,4,1,218.0,1867,0.0,93,88,1495,0,3261.0,0,0.0,0,0,2687.0,5,0,0.913,5948.0,0.25,11,Aggressive
0.0,0.0,0.0,1,0,0.0,0,0,4,67,0,0,0,0.0,1857,0.0,29,27,1198,2,0.0,0,0.0,0,0,300.4,3,0,0.1786,300.4,0.0,4,Survivalist
0.0,0.0,0.0,0,0,0.0,0,0,0,84,1133,0,0,0.0,1204,0.0,49,46,0,0,0.0,0,0.0,0,0,57.49,2,1508,0.1458,57.49,0.0,0,Survivalist
0.0,87687986036909.0,0.0,0,0,250.6,1,0,0,9,0,3,1,157.6,1955,0.0,50,48,1515,0,0.0,0,0.0,0,0,2450.0,7,0,0.8776,2450.0,0.0,0,Aggressive
0.0,0.0,0.0,0,0,0.0,0,0,0,67,0,0,0,0.0,1845,0.0,28,27,1639,0,0.0,0,0.0,0,0,1780.0,5,0,0.4815,1780.0,0.0,0,Survivalist
0.0,0.0,0.0,0,0,0.0,0,0,0,92,0,0,0,0.0,1842,0.0,29,27,1369,0,0.0,0,0.0,0,0,0.0,0,0,0.0,0.0,0.0,0,Survivalist
0.0,0.0,0.0,0,2,183.7,1,1,9,15,0,2,1,100.0,1766,0.0,31,31,1467,0,2138.0,0,0.0,0,0,2250.0,5,0,0.6667,4388.0,0.5,11,Aggressive
0.0,0.0,0.0,0,0,47.3,0,0,0,77,0,0,0,0.0,1455,0.0,95,95,1574,0,0.0,0,0.0,0,0,148.1,2,0,0.234,148.1,0.0,0,Survivalist
0.0,0.0,0.0,0,1,145.5,1,3,0,11,0,2,1,42.94,1421,0.0,49,49,1861,1,0.0,0,0.0,0,0,2562.0,7,0,1.0,2562.0,1.5,1,Aggressive
0.0,0.0,0.0,0,0,100.0,1,0,0,42,0,1,1,14.47,1316,0.0,29,29,1448,0,0.0,0,0.0,0,0,87.63,2,0,0.25,87.63,0.0,0,Aggressive
0.0,0.0,0.0,0,1,92.44,0,0,1,37,0,1,1,15.17,1391,0.0,97,96,1484,0,0.0,0,0.0,0,0,173.3,2,0,0.4062,173.3,0.0,2,Aggressive
0.0,0.0,0.0,0,2,102.0,0,0,0,27,0,1,1,34.44,1444,0.0,28,27,1684,0,0.0,0,0.0,0,0,2901.0,6,0,0.6296,2901.0,0.0,2,Aggressive
0.0,0.0,0.0,0,0,0.0,0,0,0,87,0,0,0,0.0,1902,0.0,49,48,1496,0,0.0,0,0.0,0,0,63.62,1,0,0.0833,63.62,0.0,0,Survivalist
0.0,0.0,0.0,0,0,0.0,0,0,0,75,1173,0,0,0.0,1454,0.0,30,29,0,0,883.5,0,0.0,0,0,477.3,4,1454,0.3103,1360.8,0.0,0,Survivalist
0.0,0.0,0.0,0,0,0.0,0,0,0,90,0,0,0,0.0,1871,0.0,28,27,1490,0,0.0,0,0.0,0,0,0.0,0,0,0.0,0.0,0.0,0,Survivalist
0.0,0.0,0.0,0,0,100.0,0,0,0,42,0,1,1,33.84,1385,0.0,95,90,1438,0,0.0,0,0.0,0,0,64.18,1,0,0.0851,64.18,0.0,0,Aggressive
0.0,0.0,0.0,0,3,471.5,3,2,4,3,0,5,2,37.6,1865,0.0,48,46,1511,0,1020.0,0,0.0,1,0,1591.0,3,0,0.6596,2611.0,0.4,7,Aggressive
0.0,0.0,0.0,0,0,0.0,0,0,0,79,0,0,0,0.0,1460,0.0,49,47,1500,0,0.0,0,50.28,0,0,0.0,1,0,0.0,50.28,0.0,0,Survivalist
0.0,0.0,0.0,0,1,163.8,0,0,5,54,0,0,0,0.0,1357,0.0,48,46,1516,0,0.0,0,0.0,0,0,1481.0,4,0,0.5957,1481.0,0.0,6,Survivalist
0.0,0.0,0.0,1,2,442.8,3,1,6,13,0,2,1,31.34,1919,0.0,46,46,1482,1,867.6,0,0.0,0,0,2888.0,7,0,0.7778,3755.6,0.5,8,Aggressive
0.0,0.0,0.0,0,1,43.7,0,0,0,79,0,0,0,0.0,1870,0.0,29,27,1454,0,0.0,0,0.0,0,0,168.2,3,0,0.1786,168.2,0.0,1,Survivalist
0.0,0.0,0.0,0,2,23.91,0,0,7,49,1275,0,0,0.0,1773,0.0,28,28,0,0,0.0,0,0.0,0,0,3584.0,8,1519,0.7778,3584.0,0.0,9,Survivalist
0.0,0.0,0.0,0,0,109.4,0,0,1,81,0,0,0,0.0,1971,0.0,96,93,1472,0,0.0,0,0.0,0,0,83.16,2,0,0.1579,83.16,0.0,1,Survivalist
0.0,0.0,0.0,0,1,86.48,0,0,2,85,1000,0,0,0.0,1850,0.0,28,28,0,0,0.0,0,0.0,0,0,191.3,2,1500,0.1111,191.3,0.0,3,Survivalist
0.0,0.0,0.0,0,0,0.0,0,0,0,83,0,0,0,0.0,1810,0.0,27,24,1466,0,0.0,0,0.0,0,0,0.0,0,0,0.0,0.0,0.0,0,Survivalist
0.0,0.0,0.0,0,0,56.35,0,0,0,94,0,0,0,0.0,1290,0.0,29,29,1461,0,0.0,0,0.0,0,0,31.5,2,0,0.0,31.5,0.0,0,Survivalist
0.0,0.0,47190389926309.0,0,0,37.06,1,0,0,76,1258,0,0,0.0,1375,0.0,28,28,0,0,0.0,0,0.0,0,0,128.2,1,1483,0.2963,128.2,0.0,0,Survivalist
0.0,0.0,0.0,0,0,100.0,1,0,0,29,0,1,1,7.645,1956,0.0,47,44,1503,0,0.0,0,0.0,0,0,706.3,3,0,0.3913,706.3,0.0,0,Aggressive
0.0,0.0,0.0,0,0,21.77,0,0,0,64,1185,0,0,0.0,1792,0.0,28,28,0,0,3240.0,0,48.66,0,0,483.2,9,1508,0.3333,3771.8599999999997,0.0,0,Survivalist
0.0,0.0,0.0,0,0,100.0,1,0,0,38,0,1,1,1.105,1861,0.0,49,46,1488,0,731.2,0,0.0,0,0,276.6,2,0,0.2292,1007.8000000000001,0.0,0,Aggressive
0.0,0.0,0.0,0,0,100.0,1,0,0,39,1501,1,1,4.232,1890,0.0,29,28,0,0,0.0,0,0.0,0,0,549.4,4,1457,0.1429,549.4,0.0,0,Aggressive
0.0,0.0,0.0,1,5,300.6,0,0,1,48,1437,0,0,0.0,1328,0.0,49,48,0,0,0.0,0,0.0,0,0,1788.0,3,1687,0.8333,1788.0,0.0,6,Survivalist
0.0,0.0,0.0,0,1,345.2,1,1,4,15,1338,2,1,25.09,1366,0.0,29,29,0,0,0.0,0,88.18,0,0,1181.0,6,1573,0.7143,1269.18,0.5,5,Aggressive
0.0,0.0,0.0,1,1,193.3,1,0,1,28,0,1,1,10.51,1920,0.0,29,28,1500,0,1523.0,0,0.0,0,0,3205.0,8,0,0.75,4728.0,0.0,2,Aggressive
0.0,0.0,0.0,0,0,97.6,0,0,0,23,0,1,1,25.79,1337,0.0,91,90,1502,0,0.0,0,0.0,0,0,1403.0,6,0,0.7778,1403.0,0.0,0,Aggressive
0.0,0.0,0.0,0,0,216.7,2,1,1,33,0,1,1,51.51,1452,0.0,48,47,1514,0,0.0,0,0.0,0,0,1941.0,5,0,0.5532,1941.0,1.0,1,Aggressive
0.0,0.0,0.0,1,0,42.0,0,0,0,85,0,0,0,0.0,1341,0.0,27,26,1411,0,0.0,0,0.0,0,0,56.16,1,0,0.0769,56.16,0.0,0,Survivalist
0.0,0.0,0.0,0,0,66.09,0,0,0,63,0,0,0,0.0,1947,0.0,27,26,1549,0,0.0,0,0.0,0,0,326.6,3,0,0.3462,326.6,0.0,0,Survivalist
0.0,0.0,0.0,0,0,200.0,2,0,0,87,1123,0,0,0.0,1360,0.0,26,25,0,0,0.0,0,0.0,0,0,44.82,2,1478,0.04,44.82,0.0,0,Survivalist
0.0,0.0,0.0,0,0,0.0,0,0,0,79,0,0,0,0.0,1884,0.0,100,97,1502,0,0.0,0,0.0,0,0,67.9,3,0,0.2626,67.9,0.0,0,Survivalist
0.0,0.0,0.0,0,0,165.7,2,1,0,22,0,2,2,25.03,1371,0.0,27,26,1525,1,0.0,0,0.0,0,0,147.7,1,0,0.2308,147.7,0.5,0,Aggressive
0.0,0.0,0.0,0,2,100.0,0,0,0,29,1284,1,1,22.69,1861,0.0,91,89,0,0,0.0,0,0.0,0,0,1653.0,3,1428,0.5,1653.0,0.0,2,Aggressive
0.0,0.0,0.0,1,0,393.0,1,0,1,8,0,4,2,14.73,1378,0.0,48,48,1513,0,0.0,0,0.0,1,0,370.6,5,0,0.4043,370.6,0.0,1,Aggressive
0.0,0.0,0.0,0,0,0.0,0,0,0,79,0,0,0,0.0,1895,0.0,49,48,1500,0,0.0,0,0.0,0,0,369.5,3,0,0.2292,369.5,0.0,0,Survivalist
0.0,0.0,0.0,0,0,0.0,0,0,0,65,0,0,0,0.0,1984,0.0,30,29,1487,0,1316.0,0,0.0,0,0,889.4,2,0,0.3103,2205.4,0.0,0,Survivalist
0.0,0.0,0.0,3,4,292.6,1,0,12,30,1467,1,1,8.168,1779,0.0,27,26,0,1,0.0,0,70.06,0,0,2672.0,9,1521,0.7692,2742.06,0.0,16,Aggressive
0.0,0.0,0.0,0,0,100.0,1,0,2,76,0,0,0,0.0,1802,0.0,30,26,1500,0,0.0,0,0.0,0,0,192.6,4,0,0.1379,192.6,0.0,2,Survivalist
0.0,0.0,0.0,0,2,0.0,0,0,4,57,1017,0,0,0.0,1404,0.0,27,26,0,0,0.0,0,0.0,0,0,1776.0,5,1469,0.4231,1776.0,0.0,6,Survivalist
0.0,0.0,0.0,0,3,181.6,0,0,2,22,1000,0,0,0.0,1863,0.0,16,16,0,0,2643.0,0,0.0,0,0,2918.0,6,1500,0.8667,5561.0,0.0,5,Survivalist
0.0,0.0,0.0,0,0,0.0,0,0,0,99,0,0,0,0.0,1443,0.0,99,97,1499,0,0.0,0,0.0,0,0,50.49,1,0,0.0,50.49,0.0,0,Survivalist
0.0,0.0,0.0,0,0,68.05,0,0,0,37,958,1,1,93.73,1366,0.0,49,48,0,0,0.0,0,0.0,0,0,624.3,4,1442,0.5833,624.3,0.0,0,Aggressive
0.0,0.0,0.0,1,3,192.0,1,0,2,25,1522,1,1,10.71,1758,0.0,29,28,0,0,3562.0,0,0.0,0,0,1802.0,4,1584,0.6071,5364.0,0.0,5,Aggressive
0.0,0.0,0.0,0,0,100.0,0,0,0,42,0,1,1,15.77,1991,0.0,94,87,1594,0,0.0,0,0.0,0,0,34.62,1,0,0.0323,34.62,0.0,0,Aggressive
0.0,0.0,0.0,0,0,0.0,0,0,0,91,0,0,0,0.0,1688,0.0,99,94,1506,0,0.0,0,0.0,0,0,42.79,2,0,0.102,42.79,0.0,0,Survivalist
0.0,0.0,0.0,0,0,0.0,0,0,0,93,1452,0,0,0.0,1284,0.0,99,97,0,0,0.0,0,0.0,0,0,14.11,1,1483,0.0612,14.11,0.0,0,Survivalist
0.0,0.0,0.0,0,1,0.0,0,0,5,41,0,0,0,0.0,911,0.0,48,46,1500,0,4705.0,0,0.0,0,0,0.0,1,0,0.0,4705.0,0.0,6,Survivalist
0.0,0.0,0.0,1,0,59.24,0,0,0,85,0,0,0,0.0,1849,0.0,50,48,1502,0,0.0,0,0.0,0,0,112.9,2,0,0.1429,112.9,0.0,0,Survivalist
0.0,0.0,0.0,1,4,0.0,0,1,1,25,0,1,1,6.758,1388,0.0,46,45,1480,0,428.8,0,0.0,0,0,819.7,6,0,0.6667,1248.5,1.0,5,Aggressive
0.0,0.0,0.0,0,0,0.0,0,0,0,88,0,0,0,0.0,1979,0.0,94,90,1495,0,0.0,0,0.0,0,0,57.67,0,0,0.0538,57.67,0.0,0,Survivalist
0.0,0.0,0.0,0,2,0.0,0,0,7,46,0,0,0,0.0,1427,0.0,50,49,1543,0,0.0,0,0.0,0,0,2842.0,4,0,0.0,2842.0,0.0,9,Survivalist
0.0,0.0,0.0,0,2,0.0,2,3,1,3,0,5,1,195.2,1345,0.0,49,46,1695,1,0.0,0,0.0,0,0,0.0,3,0,0.0,0.0,0.6,3,Aggressive
0.0,0.0,0.0,0,0,0.0,0,0,0,68,1043,0,0,0.0,1405,0.0,29,27,0,0,0.0,0,0.0,0,0,326.9,3,1508,0.3214,326.9,0.0,0,Survivalist
0.0,0.0,0.0,0,0,47.98,0,0,0,85,1151,0,0,0.0,1534,0.0,28,26,0,0,0.0,0,0.0,0,0,31.89,3,1502,0.1111,31.89,0.0,0,Survivalist
0.0,0.0,0.0,0,0,0.0,0,0,0,91,0,0,0,0.0,1371,0.0,95,94,1496,0,0.0,0,0.0,0,0,8.637,0,0,0.0425,8.637,0.0,0,Survivalist
0.0,0.0,0.0,0,0,28.38,0,0,0,63,0,0,0,0.0,1869,0.0,98,92,1752,0,1074.0,0,0.0,0,0,897.0,3,0,0.4845,1971.0,0.0,0,Survivalist
0.0,0.0,0.0,0,1,84.87,0,0,0,58,0,0,0,0.0,1370,0.0,29,28,1584,0,0.0,0,0.0,0,0,113.0,2,0,0.5,113.0,0.0,1,Survivalist
0.0,0.0,0.0,0,2,29.51,0,0,0,45,1000,0,0,0.0,1310,0.0,49,49,0,0,0.0,0,0.0,0,0,2206.0,5,1500,0.9375,2206.0,0.0,2,Survivalist
0.0,0.0,0.0,0,0,136.2,1,0,0,51,0,0,0,0.0,1863,0.0,46,44,1490,0,0.0,0,0.0,0,0,1195.0,5,0,0.4889,1195.0,0.0,0,Survivalist
0.0,0.0,0.0,0,0,94.01,0,0,0,68,1150,0,0,0.0,1342,0.0,95,92,0,0,0.0,0,0.0,0,0,223.7,3,1453,0.3085,223.7,0.0,0,Survivalist
0.0,0.0,0.0,0,5,146.2,0,0,5,48,0,0,0,0.0,1879,0.0,28,27,1455,1,4300.0,0,0.0,0,0,3331.0,3,0,0.7037,7631.0,0.0,10,Survivalist
0.0,0.0,0.0,0,0,100.0,1,0,0,45,0,1,1,22.25,1420,0.0,49,48,1504,0,0.0,0,0.0,0,0,59.87,2,0,0.1042,59.87,0.0,0,Aggressive
0.0,0.0,0.0,0,0,121.9,1,0,0,95,0,0,0,0.0,1789,0.0,28,28,1403,0,0.0,0,0.0,0,0,188.3,3,0,0.0,188.3,0.0,0,Survivalist
0.0,0.0,0.0,0,1,0.0,0,0,4,63,0,0,0,0.0,1778,0.0,27,27,1363,4,0.0,0,0.0,0,0,1297.0,7,0,0.4231,1297.0,0.0,5,Survivalist
0.0,0.0,0.0,0,0,100.0,0,1,0,41,0,1,1,0.0,1373,0.0,96,92,1569,0,0.0,0,0.0,0,0,299.1,2,0,0.3263,299.1,1.0,0,Aggressive
0.0,0.0,0.0,0,1,193.3,1,0,1,36,1363,1,1,12.05,1442,0.0,47,44,0,0,0.0,0,0.0,0,0,267.2,3,1489,0.2609,267.2,0.0,2,Aggressive
84094728134716.0,0.0,0.0,0,0,0.0,0,0,0,77,1448,0,0,0.0,1841,0.0,90,86,0,0,0.0,0,0.0,0,0,62.29,5,1485,0.1573,62.29,0.0,0,Survivalist
0.0,0.0,0.0,0,0,0.0,1,0,1,30,0,1,1,45.62,1377,0.0,29,29,1532,0,0.0,0,0.0,0,0,217.7,2,0,0.6786,217.7,0.0,1,Aggressive
0.0,0.0,0.0,0,3,0.0,0,0,3,50,0,0,0,0.0,1409,0.0,49,47,1510,0,2105.0,0,0.0,0,0,1436.0,3,0,0.7083,3541.0,0.0,6,Survivalist
0.0,0.0,0.0,0,3,112.3,2,0,3,15,0,2,2,168.8,1976,0.0,27,27,1514,1,9065.0,0,3.129,0,0,2086.0,9,0,0.7692,11154.129,0.0,6,Aggressive
0.0,0.0,0.0,0,0,0.0,0,0,0,80,0,0,0,0.0,1355,0.0,26,24,1495,0,0.0,0,0.0,0,0,0.0,0,0,0.0,0.0,0.0,0,Survivalist
0.0,0.0,0.0,0,0,0.0,2,0,0,31,0,1,1,48.65,1390,0.0,27,26,1528,0,0.0,0,0.0,0,0,413.5,3,0,0.1538,413.5,0.0,0,Aggressive
0.0,0.0,0.0,1,2,113.0,1,0,5,35,1247,1,1,4.416,1356,0.0,48,46,0,0,0.0,0,0.0,0,0,166.3,2,1524,0.2766,166.3,0.0,7,Aggressive
0.0,0.0,0.0,0,1,0.0,0,0,0,52,1124,0,0,0.0,1422,0.0,97,94,0,0,0.0,0,0.0,0,0,0.0,6,1525,0.0,0.0,0.0,1,Survivalist
0.0,0.0,0.0,0,0,0.0,0,0,0,91,0,0,0,0.0,1868,0.0,49,45,1439,0,0.0,0,0.0,0,0,0.0,0,0,0.0,0.0,0.0,0,Survivalist
0.0,0.0,0.0,0,0,0.0,0,0,0,95,1323,0,0,0.0,1858,0.0,29,29,0,0,0.0,0,0.0,0,0,0.0,0,1511,0.0,0.0,0.0,0,Survivalist
0.0,0.0,0.0,0,2,19.35,0,0,5,56,1190,0,0,0.0,1402,0.0,27,27,0,0,0.0,0,0.0,0,0,1322.0,3,1439,0.6538,1322.0,0.0,7,Survivalist
0.0,0.0,0.0,0,0,0.0,0,0,0,82,0,0,0,0.0,1844,0.0,47,45,1505,0,0.0,0,0.0,0,0,71.54,2,0,0.1087,71.54,0.0,0,Survivalist
0.0,0.0,0.0,0,1,11.13,0,0,2,50,1140,0,0,0.0,1772,0.0,28,27,0,0,6852.0,0,0.0,0,0,2658.0,5,1395,0.8148,9510.0,0.0,3,Survivalist
0.0,0.0,0.0,0,0,0.0,0,0,0,74,0,0,0,0.0,1831,0.0,47,47,1449,0,0.0,0,0.0,0,0,91.9,1,0,0.2174,91.9,0.0,0,Survivalist
0.0,0.0,0.0,0,0,32.59,0,0,0,59,1000,0,0,0.0,1445,0.0,31,29,0,0,0.0,0,0.0,0,0,802.2,3,1500,0.5,802.2,0.0,0,Survivalist
0.0,0.0,0.0,0,0,181.8,1,1,0,39,0,1,1,6.68,1350,0.0,29,28,1514,0,0.0,0,0.0,0,0,159.2,2,0,0.3214,159.2,1.0,0,Aggressive
0.0,0.0,0.0,0,0,0.0,0,0,0,91,1446,0,0,0.0,1293,0.0,27,27,0,0,0.0,0,0.0,0,0,0.0,0,1538,0.0,0.0,0.0,0,Survivalist
0.0,0.0,0.0,1,0,0.0,1,0,0,15,1443,2,2,44.81,1302,0.0,29,28,0,1,0.0,0,0.0,0,0,0.0,5,1555,0.0,0.0,0.0,0,Aggressive
0.0,0.0,0.0,0,0,77.4,0,0,0,65,0,0,0,0.0,1269,0.0,29,29,1397,0,0.0,0,0.0,0,0,329.0,4,0,0.3929,329.0,0.0,0,Survivalist
0.0,0.0,0.0,0,0,0.0,0,0,0,72,0,0,0,0.0,1819,0.0,27,27,1460,0,604.4,0,0.0,0,0,1615.0,5,0,0.3846,2219.4,0.0,0,Survivalist
0.0,0.0,0.0,0,0,270.0,1,0,0,17,0,2,2,6.785,1439,0.0,50,50,1508,0,0.0,0,0.0,0,0,1669.0,3,0,0.6327,1669.0,0.0,0,Aggressive
0.0,0.0,0.0,0,0,0.0,0,0,0,59,0,0,0,0.0,1375,0.0,27,25,1448,0,0.0,0,0.0,0,0,859.5,4,0,0.5,859.5,0.0,0,Survivalist
0.0,0.0,0.0,0,2,414.9,3,3,0,8,0,4,2,17.12,1390,0.0,30,30,1423,0,0.0,0,0.0,0,0,2549.0,7,0,0.5862,2549.0,0.75,2,Aggressive
0.0,0.0,0.0,0,1,33.81,0,0,1,47,1000,0,0,0.0,1832,0.0,48,46,0,0,1505.0,0,0.0,0,0,1610.0,7,1500,0.7021,3115.0,0.0,2,Survivalist
0.0,0.0,0.0,1,2,878.1,5,1,3,6,0,4,2,84.08,1975,0.0,47,44,1685,0,528.6,0,0.0,0,0,2557.0,6,0,0.8696,3085.6,0.25,5,Aggressive
0.0,0.0,0.0,0,0,0.0,0,0,0,90,0,0,0,0.0,1444,0.0,25,23,1520,0,0.0,0,0.0,0,0,33.49,2,0,0.0,33.49,0.0,0,Survivalist
0.0,0.0,0.0,0,0,71.92,0,0,0,46,1376,1,1,15.96,1382,0.0,29,29,0,0,0.0,0,5.028,0,0,127.3,3,1553,0.1786,132.328,0.0,0,Aggressive
0.0,0.0,0.0,1,5,0.0,3,1,7,15,1914,2,1,25.46,1831,0.0,28,27,0,1,3775.0,0,0.0,0,0,2646.0,5,1750,0.8889,6421.0,0.5,12,Aggressive
0.0,0.0,0.0,0,0,0.0,0,0,0,57,0,0,0,0.0,1374,0.0,94,91,1503,0,1112.0,0,0.0,0,0,465.0,4,0,0.4624,1577.0,0.0,0,Survivalist
0.0,0.0,0.0,0,0,0.0,0,0,1,45,0,0,0,0.0,1975,0.0,49,46,1500,0,1931.0,0,0.0,0,0,1884.0,11,0,0.9167,3815.0,0.0,1,Survivalist
0.0,0.0,0.0,0,1,131.0,1,0,4,37,1279,1,1,58.38,1369,0.0,31,31,0,0,0.0,0,0.0,0,0,336.2,2,1427,0.3667,336.2,0.0,5,Aggressive
0.0,0.0,0.0,0,0,0.0,0,0,0,78,0,0,0,0.0,1786,0.0,28,27,1447,0,0.0,0,0.0,0,0,982.7,3,0,0.1111,982.7,0.0,0,Survivalist
0.0,0.0,0.0,1,5,0.0,2,1,6,21,0,1,1,118.0,1798,0.0,48,46,1529,0,4619.0,0,9.966,0,0,3818.0,6,0,1.0,8446.966,1.0,11,Aggressive
0.0,0.0,0.0,2,4,0.0,0,0,0,35,1058,0,0,0.0,1294,0.0,48,43,0,1,265.6,0,0.0,0,0,0.0,5,1517,0.0,265.6,0.0,4,Survivalist
0.0,0.0,0.0,0,1,0.0,0,0,1,51,1000,0,0,0.0,1420,0.0,29,27,0,0,1089.0,0,23.09,0,0,602.7,4,1500,0.6429,1714.79,0.0,2,Survivalist
0.0,0.0,0.0,0,0,0.0,0,0,0,88,1161,0,0,0.0,1874,0.0,45,42,0,0,0.0,0,0.0,0,0,26.88,0,1489,0.0,26.88,0.0,0,Survivalist
0.0,0.0,0.0,1,0,25.8,0,0,0,81,0,0,0,0.0,1777,0.0,30,27,1420,1,0.0,0,0.0,0,0,203.6,2,0,0.069,203.6,0.0,0,Survivalist
0.0,0.0,0.0,0,8,0.0,2,0,2,13,0,2,1,75.96,1926,0.0,29,27,1453,2,455.6,0,2.627,0,0,6053.0,7,0,0.9643,6511.227000000001,0.0,10,Aggressive
0.0,0.0,0.0,5,7,596.6,4,2,4,2,0,7,2,242.3,1801,0.0,27,26,1549,1,0.0,0,0.0,0,0,4779.0,3,0,1.0,4779.0,0.2857142857142857,11,Aggressive
0.0,0.0,0.0,0,0,23.22,0,0,0,49,0,0,0,0.0,1924,0.0,29,28,1561,0,0.0,0,0.0,0,0,134.6,2,0,0.0,134.6,0.0,0,Survivalist
0.0,0.0,0.0,0,0,200.0,1,0,0,22,1373,2,2,6.565,1427,0.0,49,47,0,1,0.0,0,46.9,0,0,2063.0,4,1524,0.5833,2109.9,0.0,0,Aggressive
0.0,0.0,0.0,0,0,42.67,1,0,0,41,0,1,1,22.82,1406,0.0,49,47,1523,1,0.0,0,0.0,0,0,183.1,1,0,0.1458,183.1,0.0,0,Aggressive
0.0,0.0,0.0,0,0,0.0,0,0,0,72,0,0,0,0.0,1420,0.0,28,27,1457,0,0.0,0,0.0,0,0,46.75,1,0,0.3704,46.75,0.0,0,Survivalist
0.0,0.0,0.0,0,3,408.1,2,2,1,1,1037,6,2,29.43,1396,0.0,30,30,0,0,0.0,0,0.0,0,0,347.7,6,1489,0.4828,347.7,0.3333333333333333,4,Aggressive
0.0,0.0,0.0,0,0,100.0,1,0,0,68,0,0,0,0.0,1352,0.0,26,24,1465,0,0.0,0,0.0,0,0,195.0,2,0,0.2,195.0,0.0,0,Survivalist
0.0,0.0,0.0,0,0,0.0,0,0,0,73,0,0,0,0.0,1793,0.0,45,41,1536,0,0.0,0,0.0,0,0,280.6,0,0,0.0909,280.6,0.0,0,Survivalist
0.0,0.0,0.0,0,0,219.0,1,1,0,26,1482,1,1,26.62,1325,0.0,27,27,0,0,0.0,0,0.0,0,0,1276.0,7,1464,0.5385,1276.0,1.0,0,Aggressive
0.0,0.0,0.0,1,5,411.7,1,6,2,2,0,5,1,51.97,1867,0.0,50,48,1575,1,4529.0,0,0.0,0,0,1975.0,7,0,0.9184,6504.0,1.2,7,Aggressive
0.0,0.0,0.0,0,3,151.4,1,1,5,19,1444,2,2,108.6,1366,0.0,50,48,0,0,2511.0,0,0.0,0,0,613.0,5,1497,0.6122,3124.0,0.5,8,Aggressive
0.0,0.0,0.0,0,0,0.0,0,0,0,95,0,0,0,0.0,1395,0.0,49,48,1500,0,0.0,0,0.0,0,0,22.15,1,0,0.0208,22.15,0.0,0,Survivalist
0.0,0.0,0.0,0,0,183.4,1,0,0,36,0,1,1,12.21,1816,0.0,45,42,1538,0,0.0,0,0.0,0,0,353.8,1,0,0.0909,353.8,0.0,0,Aggressive
0.0,0.0,0.0,0,0,0.0,0,0,0,92,1344,0,0,0.0,1459,0.0,30,28,0,0,0.0,0,0.0,0,0,93.32,1,1562,0.0,93.32,0.0,0,Survivalist
0.0,0.0,0.0,0,3,30.24,0,0,1,44,1378,0,0,0.0,1356,0.0,98,98,0,0,0.0071,0,12.33,0,0,2486.0,5,1609,0.9691,2498.3370999999997,0.0,4,Survivalist
0.0,0.0,0.0,0,0,0.0,0,0,0,49,0,0,0,0.0,1398,0.0,24,24,1494,0,0.0,0,0.0,0,0,2130.0,3,0,0.6522,2130.0,0.0,0,Survivalist
0.0,0.0,0.0,0,0,0.0,0,0,0,95,0,0,0,0.0,1307,0.0,27,27,1442,0,0.0,0,0.0,0,0,77.72,2,0,0.0385,77.72,0.0,0,Survivalist
0.0,0.0,0.0,1,3,563.4,1,1,1,12,0,3,1,87.51,1832,0.0,47,44,1530,1,4421.0,0,0.0,0,0,2193.0,5,0,0.8043,6614.0,0.3333333333333333,4,Aggressive
0.0,0.0,0.0,0,0,100.0,0,0,0,40,0,1,1,1.976,1901,0.0,96,95,1480,0,0.0,0,0.0,0,0,46.12,3,0,0.2526,46.12,0.0,0,Aggressive
0.0,0.0,0.0,0,0,165.3,1,2,1,24,0,1,1,11.1,1365,0.0,48,46,1505,0,0.0,0,85.85,0,0,1503.0,4,0,0.7021,1588.85,2.0,1,Aggressive
0.0,0.0,0.0,1,0,100.0,0,0,0,42,1377,1,1,15.13,1356,0.0,29,29,0,0,0.0,0,0.0,0,0,48.98,2,1519,0.1071,48.98,0.0,0,Aggressive
0.0,0.0,0.0,0,1,0.0,0,0,0,62,1351,0,0,0.0,2027,0.0,30,27,0,0,0.0,0,0.0,0,0,815.1,5,1545,0.4828,815.1,0.0,1,Survivalist
0.0,0.0,0.0,0,0,9.581,0,0,0,86,1290,0,0,0.0,1357,0.0,31,29,0,1,0.0,0,0.0,0,0,144.0,2,1465,0.1333,144.0,0.0,0,Survivalist
0.0,0.0,0.0,0,1,0.0,3,1,1,6,1131,4,2,103.8,1386,0.0,47,46,0,0,0.0,0,0.0,0,0,0.0,7,1495,0.0,0.0,0.25,2,Aggressive
0.0,0.0,0.0,0,0,68.6,0,0,0,92,0,0,0,0.0,1434,0.0,28,26,1356,0,0.0,0,0.0,0,0,108.6,2,0,0.0,108.6,0.0,0,Survivalist
0.0,0.0,0.0,0,0,44.88,0,0,0,53,1129,0,0,0.0,1468,0.0,98,96,0,0,0.0,0,0.0,0,0,605.5,4,1511,0.6289,605.5,0.0,0,Survivalist
0.0,0.0,0.0,0,0,0.0,6,0,0,3,0,6,6,0.9954,1344,0.0,27,26,1470,0,987.7,0,0.4952,0,0,0.0,7,0,0.0,988.1952,0.0,0,Aggressive
0.0,0.0,0.0,0,0,22.6,1,0,1,36,0,1,1,2.688,1421,0.0,29,25,1304,0,0.0,0,0.0,0,0,132.7,5,0,0.1786,132.7,0.0,1,Aggressive
0.0,0.0,0.0,0,3,651.3,4,0,1,5,0,4,1,97.23,1375,0.0,43,40,1611,2,0.0,0,0.0,0,0,2035.0,4,0,0.7143,2035.0,0.0,4,Aggressive
0.0,0.0,0.0,1,2,346.0,2,0,8,10,1405,3,2,68.08,1313,0.0,28,28,0,0,0.0,0,0.0,0,0,1146.0,4,1509,0.7037,1146.0,0.0,10,Aggressive
0.0,0.0,0.0,0,0,0.0,0,0,0,55,1144,0,0,0.0,1364,0.0,26,24,0,0,0.0,0,0.0,0,0,40.57,1,1510,0.0,40.57,0.0,0,Survivalist
0.0,0.0,0.0,1,0,11.9,0,0,0,57,1228,0,0,0.0,1357,0.0,99,97,0,0,290.2,0,0.0,0,0,921.8,6,1430,0.6531,1212.0,0.0,0,Survivalist
0.0,0.0,0.0,3,5,375.4,3,0,2,23,0,1,1,107.2,1904,0.0,27,27,1485,3,3148.0,0,0.0,0,0,3393.0,7,0,0.9615,6541.0,0.0,7,Aggressive
0.0,0.0,0.0,0,0,0.0,0,0,0,81,1366,0,0,0.0,1774,0.0,30,30,0,0,0.0,0,0.0,0,0,180.8,3,1539,0.069,180.8,0.0,0,Survivalist
0.0,0.0,0.0,0,1,200.0,0,2,0,23,0,2,1,9.148,1453,0.0,96,95,1551,0,0.0,0,0.0,0,0,220.5,3,0,0.3158,220.5,1.0,1,Aggressive
0.0,0.0,0.0,2,0,118.0,1,0,0,33,0,1,1,39.45,1327,0.0,27,27,1467,0,0.0,0,0.0,0,0,408.8,3,0,0.3462,408.8,0.0,0,Aggressive
0.0,0.0,0.0,0,3,206.4,1,0,1,33,1079,1,1,7.691,1266,0.0,49,49,0,1,873.7,0,0.0,0,0,1194.0,6,1474,0.5417,2067.7,0.0,4,Aggressive
0.0,0.0,0.0,0,0,0.0,0,0,0,54,0,0,0,0.0,1396,0.0,47,43,1530,0,0.0,0,0.0,0,0,1040.0,7,0,0.5217,1040.0,0.0,0,Survivalist
0.0,0.0,0.0,0,4,26.18,0,0,1,27,1000,1,1,6.994,1923,0.0,30,29,0,1,0.0,0,0.0,0,0,2504.0,4,1500,0.9655,2504.0,0.0,5,Aggressive
0.0,0.0,0.0,0,2,46.53,0,0,2,49,0,0,0,0.0,1889,0.0,99,95,1522,0,17680.0,0,0.0,0,0,1394.0,7,0,0.7755,19074.0,0.0,4,Survivalist
0.0,0.0,0.0,0,0,0.0,0,0,0,49,1000,0,0,0.0,1382,0.0,97,96,0,0,153.7,0,0.0,0,0,2703.0,4,1500,0.9062,2856.7,0.0,0,Survivalist
0.0,0.0,0.0,0,0,0.0,0,0,0,47,0,0,0,0.0,1788,0.0,93,93,1505,0,1453.0,0,0.0,0,0,2095.0,5,0,0.7826,3548.0,0.0,0,Survivalist
0.0,0.0,0.0,0,4,179.5,1,1,0,14,0,2,2,57.42,1396,0.0,46,46,1513,1,0.0,0,0.0,0,0,1658.0,4,0,0.7333,1658.0,0.5,4,Aggressive
0.0,0.0,0.0,2,0,0.0,1,0,0,31,0,1,1,32.82,1360,0.0,28,26,1489,0,0.0,0,0.0,0,0,2060.0,4,0,0.4444,2060.0,0.0,0,Aggressive
0.0,0.0,0.0,0,2,0.0,0,0,0,62,0,0,0,0.0,1394,0.0,48,47,1522,0,0.0,0,0.0,0,0,946.6,5,0,0.383,946.6,0.0,2,Survivalist
0.0,0.0,0.0,0,0,100.0,1,0,0,67,0,0,0,0.0,1290,0.0,25,22,1412,0,0.0,0,0.0,0,0,27.27,1,0,0.1667,27.27,0.0,0,Survivalist
0.0,0.0,0.0,0,2,90.68,0,0,1,53,0,0,0,0.0,1767,0.0,28,26,1458,1,0.0,0,0.0,0,0,594.0,2,0,0.6667,594.0,0.0,3,Survivalist
0.0,0.0,0.0,1,2,300.4,2,1,17,9,0,3,2,84.52,1915,0.0,48,47,1466,2,436.4,0,0.0,0,0,2459.0,6,0,0.6596,2895.4,0.3333333333333333,19,Aggressive
0.0,0.0,0.0,1,4,216.2,2,0,3,13,0,2,1,60.46,1364,0.0,49,48,1571,0,0.0,0,235.0,0,0,2362.0,3,0,0.9167,2597.0,0.0,7,Aggressive
0.0,0.0,0.0,2,0,86.7,0,0,0,36,0,1,1,10.23,1387,0.0,28,28,1463,1,0.0,0,0.0,0,0,2010.0,2,0,0.5926,2010.0,0.0,0,Aggressive
0.0,0.0,0.0,1,0,9.338,1,0,3,56,0,0,0,0.0,1876,0.0,28,27,1416,1,4120.0,0,0.0,0,0,1077.0,7,0,0.4444,5197.0,0.0,3,Survivalist
0.0,0.0,0.0,0,0,40.41,0,0,1,65,0,0,0,0.0,1299,0.0,95,91,1500,0,0.0,0,0.0,0,0,345.8,3,0,0.4362,345.8,0.0,1,Survivalist
0.0,0.0,0.0,0,2,75.0,1,0,3,37,1320,1,1,5.665,1274,0.0,26,25,0,0,0.0,0,0.0,0,0,786.6,4,1545,0.36,786.6,0.0,5,Aggressive
0.0,0.0,0.0,0,0,0.0,0,0,0,93,1152,0,0,0.0,1339,0.0,98,96,0,0,0.0,0,0.0,0,0,14.95,1,1489,0.0309,14.95,0.0,0,Survivalist
0.0,0.0,0.0,1,0,92.66,0,0,0,89,0,0,0,0.0,1391,0.0,27,27,1405,0,0.0,0,0.0,0,0,74.31,1,0,0.0769,74.31,0.0,0,Survivalist
0.0,0.0,0.0,0,0,6.48,0,0,0,91,0,0,0,0.0,1794,0.0,29,27,1464,0,0.0,0,0.0,0,0,0.0,0,0,0.0357,0.0,0.0,0,Survivalist
0.0,0.0,0.0,0,0,0.0,0,0,0,77,0,0,0,0.0,1406,0.0,28,26,1429,0,0.0,0,0.0,0,0,254.4,2,0,0.0,254.4,0.0,0,Survivalist
0.0,0.0,0.0,0,0,0.0,0,0,0,79,0,0,0,0.0,1824,0.0,48,45,1384,0,0.0,0,0.0,0,0,139.3,3,0,0.1277,139.3,0.0,0,Survivalist
0.0,0.0,0.0,0,0,100.0,0,0,1,35,0,1,1,7.275,1986,0.0,96,94,1516,0,0.0,0,0.0,0,0,295.9,4,0,0.3053,295.9,0.0,1,Aggressive
0.0,0.0,0.0,0,0,0.0,0,0,0,54,0,0,0,0.0,1416,0.0,93,91,1514,0,0.0,0,0.0,0,0,729.5,4,0,0.0,729.5,0.0,0,Survivalist
0.0,0.0,0.0,0,2,106.7,1,0,0,48,1454,0,0,0.0,1357,0.0,50,49,0,0,0.0,0,0.0,0,0,2856.0,9,1530,0.8571,2856.0,0.0,2,Survivalist
0.0,0.0,0.0,1,0,0.0,0,0,0,55,1296,0,0,0.0,1281,0.0,48,45,0,0,0.0,0,0.0,0,0,800.9,4,1476,0.0,800.9,0.0,0,Survivalist
0.0,0.0,0.0,0,0,100.0,1,1,0,46,0,1,1,4.492,1325,0.0,50,49,1503,0,0.0,0,0.0,0,0,28.41,1,0,0.0,28.41,1.0,0,Aggressive
0.0,0.0,0.0,0,4,36.91,0,0,5,55,1340,0,0,0.0,1351,0.0,50,49,0,0,703.0,0,0.0,0,0,2567.0,5,1586,0.8367,3270.0,0.0,9,Survivalist
0.0,0.0,0.0,0,1,100.0,0,2,2,25,1346,1,1,13.95,1807,0.0,93,90,0,0,0.0,0,0.0,0,0,3183.0,4,1537,0.8261,3183.0,2.0,3,Aggressive
0.0,0.0,0.0,1,1,299.4,2,2,2,33,1316,1,1,20.41,1283,0.0,29,29,0,0,9.668,0,0.0,0,0,671.1,7,1546,0.5,680.768,2.0,3,Aggressive
0.0,0.0,0.0,0,0,60.32,0,0,0,87,1420,0,0,0.0,1397,0.0,27,23,0,0,0.0,0,0.0,0,0,17.64,1,1473,0.0,17.64,0.0,0,Survivalist
0.0,0.0,0.0,0,1,120.8,2,0,1,20,1206,2,1,49.83,1349,0.0,49,45,0,0,0.0,0,0.0,0,0,619.8,2,1449,0.4375,619.8,0.0,2,Aggressive
0.0,0.0,0.0,0,0,31.77,0,0,0,80,0,0,0,0.0,1347,0.0,48,46,1464,0,0.0,0,0.0,0,0,110.8,2,0,0.1702,110.8,0.0,0,Survivalist
0.0,0.0,0.0,0,0,91.14,0,0,0,65,1524,0,0,0.0,1805,0.0,29,28,0,0,0.0,0,0.0,0,0,641.9,9,1673,0.3214,641.9,0.0,0,Survivalist
0.0,0.0,0.0,2,3,421.1,1,0,6,26,1169,1,1,15.55,1843,0.0,47,44,0,1,851.3,0,0.0,0,0,1577.0,3,1469,0.6087,2428.3,0.0,9,Aggressive
0.0,0.0,0.0,0,2,0.0,0,0,0,46,0,0,0,0.0,1870,0.0,48,44,1480,0,1251.0,0,0.0,0,0,1900.0,4,0,0.766,3151.0,0.0,2,Survivalist
0.0,0.0,0.0,2,3,494.6,4,0,0,9,1399,3,1,23.92,1339,0.0,28,27,0,0,0.0,0,0.0,0,0,2398.0,5,1449,0.7407,2398.0,0.0,3,Aggressive
0.0,0.0,0.0,0,3,0.0,0,0,6,42,0,0,0,0.0,1295,0.0,26,25,1444,2,0.0,0,0.0,0,0,1766.0,7,0,0.8,1766.0,0.0,9,Survivalist
0.0,0.0,0.0,0,0,0.0,0,0,0,80,0,0,0,0.0,1351,0.0,27,26,1376,0,0.0,0,0.0,0,0,66.62,0,0,0.0385,66.62,0.0,0,Survivalist
0.0,0.0,0.0,1,3,338.7,0,0,6,28,1461,1,1,60.16,1993,0.0,95,86,0,0,5156.0,0,0.0,0,0,1358.0,5,1493,0.7021,6514.0,0.0,9,Aggressive
0.0,0.0,0.0,0,0,0.0,0,0,0,85,1323,0,0,0.0,1388,0.0,90,90,0,0,0.0,0,0.0,0,0,27.17,1,1491,0.0562,27.17,0.0,0,Survivalist
0.0,0.0,0.0,0,0,44.92,1,0,0,61,0,0,0,0.0,1872,0.0,16,16,1500,0,0.0,0,0.0,0,0,110.4,5,0,0.0,110.4,0.0,0,Survivalist
0.0,0.0,0.0,1,8,689.2,3,3,21,3,0,5,1,172.6,1363,0.0,49,48,1500,0,623.2,0,0.0,0,0,2136.0,5,0,0.9583,2759.2,0.6,29,Aggressive
0.0,0.0,0.0,0,3,0.0,0,0,0,39,1110,0,0,0.0,1298,0.0,29,28,0,0,0.0,0,0.0,0,0,1584.0,6,1518,0.8571,1584.0,0.0,3,Survivalist
0.0,0.0,0.0,0,0,0.0,0,0,0,86,0,0,0,0.0,1171,0.0,27,26,1460,0,0.0,0,0.0,0,0,87.58,4,0,0.0385,87.58,0.0,0,Survivalist
0.0,0.0,0.0,0,4,176.1,0,0,2,35,0,1,1,10.82,1426,0.0,94,92,1492,0,0.0,0,0.0,0,0,931.9,2,0,0.5699,931.9,0.0,6,Aggressive
0.0,0.0,0.0,0,0,0.0,0,0,0,94,1207,0,0,0.0,1362,0.0,27,26,0,0,0.0,0,0.0,0,0,32.28,1,1410,0.0,32.28,0.0,0,Survivalist
0.0,0.0,0.0,0,6,260.6,0,3,19,9,0,2,1,38.89,1393,0.0,98,96,1652,0,925.7,0,0.0,0,0,2510.0,7,0,0.9897,3435.7,1.5,25,Aggressive
0.0,0.0,0.0,1,0,64.07,0,0,0,77,1239,0,0,0.0,1433,0.0,49,47,0,0,0.0,0,0.0,0,0,100.8,2,1476,0.25,100.8,0.0,0,Survivalist
0.0,0.0,0.0,0,0,0.0,0,0,2,47,0,0,0,0.0,1861,0.0,28,28,1480,0,0.0,0,0.0,0,0,471.6,2,0,0.7778,471.6,0.0,2,Survivalist
0.0,0.0,0.0,0,0,0.0,0,0,0,93,0,0,0,0.0,1933,0.0,49,45,1519,0,0.0,0,0.0,0,0,0.0,0,0,0.0,0.0,0.0,0,Survivalist
0.0,0.0,0.0,0,0,79.0,1,0,0,74,1189,0,0,0.0,1482,0.0,48,46,0,0,0.0,0,0.0,0,0,548.5,2,1424,0.234,548.5,0.0,0,Survivalist
0.0,0.0,0.0,0,0,220.0,2,0,0,37,1229,1,1,13.03,1914,0.0,28,27,0,0,0.0,0,0.0,0,0,363.5,2,1503,0.1111,363.5,0.0,0,Aggressive
0.0,0.0,0.0,0,0,30.1,0,0,0,73,0,0,0,0.0,1476,0.0,28,28,1230,0,0.0,0,0.0,0,0,196.1,1,0,0.2593,196.1,0.0,0,Survivalist
0.0,0.0,0.0,0,2,0.0,0,0,3,50,0,0,0,0.0,1829,0.0,27,26,1500,0,4399.0,0,0.0,0,0,2938.0,6,0,0.7692,7337.0,0.0,5,Survivalist
0.0,0.0,0.0,0,2,0.0,1,0,3,15,1115,2,2,13.7,1428,0.0,45,42,0,0,0.0,0,51.63,0,0,2831.0,6,1492,0.8636,2882.63,0.0,5,Aggressive
0.0,0.0,0.0,0,0,53.42,0,0,0,57,0,0,0,0.0,1341,0.0,47,45,1494,0,0.0,0,0.0,0,0,1662.0,8,0,0.6304,1662.0,0.0,0,Survivalist
0.0,0.0,0.0,0,5,346.6,2,0,9,4,0,4,2,16.33,1983,0.0,46,45,1618,1,5098.0,0,0.0,0,0,2000.0,5,0,0.6667,7098.0,0.0,14,Aggressive
0.0,0.0,0.0,0,3,0.0,1,1,3,8,0,3,1,56.55,1368,0.0,28,27,1691,0,0.011,0,2.843,0,0,3315.0,5,0,0.8889,3317.854,0.3333333333333333,6,Aggressive
0.0,0.0,0.0,0,3,205.2,2,0,7,28,1673,1,1,126.3,1255,0.0,26,26,0,0,0.0,0,0.0,0,0,2851.0,4,1627,0.8,2851.0,0.0,10,Aggressive
0.0,0.0,0.0,0,1,98.92,0,0,3,52,1315,0,0,0.0,1368,0.0,99,97,0,0,0.0,0,0.0,0,0,448.7,5,1479,0.6837,448.7,0.0,4,Survivalist
0.0,0.0,0.0,0,1,0.0,1,0,0,30,0,1,1,10.03,1811,0.0,30,29,1500,0,0.0,0,0.0,0,0,431.3,5,0,0.2414,431.3,0.0,1,Aggressive
0.0,0.0,0.0,0,0,0.0,0,0,0,74,1162,0,0,0.0,1243,0.0,50,49,0,0,0.0,0,0.0,0,0,93.65,2,1430,0.2245,93.65,0.0,0,Survivalist
0.0,0.0,0.0,0,0,0.0,0,0,3,56,1031,0,0,0.0,1430,0.0,27,26,0,0,0.0,0,0.0,0,0,1524.0,3,1421,0.6154,1524.0,0.0,3,Survivalist
0.0,0.0,0.0,1,0,92.68,0,0,2,44,0,0,0,0.0,1443,0.0,49,47,1508,0,0.0,0,0.0,0,0,3030.0,2,0,0.875,3030.0,0.0,2,Survivalist
0.0,0.0,0.0,1,0,0.0,0,0,0,63,1006,0,0,0.0,1328,0.0,31,31,0,0,977.2,0,0.0,0,0,1744.0,4,1502,0.5667,2721.2,0.0,0,Survivalist
0.0,0.0,0.0,0,4,171.7,2,0,1,28,0,1,1,2.409,1410,0.0,29,28,1509,0,0.0,0,0.0,0,0,2928.0,3,0,0.7857,2928.0,0.0,5,Aggressive
0.0,0.0,0.0,2,0,51.45,0,0,0,71,0,0,0,0.0,1841,0.0,27,27,1632,0,0.0,0,0.0,0,0,507.4,3,0,0.3077,507.4,0.0,0,Survivalist
0.0,0.0,0.0,0,0,0.0,0,0,0,80,0,0,0,0.0,1338,0.0,26,24,1510,0,0.0,0,0.0,0,0,241.3,2,0,0.24,241.3,0.0,0,Survivalist
0.0,0.0,0.0,0,1,100.0,1,0,0,68,1652,0,0,0.0,1341,0.0,48,48,0,0,0.0,0,0.0,0,0,214.6,7,1594,0.383,214.6,0.0,1,Survivalist
0.0,0.0,0.0,0,4,0.0,2,0,6,26,1253,1,1,121.1,1375,0.0,30,28,0,2,334.7,0,0.0,0,0,0.0,3,1543,0.0,334.7,0.0,10,Aggressive
0.0,0.0,0.0,3,6,1161.0,10,1,3,2,0,8,2,213.9,1795,0.0,27,26,1476,2,4062.0,0,0.0,0,0,3690.0,6,0,1.0,7752.0,0.125,9,Aggressive
0.0,0.0,0.0,0,0,100.0,1,0,0,29,1395,1,1,22.24,1341,0.0,26,26,0,0,0.0,0,0.0,0,0,106.0,4,1454,0.52,106.0,0.0,0,Aggressive
0.0,0.0,0.0,0,1,54.45,0,0,0,53,0,0,0,0.0,1374,0.0,29,27,1370,0,0.0,0,0.0,0,0,1563.0,4,0,0.75,1563.0,0.0,1,Survivalist
0.0,0.0,0.0,0,0,19.44,0,0,0,61,0,0,0,0.0,1897,0.0,29,28,1499,0,0.0,0,0.0,0,0,55.17,1,0,0.4643,55.17,0.0,0,Survivalist
0.0,0.0,0.0,0,1,153.9,1,0,1,33,0,1,1,5.906,1913,0.0,48,47,1491,0,0.0,0,0.0,0,0,156.7,2,0,0.3404,156.7,0.0,2,Aggressive
0.0,0.0,0.0,0,0,51.6,0,0,0,63,1316,0,0,0.0,1380,0.0,97,95,0,0,0.0,0,0.0,0,0,553.1,3,1565,0.5521,553.1,0.0,0,Survivalist
0.0,0.0,0.0,0,0,42.13,0,0,0,74,0,0,0,0.0,1852,0.0,48,48,1475,0,0.0,0,0.0,0,0,70.73,1,0,0.2766,70.73,0.0,0,Survivalist
0.0,0.0,0.0,0,4,0.0,0,0,0,63,0,0,0,0.0,1840,0.0,26,25,1332,0,3936.0,0,0.0,0,0,899.5,7,0,0.0,4835.5,0.0,4,Survivalist
0.0,0.0,0.0,0,0,0.0,0,0,0,81,0,0,0,0.0,1782,0.0,28,25,1500,0,0.0,0,0.0,0,0,0.0,0,0,0.0,0.0,0.0,0,Survivalist
0.0,0.0,0.0,0,0,13.89,0,0,0,35,0,1,1,46.72,1880,0.0,26,26,1528,0,0.0,0,0.0,0,0,716.3,3,0,0.24,716.3,0.0,0,Aggressive
0.0,0.0,0.0,1,4,282.6,0,0,3,12,0,2,1,30.81,1402,0.0,94,89,1505,0,0.0,0,120.5,0,0,2596.0,3,0,0.914,2716.5,0.0,7,Aggressive
0.0,0.0,0.0,3,6,643.8,4,10,1,1,0,9,2,56.81,1338,0.0,47,47,1500,1,0.0,0,0.0,0,0,2941.0,6,0,0.913,2941.0,1.1111111111111112,7,Aggressive
0.0,0.0,0.0,0,1,180.6,3,0,6,27,0,1,1,3.221,1835,0.0,25,25,1472,2,4606.0,1,0.0,0,0,2086.0,5,0,0.75,6692.0,0.0,7,Aggressive
0.0,0.0,0.0,0,5,247.5,0,1,3,5,1112,3,1,121.7,1386,0.0,77,69,0,0,0.0,0,0.0,0,0,2890.0,7,1518,0.9605,2890.0,0.3333333333333333,8,Aggressive
0.0,0.0,0.0,1,0,145.6,1,0,0,43,1554,1,1,2.717,1368,0.0,30,28,0,0,0.0,0,0.0,0,0,31.51,1,1435,0.0,31.51,0.0,0,Aggressive
0.0,0.0,0.0,0,0,0.0,0,0,0,79,0,0,0,0.0,1427,0.0,98,96,1500,0,0.0,0,0.0,0,0,110.6,2,0,0.1959,110.6,0.0,0,Survivalist
0.0,0.0,0.0,0,0,80.12,1,0,0,26,1078,1,1,69.02,1812,0.0,50,49,0,0,956.4,0,0.0,0,0,2441.0,3,1513,0.7959,3397.4,0.0,0,Aggressive
0.0,0.0,0.0,0,0,0.0,0,0,0,69,0,0,0,0.0,1806,0.0,28,27,1439,0,549.1,0,0.0,0,0,1231.0,5,0,0.1852,1780.1,0.0,0,Survivalist
0.0,0.0,0.0,0,0,23.21,0,0,0,49,0,0,0,0.0,1745,0.0,46,44,1464,0,1175.0,0,0.0,1,0,1134.0,2,0,0.5778,2309.0,0.0,0,Survivalist
0.0,0.0,0.0,0,0,100.0,1,0,0,80,1003,0,0,0.0,2186,0.0,30,29,0,0,0.0,0,0.0,0,0,569.0,2,1496,0.2069,569.0,0.0,0,Survivalist
0.0,0.0,0.0,2,4,158.8,3,0,3,23,0,1,1,48.44,1360,0.0,29,29,1489,0,234.4,0,0.0,1,0,2723.0,7,0,0.0,2957.4,0.0,7,Aggressive
0.0,0.0,0.0,0,1,0.0,0,0,0,82,0,0,0,0.0,1763,0.0,28,27,1509,1,0.0,0,0.0,0,0,485.3,1,0,0.1852,485.3,0.0,1,Survivalist
0.0,0.0,0.0,0,0,286.7,2,0,0,21,0,2,2,11.12,1439,0.0,30,30,1490,0,0.0,0,0.0,0,0,61.31,1,0,0.0345,61.31,0.0,0,Aggressive
0.0,0.0,0.0,0,0,0.0,0,0,0,48,0,0,0,0.0,1929,0.0,98,95,1500,0,0.0,0,27.8,0,0,4015.0,4,0,0.7938,4042.8,0.0,0,Survivalist
0.0,0.0,0.0,0,2,100.7,1,0,0,33,1000,1,1,2.41,1877,0.0,28,26,0,0,2783.0,0,0.0,0,0,747.9,7,1500,0.3704,3530.9,0.0,2,Aggressive
0.0,0.0,0.0,0,2,77.69,0,0,4,57,0,0,0,0.0,1777,0.0,28,28,1478,1,0.0,0,0.0,0,0,680.3,7,0,0.5556,680.3,0.0,6,Survivalist
0.0,0.0,0.0,1,2,258.0,0,3,1,18,1459,2,1,10.62,1819,0.0,94,92,0,0,0.0,0,0.0,0,0,824.8,4,1545,0.4624,824.8,1.5,3,Aggressive
0.0,0.0,0.0,0,0,123.2,0,0,0,27,0,1,1,8.722,1395,0.0,95,91,1483,0,0.0,0,0.0,0,0,1941.0,4,0,0.7872,1941.0,0.0,0,Aggressive
0.0,0.0,0.0,1,1,0.0,0,0,1,74,0,0,0,0.0,1325,0.0,28,26,1500,0,0.0,0,0.0,0,0,192.3,3,0,0.1852,192.3,0.0,2,Survivalist
0.0,0.0,0.0,0,4,127.3,0,0,10,48,0,0,0,0.0,1389,0.0,28,28,1597,0,741.3,0,0.0,0,0,2883.0,7,0,0.8889,3624.3,0.0,14,Survivalist
0.0,0.0,0.0,0,0,0.0,0,0,0,85,992,0,0,0.0,1390,0.0,28,26,0,0,0.0,0,0.0,0,0,104.1,2,1489,0.037,104.1,0.0,0,Survivalist
0.0,0.0,0.0,1,4,375.4,2,1,5,8,1620,3,1,90.44,1780,0.0,46,43,0,0,2279.0,0,0.0,0,0,2479.0,7,1630,0.9556,4758.0,0.3333333333333333,9,Aggressive
0.0,0.0,0.0,0,0,0.0,0,0,0,69,0,0,0,0.0,1865,0.0,27,26,1321,0,0.0,0,0.0,0,0,466.2,4,0,0.3077,466.2,0.0,0,Survivalist
0.0,0.0,0.0,0,0,90.72,0,0,0,49,0,0,0,0.0,1383,0.0,46,45,1488,0,1965.0,0,6.112,0,0,1041.0,4,0,0.6444,3012.112,0.0,0,Survivalist
0.0,0.0,0.0,0,0,0.0,1,2,0,21,0,2,1,30.15,1844,0.0,49,47,1525,0,0.0,0,0.0,0,0,0.0,2,0,0.0,0.0,1.0,0,Aggressive
0.0,0.0,0.0,0,0,0.0,0,0,0,93,1234,0,0,0.0,1876,0.0,48,46,0,0,0.0,0,0.0,0,0,0.0,0,1529,0.0,0.0,0.0,0,Survivalist
0.0,0.0,0.0,0,2,203.4,0,1,1,20,0,2,1,39.99,1444,0.0,96,94,1525,0,0.0,0,0.0,0,0,543.2,5,0,0.5895,543.2,0.5,3,Aggressive
0.0,0.0,0.0,0,0,35.62,0,0,0,92,0,0,0,0.0,1867,0.0,29,29,1419,0,0.0,0,0.0,0,0,106.6,2,0,0.0,106.6,0.0,0,Survivalist
0.0,0.0,0.0,0,0,132.5,1,0,0,36,1161,1,1,25.22,1925,0.0,26,26,0,0,0.0,0,0.0,0,0,146.2,1,1468,0.0,146.2,0.0,0,Aggressive
0.0,0.0,0.0,0,0,89.2,1,0,0,37,0,1,1,4.073,1316,0.0,49,47,1522,0,0.0,0,0.0,1,0,2.142,1,0,0.0417,2.142,0.0,0,Aggressive
0.0,0.0,0.0,0,1,278.1,2,0,0,38,0,1,1,16.47,1823,0.0,27,26,1565,1,0.0,0,0.0,0,0,214.4,2,0,0.1154,214.4,0.0,1,Aggressive
0.0,0.0,0.0,0,0,100.0,0,0,0,30,1000,1,1,42.43,1339,0.0,98,98,0,0,0.0,0,0.0,0,0,755.4,3,1500,0.6289,755.4,0.0,0,Aggressive
0.0,0.0,0.0,1,3,136.5,0,0,4,20,0,1,1,16.89,1361,0.0,29,28,1500,2,0.0,0,0.0,0,0,3238.0,5,0,1.0,3238.0,0.0,7,Aggressive
0.0,0.0,0.0,0,2,135.6,0,0,11,20,0,1,1,2.841,1767,0.0,92,90,1537,0,0.0,0,0.0,0,0,3685.0,10,0,0.967,3685.0,0.0,13,Aggressive
0.0,0.0,0.0,0,2,0.0,0,0,0,59,0,0,0,0.0,1373,0.0,27,27,1499,0,2097.0,0,0.0,0,0,1032.0,11,0,0.6923,3129.0,0.0,2,Survivalist
0.0,0.0,0.0,0,0,0.0,0,0,0,94,1068,0,0,0.0,1891,0.0,30,28,0,0,0.0,0,0.0,0,0,0.0,0,1460,0.0,0.0,0.0,0,Survivalist
0.0,0.0,0.0,0,0,32.99,0,0,1,40,0,0,0,0.0,1969,0.0,46,44,1503,0,0.0,0,0.0,0,0,2838.0,4,0,0.8667,2838.0,0.0,1,Survivalist
0.0,0.0,0.0,0,0,0.0,0,0,0,89,0,0,0,0.0,2193,0.0,97,91,1545,0,0.0,0,0.0,0,0,47.34,2,0,0.0625,47.34,0.0,0,Survivalist
0.0,0.0,0.0,0,10,1094.0,2,3,6,2,0,8,2,184.0,1820,0.0,48,46,1544,0,613.8,0,0.0,0,0,2965.0,6,0,0.9787,3578.8,0.375,16,Aggressive
0.0,0.0,0.0,0,0,25.93,0,0,0,56,0,0,0,0.0,1213,0.0,46,43,1500,0,0.0,0,0.0,0,0,207.2,1,0,0.6222,207.2,0.0,0,Survivalist
0.0,0.0,0.0,0,0,0.0,0,0,1,57,0,0,0,0.0,1934,0.0,29,27,1443,0,0.0,0,0.0,0,0,3015.0,3,0,0.5357,3015.0,0.0,1,Survivalist
0.0,0.0,0.0,0,0,69.84,0,0,0,60,1613,0,0,0.0,1826,0.0,29,28,0,0,0.0,0,0.0,0,0,2.377,0,1547,0.4643,2.377,0.0,0,Survivalist
0.0,0.0,0.0,0,2,270.7,0,0,6,21,0,2,1,15.54,1945,0.0,96,96,1525,0,0.0,0,0.0,0,0,651.6,6,0,0.5474,651.6,0.0,8,Aggressive
0.0,0.0,0.0,0,0,61.74,0,0,0,63,0,0,0,0.0,1807,0.0,28,27,1500,0,946.3,0,0.0,0,0,1035.0,3,0,0.3704,1981.3,0.0,0,Survivalist
0.0,0.0,0.0,1,1,0.0,1,1,0,41,0,1,1,6.576,1387,0.0,27,27,1508,1,0.0,0,0.0,0,0,221.1,3,0,0.2308,221.1,1.0,1,Aggressive
0.0,0.0,0.0,0,1,13.77,0,0,2,43,1017,0,0,0.0,1829,0.0,28,27,0,0,545.9,0,0.0,0,0,4307.0,3,1511,0.8519,4852.9,0.0,3,Survivalist
0.0,0.0,0.0,0,1,25.76,0,0,1,52,1189,0,0,0.0,1442,0.0,28,27,0,0,0.0,0,0.0,0,0,1516.0,4,1398,0.7037,1516.0,0.0,2,Survivalist
0.0,0.0,0.0,0,4,29.4,0,0,0,45,0,0,0,0.0,1889,0.0,47,46,1635,0,0.0,0,0.0,0,0,2191.0,5,0,0.8478,2191.0,0.0,4,Survivalist
0.0,0.0,0.0,0,0,0.0,0,0,0,64,0,0,0,0.0,1877,0.0,45,43,1499,0,0.0,0,0.0,0,0,94.32,2,0,0.3864,94.32,0.0,0,Survivalist
0.0,0.0,0.0,0,4,0.0,2,2,6,11,1372,2,1,42.91,1894,0.0,29,28,0,1,5433.0,0,0.0,0,0,1959.0,5,1519,0.0,7392.0,1.0,10,Aggressive
0.0,0.0,0.0,0,0,0.0,0,0,0,94,0,0,0,0.0,1665,0.0,26,24,1421,0,0.0,0,0.0,0,0,48.65,2,0,0.04,48.65,0.0,0,Survivalist
0.0,0.0,0.0,0,6,0.0,3,2,10,2,1293,5,2,45.34,1387,0.0,28,28,0,1,0.0,0,155.5,0,0,2821.0,3,1534,0.0,2976.5,0.4,16,Aggressive
0.0,0.0,0.0,0,0,0.0,0,0,0,89,0,0,0,0.0,1346,0.0,97,94,1510,0,0.0,0,0.0,0,0,8.527,1,0,0.0625,8.527,0.0,0,Survivalist
0.0,0.0,0.0,0,0,0.0,0,0,0,78,1317,0,0,0.0,1742,0.0,93,85,0,0,0.0,0,0.0,0,0,47.13,0,1503,0.1413,47.13,0.0,0,Survivalist
0.0,0.0,0.0,0,1,59.08,0,0,0,33,0,1,1,5.901,1984,0.0,48,47,1485,0,8234.0,0,0.0,0,0,1639.0,9,0,0.766,9873.0,0.0,1,Aggressive
0.0,0.0,0.0,0,2,18.84,1,0,7,48,0,0,0,0.0,1839,0.0,27,27,1500,1,3617.0,0,0.0,1,0,2000.0,6,0,0.6154,5617.0,0.0,9,Survivalist
0.0,0.0,0.0,2,2,350.2,3,1,1,10,0,3,2,36.14,1359,0.0,27,27,1500,0,0.0,0,0.0,0,0,2124.0,4,0,0.6923,2124.0,0.3333333333333333,3,Aggressive
0.0,0.0,0.0,0,0,22.05,0,0,0,79,0,0,0,0.0,1801,0.0,29,27,1324,0,0.0,0,0.0,0,0,121.1,1,0,0.1071,121.1,0.0,0,Survivalist
0.0,0.0,0.0,0,0,0.0,1,1,0,35,0,1,1,2.708,1437,0.0,28,25,1503,0,0.0,0,0.0,0,0,0.0,3,0,0.0,0.0,1.0,0,Aggressive
0.0,0.0,0.0,0,1,150.6,0,0,16,54,0,0,0,0.0,1797,0.0,49,45,1566,0,0.0,0,0.0,0,0,553.6,3,0,0.5208,553.6,0.0,17,Survivalist
0.0,0.0,0.0,1,2,399.5,2,0,0,15,1051,2,2,14.37,1815,0.0,49,47,0,2,7545.0,0,0.0,0,1,1508.0,4,1481,0.7708,9053.0,0.0,2,Aggressive
0.0,0.0,0.0,0,0,284.5,3,0,0,31,1223,1,1,47.29,1863,0.0,28,26,0,0,0.0,0,0.0,0,0,1029.0,4,1509,0.2963,1029.0,0.0,0,Aggressive
0.0,0.0,0.0,0,0,54.83,0,0,0,67,1392,0,0,0.0,1458,0.0,100,99,0,0,0.0,0,3.596,0,0,360.5,4,1625,0.4545,364.096,0.0,0,Survivalist
0.0,0.0,0.0,0,0,158.0,1,0,0,52,1277,0,0,0.0,1341,0.0,49,47,0,0,1147.0,0,0.0,0,0,1173.0,5,1504,0.6458,2320.0,0.0,0,Survivalist
0.0,0.0,0.0,0,0,0.0,0,0,0,80,0,0,0,0.0,1966,0.0,99,96,1494,0,0.0,0,0.0,0,0,176.1,7,0,0.1939,176.1,0.0,0,Survivalist
0.0,0.0,0.0,0,0,0.0,1,0,17,17,0,2,1,8.286,1852,0.0,49,48,1502,0,2288.0,0,0.0,1,0,3133.0,5,0,0.0,5421.0,0.0,17,Aggressive
0.0,0.0,0.0,0,0,0.0,0,0,0,83,0,0,0,0.0,1755,0.0,30,28,1503,0,0.0,0,0.0,0,0,286.8,3,0,0.1034,286.8,0.0,0,Survivalist
0.0,0.0,0.0,0,0,0.0,0,0,0,55,0,0,0,0.0,1351,0.0,96,93,1510,0,1363.0,0,0.0,0,0,1018.0,4,0,0.6421,2381.0,0.0,0,Survivalist
0.0,0.0,0.0,0,0,0.0,0,0,0,92,0,0,0,0.0,1290,0.0,30,28,1482,0,0.0,0,0.0,0,0,0.0,0,0,0.0,0.0,0.0,0,Survivalist
0.0,0.0,0.0,0,0,198.8,1,1,3,9,0,2,1,9.137,1886,0.0,45,42,1527,0,1603.0,0,0.0,0,0,2980.0,7,0,0.8409,4583.0,0.5,3,Aggressive
0.0,0.0,0.0,2,4,245.8,2,0,10,21,1595,1,1,6.989,1935,0.0,31,31,0,1,9107.0,0,0.0,0,0,2050.0,6,1502,0.8333,11157.0,0.0,14,Aggressive
0.0,0.0,0.0,0,0,86.0,0,0,0,62,1377,0,0,0.0,1387,0.0,30,28,0,0,0.0,0,0.0,0,0,52.02,3,1550,0.4483,52.02,0.0,0,Survivalist
0.0,0.0,0.0,0,10,0.0,0,1,10,5,1516,4,1,58.78,1887,0.0,27,26,0,0,1686.0,0,0.0,0,0,3239.0,9,1462,0.0,4925.0,0.25,20,Aggressive
0.0,0.0,0.0,0,0,91.25,1,0,0,20,0,2,2,8.169,1912,0.0,47,46,1500,0,0.0,0,0.0,0,0,116.7,2,0,0.2174,116.7,0.0,0,Aggressive
0.0,0.0,0.0,0,1,117.6,0,0,4,39,0,1,1,20.22,1897,0.0,27,25,1497,0,0.0,0,0.0,0,0,707.8,4,0,0.1923,707.8,0.0,5,Aggressive
0.0,0.0,0.0,0,1,19.35,0,0,2,52,0,0,0,0.0,1319,0.0,28,28,1424,0,1401.0,0,0.0,0,0,831.0,9,0,0.7037,2232.0,0.0,3,Survivalist
0.0,0.0,0.0,1,1,179.0,1,0,3,66,1191,0,0,0.0,1908,0.0,30,30,0,1,152.5,0,0.0,0,0,501.0,4,1547,0.4138,653.5,0.0,4,Survivalist
0.0,0.0,0.0,0,0,0.0,0,0,0,62,1269,0,0,0.0,1377,0.0,30,28,0,0,0.0,0,0.0,0,0,964.1,3,1459,0.4483,964.1,0.0,0,Survivalist
0.0,0.0,0.0,0,0,0.0,0,0,0,90,0,0,0,0.0,1377,0.0,29,27,1476,0,0.0,0,0.0,0,0,40.5,1,0,0.0357,40.5,0.0,0,Survivalist
0.0,0.0,0.0,0,1,167.4,1,1,1,14,1397,2,1,3.962,1970,0.0,49,45,0,0,385.1,0,0.0,0,0,1132.0,5,1528,0.5625,1517.1,0.5,2,Aggressive
0.0,0.0,0.0,0,0,0.0,0,0,0,96,0,0,0,0.0,1704,0.0,28,27,1487,0,0.0,0,0.0,0,0,8.091,0,0,0.0,8.091,0.0,0,Survivalist
0.0,0.0,0.0,0,4,24.95,0,0,5,58,1048,0,0,0.0,1391,0.0,29,26,0,1,0.0,0,0.0,0,0,1615.0,5,1483,0.5714,1615.0,0.0,9,Survivalist
0.0,0.0,0.0,0,0,0.0,0,0,0,86,0,0,0,0.0,1483,0.0,48,47,1488,0,0.0,0,0.0,0,0,24.98,2,0,0.0638,24.98,0.0,0,Survivalist
0.0,0.0,0.0,0,0,0.0,0,0,0,89,0,0,0,0.0,1362,0.0,30,30,1500,0,0.0,0,0.0,0,0,18.47,0,0,0.0,18.47,0.0,0,Survivalist
0.0,0.0,0.0,0,0,10.0,1,0,1,82,1402,0,0,0.0,1372,0.0,29,27,0,0,0.0,0,0.0,1,0,184.7,2,1477,0.1786,184.7,0.0,1,Survivalist
0.0,0.0,0.0,0,6,165.0,0,0,16,56,1225,0,0,0.0,1771,0.0,27,27,0,0,1495.0,0,0.0,0,0,1076.0,11,1442,0.5,2571.0,0.0,22,Survivalist
0.0,0.0,0.0,1,0,125.8,1,0,0,40,1174,1,1,21.02,1336,0.0,26,25,0,0,0.0,0,0.0,0,0,157.1,3,1470,0.2,157.1,0.0,0,Aggressive
0.0,0.0,0.0,3,2,744.7,5,1,0,1,1187,6,2,218.8,1898,0.0,31,30,0,0,2766.0,0,42.54,0,0,4976.0,6,1473,0.8667,7784.54,0.16666666666666666,2,Aggressive
0.0,0.0,0.0,0,0,0.0,0,0,0,5,0,0,0,0.0,1808,0.0,18,2,1500,0,0.0,0,0.0,0,0,0.0,10,0,0.0,0.0,0.0,0,Survivalist
0.0,0.0,0.0,0,1,259.1,0,0,3,21,0,2,1,55.57,1890,0.0,96,94,1490,0,0.0,0,0.0,0,0,432.4,4,0,0.4947,432.4,0.0,4,Aggressive
0.0,0.0,20381575540738.0,0,0,0.0,0,0,0,87,1263,0,0,0.0,1944,0.0,98,91,0,0,0.0,0,0.0,0,0,43.84,2,1584,0.0928,43.84,0.0,0,Survivalist
0.0,0.0,0.0,1,1,153.5,1,0,2,24,1437,1,1,118.0,1329,0.0,48,47,0,0,0.0,0,0.0,0,0,2766.0,3,1537,0.8085,2766.0,0.0,3,Aggressive
0.0,0.0,0.0,0,0,120.1,1,2,0,39,1197,1,1,5.133,1501,0.0,50,48,0,0,0.0,0,0.0,0,0,68.23,1,1495,0.1633,68.23,2.0,0,Aggressive
0.0,0.0,0.0,1,4,122.4,1,0,14,23,1000,1,1,113.8,1973,0.0,45,43,0,1,0.0,0,0.0,0,0,4107.0,7,1500,0.8182,4107.0,0.0,18,Aggressive
0.0,0.0,0.0,0,0,0.0,0,0,0,83,1140,0,0,0.0,1388,0.0,30,30,0,0,0.0,0,0.0,0,0,84.32,4,1473,0.1034,84.32,0.0,0,Survivalist
0.0,0.0,0.0,0,0,0.0,0,0,0,91,0,0,0,0.0,1264,0.0,49,45,1479,0,0.0,0,0.0,0,0,0.0,0,0,0.0,0.0,0.0,0,Survivalist
0.0,0.0,0.0,0,0,100.0,0,0,1,33,0,1,1,2.078,1825,0.0,97,96,1492,0,323.3,0,0.0,1,0,325.7,3,0,0.6146,649.0,0.0,1,Aggressive
0.0,0.0,0.0,0,0,0.0,0,0,0,35,0,0,0,0.0,1761,0.0,97,93,1503,0,0.0,0,0.0,0,0,3406.0,10,0,0.9688,3406.0,0.0,0,Survivalist
0.0,0.0,0.0,0,0,0.0,0,0,0,95,0,0,0,0.0,1411,0.0,28,27,1476,0,0.0,0,0.0,0,0,25.55,1,0,0.0,25.55,0.0,0,Survivalist
0.0,0.0,0.0,5,0,1083.0,0,2,0,7,1000,9,2,23.79,487,0.0,7,7,0,0,0.0,0,0.0,0,0,1141.0,8,1500,0.8333,1141.0,0.2222222222222222,0,Aggressive
0.0,0.0,0.0,0,3,363.7,4,0,3,2,0,4,2,48.24,1907,0.0,28,27,1501,0,3359.0,0,0.0,0,0,2430.0,3,0,0.6667,5789.0,0.0,6,Aggressive
0.0,0.0,0.0,0,0,0.0,0,0,0,89,0,0,0,0.0,1365,0.0,29,29,1486,0,0.0,0,0.0,0,0,72.89,1,0,0.0,72.89,0.0,0,Survivalist
0.0,0.0,0.0,1,0,85.05,0,0,0,47,0,0,0,0.0,1446,0.0,48,47,1496,0,0.0,0,6.542,0,0,3427.0,7,0,0.8085,3433.542,0.0,0,Survivalist
0.0,0.0,0.0,1,6,501.7,3,0,2,14,0,2,1,322.4,1805,0.0,27,27,1480,1,0.0,0,0.0,0,0,2851.0,4,0,0.7692,2851.0,0.0,8,Aggressive
0.0,0.0,0.0,0,2,0.0,0,0,0,86,0,0,0,0.0,1777,0.0,31,31,1468,0,0.0,0,0.0,0,0,200.5,2,0,0.1333,200.5,0.0,2,Survivalist
0.0,0.0,0.0,1,0,183.6,1,0,1,28,1224,1,1,43.59,1351,0.0,30,30,0,0,0.0,0,0.0,0,0,474.7,3,1473,0.3103,474.7,0.0,1,Aggressive
0.0,0.0,0.0,0,0,38.7,0,0,0,71,0,0,0,0.0,1431,0.0,28,28,1391,0,0.0,0,0.0,0,0,608.8,2,0,0.1852,608.8,0.0,0,Survivalist
0.0,0.0,0.0,0,0,200.0,1,0,0,26,0,2,2,6.224,1382,0.0,49,47,1518,0,0.0,0,0.0,0,0,18.4,1,0,0.1458,18.4,0.0,0,Aggressive
0.0,0.0,0.0,0,0,0.0,0,0,0,87,1053,0,0,0.0,1965,0.0,49,48,0,0,0.0,0,0.0,0,0,87.58,0,1479,0.0625,87.58,0.0,0,Survivalist
0.0,0.0,0.0,0,0,0.0,0,0,0,89,0,0,0,0.0,1878,0.0,25,25,1500,0,0.0,0,0.0,0,0,0.0,0,0,0.0,0.0,0.0,0,Survivalist
0.0,0.0,0.0,0,0,0.0,0,0,0,97,0,0,0,0.0,1781,0.0,28,28,1467,0,0.0,0,0.0,0,0,3.94,0,0,0.0,3.94,0.0,0,Survivalist
0.0,0.0,0.0,1,2,254.1,1,1,2,23,0,1,1,9.584,1359,0.0,45,41,1490,0,488.7,0,0.0,0,0,1280.0,3,0,0.6136,1768.7,1.0,4,Aggressive
0.0,0.0,0.0,0,5,113.0,1,0,1,52,1278,0,0,0.0,1492,0.0,50,50,0,1,0.0,0,0.0,0,0,2519.0,4,1512,0.7551,2519.0,0.0,6,Survivalist
0.0,0.0,0.0,0,0,0.0,0,0,0,85,1028,0,0,0.0,1304,0.0,25,24,0,0,0.0,0,0.0,0,0,52.72,0,1507,0.0417,52.72,0.0,0,Survivalist
0.0,0.0,0.0,0,1,144.2,1,0,0,30,1037,1,1,63.45,1894,0.0,43,42,0,0,2908.0,0,0.0,0,0,1830.0,10,1494,0.5,4738.0,0.0,1,Aggressive
0.0,0.0,0.0,1,4,379.1,0,1,6,5,0,4,1,37.9,1259,0.0,99,97,1532,0,0.0,0,0.0,0,0,2555.0,5,0,0.9184,2555.0,0.25,10,Aggressive
0.0,0.0,0.0,0,0,0.0,0,0,3,57,1226,0,0,0.0,1392,0.0,26,26,0,0,2312.0,0,0.0,0,0,1053.0,3,1527,0.56,3365.0,0.0,3,Survivalist
0.0,0.0,0.0,0,0,64.5,0,0,1,77,0,0,0,0.0,1313,0.0,26,26,1544,0,0.0,0,0.0,0,0,283.7,1,0,0.2,283.7,0.0,1,Survivalist
0.0,0.0,0.0,1,1,205.0,0,0,0,29,1309,1,1,4.392,1800,0.0,26,25,0,0,2729.0,0,0.0,0,0,719.2,5,1559,0.52,3448.2,0.0,1,Aggressive
0.0,0.0,0.0,2,3,0.0,0,0,2,41,0,0,0,0.0,1838,0.0,28,28,1351,1,1124.0,0,0.0,0,1,0.0,6,0,0.0,1124.0,0.0,5,Survivalist
0.0,0.0,0.0,0,0,0.0,0,0,0,82,993,0,0,0.0,1303,0.0,29,25,0,0,0.0,0,0.0,0,0,52.01,3,1489,0.0,52.01,0.0,0,Survivalist
0.0,0.0,0.0,1,0,73.92,0,0,0,82,0,0,0,0.0,1392,0.0,28,25,1498,0,0.0,0,0.0,0,0,129.1,3,0,0.1111,129.1,0.0,0,Survivalist
0.0,0.0,0.0,1,8,777.3,0,2,6,2,1652,7,1,62.5,1514,0.0,96,95,0,0,0.0,0,0.0,0,0,2565.0,5,1438,0.9579,2565.0,0.2857142857142857,14,Aggressive
0.0,0.0,0.0,0,0,100.0,0,1,0,25,0,1,1,90.98,1888,0.0,88,84,1512,0,0.0,0,0.0,0,0,1019.0,8,0,0.4598,1019.0,1.0,0,Aggressive
0.0,0.0,0.0,0,2,311.4,3,0,1,29,1222,1,1,1.969,1873,0.0,27,26,0,0,4600.0,0,0.0,0,0,2011.0,3,1597,0.7692,6611.0,0.0,3,Aggressive
0.0,0.0,0.0,0,4,0.0,0,5,9,2,0,8,2,125.6,1468,0.0,98,96,1503,0,0.0,0,0.0,0,0,0.0,4,0,0.0,0.0,0.625,13,Aggressive
0.0,0.0,0.0,0,2,0.0,0,0,1,47,0,0,0,0.0,1457,0.0,94,92,1452,0,0.0,0,0.0,0,0,1190.0,5,0,0.7312,1190.0,0.0,3,Survivalist
0.0,0.0,0.0,1,4,0.0,5,3,3,5,0,5,1,163.4,1836,0.0,28,27,1488,0,5705.0,0,0.0,0,0,2395.0,4,0,0.0,8100.0,0.6,7,Aggressive
0.0,0.0,0.0,0,0,192.0,2,2,1,11,1495,3,3,50.53,1252,0.0,26,25,0,0,0.0,0,0.0,0,0,234.0,2,1531,0.16,234.0,0.6666666666666666,1,Aggressive
0.0,0.0,0.0,0,0,0.0,0,0,0,95,1040,0,0,0.0,1307,0.0,28,27,0,0,0.0,0,0.0,0,0,0.0,1,1502,0.0,0.0,0.0,0,Survivalist
0.0,0.0,0.0,1,2,36.19,0,0,1,33,1306,0,0,0.0,1807,0.0,16,16,0,0,3181.0,0,0.0,0,0,1645.0,4,1521,0.4667,4826.0,0.0,3,Survivalist
0.0,0.0,0.0,0,1,253.3,2,0,1,8,0,3,1,19.59,1885,0.0,27,26,1496,0,0.0,0,0.0,0,0,208.7,5,0,0.2692,208.7,0.0,2,Aggressive
0.0,0.0,0.0,0,1,422.2,3,2,1,34,1140,1,1,9.762,1858,0.0,27,27,0,1,2846.0,0,0.0,0,0,579.6,3,1485,0.3462,3425.6,2.0,2,Aggressive
0.0,0.0,0.0,1,0,76.25,0,0,0,57,0,0,0,0.0,1791,0.0,50,46,1481,0,1487.0,0,0.0,0,0,1981.0,8,0,0.5918,3468.0,0.0,0,Survivalist
0.0,0.0,0.0,1,0,0.0,1,0,0,36,0,1,1,18.57,1813,0.0,28,26,1409,0,0.0,0,0.0,0,0,994.3,3,0,0.1852,994.3,0.0,0,Aggressive
0.0,0.0,0.0,0,0,0.0,0,0,0,81,0,0,0,0.0,1836,0.0,28,27,1514,0,0.0,0,0.0,0,0,166.2,3,0,0.1111,166.2,0.0,0,Survivalist
0.0,0.0,0.0,1,3,441.1,1,0,3,8,1303,2,1,44.62,2025,0.0,46,41,0,0,2090.0,0,0.0,0,0,3676.0,4,1517,1.0,5766.0,0.0,6,Aggressive
0.0,0.0,0.0,0,2,233.0,0,1,1,22,0,1,1,24.01,1949,0.0,98,94,1490,0,0.0052,0,12.0,0,0,6259.0,9,0,0.9175,6271.0052,1.0,3,Aggressive
0.0,0.0,0.0,0,0,185.3,0,0,0,29,1098,1,1,26.79,1431,0.0,98,97,0,0,0.0,0,0.0,0,0,1349.0,6,1446,0.6701,1349.0,0.0,0,Aggressive
0.0,0.0,0.0,0,0,15.78,0,0,0,66,1454,0,0,0.0,1854,0.0,27,27,0,0,0.0,0,0.0,0,0,235.6,2,1505,0.3077,235.6,0.0,0,Survivalist
0.0,0.0,0.0,0,0,0.0,0,0,0,95,1018,0,0,0.0,1885,0.0,96,93,0,0,0.0,0,0.0,0,0,0.0,0,1496,0.0,0.0,0.0,0,Survivalist
0.0,0.0,0.0,0,0,128.4,0,1,1,33,0,1,1,71.28,1392,0.0,49,46,1466,1,0.0,0,0.0,0,0,377.6,4,0,0.5833,377.6,1.0,1,Aggressive
0.0,0.0,0.0,0,0,200.0,2,0,1,19,0,2,2,3.712,1361,0.0,29,29,1332,0,0.0,0,0.0,0,0,154.4,3,0,0.3571,154.4,0.0,1,Aggressive
0.0,0.0,0.0,0,0,120.5,0,0,0,77,0,0,0,0.0,1958,0.0,93,91,1580,0,0.0,0,0.0,0,0,127.7,3,0,0.1848,127.7,0.0,0,Survivalist
0.0,0.0,0.0,0,1,100.0,1,0,0,73,1366,0,0,0.0,1382,0.0,32,31,0,0,0.0,0,0.0,0,0,41.04,2,1477,0.2581,41.04,0.0,1,Survivalist
0.0,0.0,0.0,0,1,59.2,1,0,3,70,1332,0,0,0.0,1310,0.0,27,26,0,0,0.0,0,0.0,0,0,544.5,2,1550,0.3077,544.5,0.0,4,Survivalist
0.0,0.0,0.0,0,0,100.0,1,0,0,89,0,0,0,0.0,1380,0.0,26,24,1377,0,0.0,0,0.0,0,0,192.7,2,0,0.08,192.7,0.0,0,Survivalist
0.0,0.0,0.0,1,1,258.5,2,0,3,33,1160,1,1,19.78,1436,0.0,26,26,0,1,1443.0,0,0.0,0,0,958.5,3,1531,0.52,2401.5,0.0,4,Aggressive
0.0,0.0,0.0,0,0,0.0,0,0,0,76,0,0,0,0.0,1733,0.0,49,48,1500,0,0.0,0,0.0,0,0,116.2,2,0,0.2708,116.2,0.0,0,Survivalist
0.0,0.0,0.0,0,4,429.4,3,0,6,10,0,2,1,38.31,1347,0.0,28,28,1440,2,0.0223,0,35.55,0,0,3719.0,6,0,1.0,3754.5723000000003,0.0,10,Aggressive
0.0,0.0,0.0,1,0,92.08,0,0,6,48,0,0,0,0.0,1198,0.0,29,29,1505,0,0.0,0,0.0,0,0,2981.0,8,0,0.7857,2981.0,0.0,6,Survivalist
0.0,0.0,0.0,1,0,0.0,0,0,0,92,1222,0,0,0.0,1885,0.0,49,44,0,0,145.9,0,0.0,0,0,10.87,0,1529,0.0,156.77,0.0,0,Survivalist
0.0,0.0,0.0,0,1,122.2,1,1,1,36,1487,1,1,4.612,1405,0.0,29,29,0,0,0.0,0,0.0,0,0,1805.0,6,1477,0.5,1805.0,1.0,2,Aggressive
0.0,0.0,0.0,0,1,552.0,0,1,1,1,1000,7,2,31.73,1397,0.0,99,93,0,0,918.3,0,0.0,0,0,569.0,6,1500,0.602,1487.3,0.14285714285714285,2,Aggressive
0.0,0.0,0.0,0,1,100.0,0,0,1,44,0,1,1,5.669,1892,0.0,97,95,1445,0,0.0,0,0.0,0,0,102.3,3,0,0.0,102.3,0.0,2,Aggressive
0.0,0.0,0.0,0,0,18.38,0,0,0,57,1165,0,0,0.0,1881,0.0,27,26,0,0,595.6,0,0.0,0,0,3050.0,8,1451,0.5769,3645.6,0.0,0,Survivalist
0.0,0.0,0.0,0,0,0.0,0,0,0,80,1356,0,0,0.0,1770,0.0,98,94,0,0,0.0,0,0.0,0,0,113.6,1,1605,0.1753,113.6,0.0,0,Survivalist
0.0,0.0,0.0,0,5,953.3,5,1,5,1,1402,9,2,118.3,1876,0.0,48,45,0,0,1565.0,0,0.0,0,1,2614.0,7,1451,0.8085,4179.0,0.1111111111111111,10,Aggressive
0.0,0.0,0.0,0,1,0.0,0,0,1,58,0,0,0,0.0,1332,0.0,98,95,1500,0,0.0,0,0.0,0,0,446.0,6,0,0.5361,446.0,0.0,2,Survivalist
0.0,0.0,0.0,1,0,23.22,0,0,0,82,0,0,0,0.0,1487,0.0,91,89,1579,0,0.0,0,0.0,0,0,0.0,1,0,0.1,0.0,0.0,0,Survivalist
0.0,0.0,0.0,0,0,0.0,0,0,8,45,0,0,0,0.0,1858,0.0,48,47,1494,0,3403.0,0,0.0,0,1,2762.0,6,0,0.8723,6165.0,0.0,8,Survivalist
0.0,0.0,0.0,0,0,0.0,0,0,0,63,1035,0,0,0.0,1809,0.0,31,29,0,0,2370.0,0,0.0,0,0,1475.0,5,1485,0.6,3845.0,0.0,0,Survivalist
0.0,0.0,0.0,0,5,98.71,1,0,7,25,0,1,1,20.95,1832,0.0,46,44,1500,0,1537.0,0,0.0,1,0,2613.0,7,0,0.9111,4150.0,0.0,12,Aggressive
0.0,0.0,0.0,1,0,129.7,0,0,0,52,0,0,0,0.0,1316,0.0,28,28,1509,0,228.6,0,4.157,0,0,1497.0,5,0,0.5926,1729.7569999999998,0.0,0,Survivalist
0.0,52224872051509.0,0.0,0,4,100.2,1,2,1,18,0,2,2,147.0,1530,0.0,47,47,1483,0,605.0,0,0.0,0,0,2259.0,5,0,0.7826,2864.0,1.0,5,Aggressive
0.0,0.0,0.0,1,2,320.7,4,0,3,9,0,3,1,116.9,1728,0.0,27,27,1467,1,0.0,0,0.0,0,0,2434.0,6,0,0.6923,2434.0,0.0,5,Aggressive
0.0,0.0,0.0,0,2,0.0,2,0,0,14,0,2,1,35.88,1835,0.0,45,41,1551,0,1829.0,0,350.8,0,0,7826.0,5,0,0.8182,10005.8,0.0,2,Aggressive
0.0,0.0,0.0,1,3,215.1,2,1,5,19,1368,2,1,24.24,1375,0.0,28,27,0,0,0.0,0,0.0,0,0,558.4,3,1453,0.2222,558.4,0.5,8,Aggressive
0.0,0.0,0.0,0,0,0.0,0,0,0,74,0,0,0,0.0,1428,0.0,30,30,1482,0,0.0,0,0.0,0,0,165.6,2,0,0.1379,165.6,0.0,0,Survivalist
0.0,0.0,0.0,0,0,0.0,0,0,0,43,0,0,0,0.0,1333,0.0,49,49,1508,0,0.0,0,0.0,0,0,2283.0,14,0,0.8542,2283.0,0.0,0,Survivalist
0.0,0.0,0.0,0,0,151.6,0,0,0,28,0,1,1,24.58,1295,0.0,92,92,1540,0,0.0,0,0.0,0,0,1356.0,3,0,0.8242,1356.0,0.0,0,Aggressive
0.0,0.0,0.0,0,0,0.0,0,0,0,79,0,0,0,0.0,1393,0.0,48,46,1496,0,0.0,0,0.0,0,0,80.21,3,0,0.1915,80.21,0.0,0,Survivalist
0.0,0.0,0.0,1,0,0.0,3,0,0,21,0,2,1,24.61,1382,0.0,28,26,1418,1,0.0,0,0.0,0,0,339.8,3,0,0.2963,339.8,0.0,0,Aggressive
0.0,0.0,0.0,0,0,0.0,1,2,1,31,0,1,1,81.37,1749,0.0,31,28,1534,1,0.0,0,0.0,0,0,1143.0,6,0,0.4333,1143.0,2.0,1,Aggressive
0.0,0.0,0.0,0,0,0.0,0,0,0,91,0,0,0,0.0,1364,0.0,29,27,1527,0,0.0,0,0.0,0,0,19.51,1,0,0.0,19.51,0.0,0,Survivalist
0.0,0.0,0.0,1,3,383.3,3,1,6,27,1433,1,1,4.494,1340,0.0,28,28,0,0,1320.0,0,0.0,0,0,2400.0,8,1485,0.8519,3720.0,1.0,9,Aggressive
0.0,0.0,0.0,1,1,259.9,1,0,7,27,1310,1,1,21.77,1399,0.0,49,48,0,0,0.0,0,0.0,0,0,1465.0,4,1527,0.7708,1465.0,0.0,8,Aggressive
0.0,0.0,0.0,0,0,0.0,0,0,0,51,0,0,0,0.0,1348,0.0,26,26,1433,0,0.0,0,0.0,0,0,1440.0,6,0,0.8,1440.0,0.0,0,Survivalist
0.0,0.0,0.0,0,1,0.0,0,0,8,58,0,0,0,0.0,1768,0.0,30,30,1480,0,4020.0,0,0.0,0,0,673.9,4,0,0.5172,4693.9,0.0,9,Survivalist
0.0,0.0,0.0,0,1,19.25,0,0,2,40,1064,0,0,0.0,1883,0.0,89,82,0,0,1368.0,0,0.0,0,0,2106.0,3,1511,0.8409,3474.0,0.0,3,Survivalist
0.0,0.0,0.0,0,0,83.0,1,0,0,41,0,1,1,13.14,1835,0.0,30,28,1346,0,0.0,0,0.0,0,0,224.6,3,0,0.0345,224.6,0.0,0,Aggressive
0.0,0.0,0.0,0,0,0.0,0,0,1,49,1303,0,0,0.0,1398,0.0,47,45,0,0,0.0,0,0.0,0,0,1647.0,7,1551,0.587,1647.0,0.0,1,Survivalist
0.0,0.0,0.0,3,2,613.7,4,0,2,2,0,6,2,29.32,1737,0.0,30,30,1501,2,3172.0,0,0.0,0,0,2358.0,6,0,0.931,5530.0,0.0,4,Aggressive
0.0,0.0,0.0,0,0,0.0,0,0,0,96,0,0,0,0.0,1761,0.0,99,97,1528,0,0.0,0,0.0,0,0,12.06,0,0,0.0204,12.06,0.0,0,Survivalist
0.0,0.0,0.0,0,4,141.8,1,3,1,16,0,2,2,59.77,1376,0.0,49,48,1693,0,0.0,0,0.0,0,0,1718.0,4,0,0.6042,1718.0,1.5,5,Aggressive
0.0,0.0,0.0,0,2,229.6,0,0,4,53,1108,0,0,0.0,1904,0.0,49,46,0,0,5755.0,0,0.0,0,0,1003.0,3,1514,0.6667,6758.0,0.0,6,Survivalist
0.0,0.0,0.0,0,0,0.0,2,0,1,16,0,2,2,25.66,1735,0.0,31,30,1523,0,0.0,0,0.0,0,0,1582.0,4,0,0.4,1582.0,0.0,1,Aggressive
0.0,0.0,0.0,0,1,0.0,0,0,4,50,0,0,0,0.0,1823,0.0,28,28,1500,0,2061.0,0,0.0,0,0,2160.0,6,0,0.6667,4221.0,0.0,5,Survivalist
0.0,0.0,0.0,0,2,336.6,0,1,3,5,1238,3,1,87.6,1935,0.0,89,85,0,0,2230.0,0,0.0,0,0,3348.0,5,1563,0.9659,5578.0,0.3333333333333333,5,Aggressive
0.0,0.0,0.0,0,0,0.0,0,0,0,67,0,0,0,0.0,1380,0.0,30,29,1323,0,0.0,0,0.0,0,0,903.7,7,0,0.4828,903.7,0.0,0,Survivalist
0.0,0.0,0.0,2,3,243.2,1,0,2,30,1703,1,1,3.287,1424,0.0,30,29,0,0,0.0,0,0.0,0,0,2220.0,4,1506,0.6897,2220.0,0.0,5,Aggressive
0.0,0.0,0.0,0,2,22.68,0,0,2,43,1003,0,0,0.0,1313,0.0,30,29,0,1,299.1,0,0.0,0,0,2535.0,2,1487,0.9655,2834.1,0.0,4,Survivalist
0.0,0.0,0.0,0,0,0.0,0,0,0,59,1200,0,0,0.0,1775,0.0,26,25,0,0,589.9,0,0.0,0,0,837.8,4,1468,0.24,1427.6999999999998,0.0,0,Survivalist
0.0,0.0,0.0,0,1,98.36,0,0,0,22,0,1,1,252.2,1810,0.0,30,30,1481,0,696.9,0,0.0,0,0,1930.0,6,0,0.8966,2626.9,0.0,1,Aggressive
0.0,0.0,0.0,0,0,12.17,0,0,0,87,0,0,0,0.0,1891,0.0,48,45,1461,0,0.0,0,0.0,0,0,80.04,2,0,0.0851,80.04,0.0,0,Survivalist
0.0,0.0,0.0,0,6,133.9,0,0,9,47,1490,0,0,0.0,1851,0.0,30,28,0,0,6562.0,0,197.2,0,0,1243.0,7,1798,0.7586,8002.2,0.0,15,Survivalist
0.0,0.0,0.0,0,0,0.0,0,0,0,59,1120,0,0,0.0,1359,0.0,28,28,0,0,0.0,0,0.0,0,0,594.8,3,1503,0.3704,594.8,0.0,0,Survivalist
0.0,0.0,0.0,0,1,0.0,0,1,0,21,0,2,1,64.38,1375,0.0,93,91,1494,0,0.0,0,0.0,0,0,224.1,3,0,0.4783,224.1,0.5,1,Aggressive
0.0,0.0,0.0,0,0,0.0,0,0,1,85,0,0,0,0.0,1370,0.0,31,31,1494,0,0.0,0,0.0,0,0,64.33,1,0,0.1333,64.33,0.0,1,Survivalist
0.0,0.0,0.0,0,0,140.7,0,0,0,77,0,0,0,0.0,1759,0.0,30,25,1500,0,0.0,0,0.0,0,0,449.0,2,0,0.1724,449.0,0.0,0,Survivalist
0.0,0.0,0.0,0,1,0.0,0,1,0,27,0,1,1,0.0,1331,0.0,29,29,1430,0,0.0,0,0.0,0,0,169.4,3,0,0.8929,169.4,1.0,1,Aggressive
0.0,0.0,0.0,1,0,36.02,0,0,1,70,1154,0,0,0.0,1435,0.0,27,27,0,0,0.0,0,0.0,0,0,985.4,4,1436,0.4615,985.4,0.0,1,Survivalist
0.0,0.0,0.0,0,0,0.0,0,0,0,82,0,0,0,0.0,1334,0.0,26,25,1500,1,0.0,0,0.0,0,0,58.76,2,0,0.04,58.76,0.0,0,Survivalist
0.0,0.0,0.0,0,2,19.35,0,0,1,44,1344,0,0,0.0,1350,0.0,98,97,0,0,0.0044,0,9.57,0,0,2067.0,5,1507,0.866,2076.5744,0.0,3,Survivalist
0.0,0.0,0.0,0,3,325.8,2,3,5,12,0,2,2,22.9,1180,0.0,47,46,1512,0,18.13,0,10.12,0,0,1229.0,4,0,0.8043,1257.25,1.5,8,Aggressive
0.0,0.0,0.0,0,0,0.0,0,0,0,86,1419,0,0,0.0,1370,0.0,28,25,0,0,0.0,0,0.0,0,0,0.0,1,1539,0.0,0.0,0.0,0,Survivalist
0.0,0.0,0.0,0,0,116.9,0,0,0,76,1037,0,0,0.0,1937,0.0,26,26,0,0,0.0,0,0.0,0,0,81.65,2,1494,0.12,81.65,0.0,0,Survivalist
0.0,0.0,0.0,0,0,200.0,2,0,0,39,0,1,1,1.391,1887,0.0,28,25,1444,0,0.0,0,0.0,0,0,376.7,3,0,0.0741,376.7,0.0,0,Aggressive
0.0,0.0,0.0,0,1,0.0,0,61,0,77,0,60,0,0.0,1458,0.0,47,45,1515,0,100.0,0,0.0,0,0,0.0,2,0,0.0,100.0,1.0166666666666666,1,Aggressive
0.0,0.0,0.0,0,0,42.57,0,0,0,79,0,0,0,0.0,1941,0.0,30,27,1445,0,0.0,0,0.0,0,0,254.9,7,0,0.1724,254.9,0.0,0,Survivalist
0.0,0.0,0.0,0,0,100.0,1,0,0,60,1027,0,0,0.0,1390,0.0,49,48,0,0,0.0,0,0.0,1,0,753.1,3,1463,0.4792,753.1,0.0,0,Survivalist
0.0,0.0,0.0,0,0,0.0,0,0,0,86,0,0,0,0.0,1365,0.0,25,25,1445,0,0.0,0,0.0,0,0,76.55,2,0,0.0417,76.55,0.0,0,Survivalist
0.0,0.0,0.0,1,2,250.6,2,0,10,36,0,0,0,0.0,1917,0.0,47,46,1520,1,2415.0,0,0.0,0,0,3074.0,8,0,0.8478,5489.0,0.0,12,Survivalist
0.0,0.0,0.0,0,2,171.7,0,1,1,11,0,2,1,62.64,1416,0.0,94,92,1593,0,0.0,0,0.0,0,0,1639.0,4,0,0.9892,1639.0,0.5,3,Aggressive
0.0,0.0,0.0,0,3,0.0,1,0,5,23,0,1,1,2.142,1450,0.0,29,28,1458,0,0.0,0,0.0,0,0,0.0,1,0,0.0,0.0,0.0,8,Aggressive
0.0,0.0,0.0,0,0,492.1,2,0,0,28,1078,1,1,8.025,1370,0.0,29,28,0,0,0.0,0,0.0,0,0,1138.0,5,1495,0.6071,1138.0,0.0,0,Aggressive
0.0,0.0,0.0,0,0,0.0,1,0,0,36,0,1,1,4.547,1811,0.0,47,47,1475,0,0.0,0,0.0,0,0,0.0,1,0,0.0,0.0,0.0,0,Aggressive
0.0,0.0,0.0,0,2,301.1,2,4,1,10,1381,3,2,19.88,1417,0.0,49,47,0,0,453.9,0,0.0,0,0,2120.0,5,1543,0.8958,2573.9,1.3333333333333333,3,Aggressive
0.0,0.0,0.0,1,1,398.1,3,0,1,5,0,4,2,122.3,1934,0.0,29,26,1522,2,2301.0,0,0.0,0,0,2586.0,4,0,0.7857,4887.0,0.0,2,Aggressive
0.0,0.0,0.0,0,4,460.1,4,0,7,5,1469,4,2,120.9,1790,0.0,26,24,0,0,0.0,0,0.0,0,0,2332.0,7,1559,0.64,2332.0,0.0,11,Aggressive
0.0,0.0,0.0,0,0,44.0,0,0,0,93,0,0,0,0.0,1274,0.0,27,27,1378,0,0.0,0,0.0,0,0,42.1,1,0,0.0,42.1,0.0,0,Survivalist
0.0,0.0,0.0,0,5,299.1,2,5,2,5,0,4,1,167.2,1373,0.0,48,47,1704,0,0.0,0,0.0,0,0,3054.0,3,0,0.9149,3054.0,1.25,7,Aggressive
0.0,0.0,0.0,0,0,100.0,1,0,2,37,1036,1,1,2.021,1440,0.0,47,47,0,0,0.0,0,0.0,0,0,79.13,3,1511,0.2391,79.13,0.0,2,Aggressive
0.0,0.0,0.0,1,0,0.0,0,0,0,40,0,0,0,0.0,1317,0.0,29,26,1500,0,0.0,0,0.0,0,0,2831.0,7,0,0.9643,2831.0,0.0,0,Survivalist
0.0,0.0,0.0,0,0,18.89,1,0,0,64,0,0,0,0.0,1271,0.0,28,27,1508,0,0.0,0,0.0,0,0,684.9,6,0,0.5556,684.9,0.0,0,Survivalist
0.0,0.0,0.0,0,1,123.2,1,1,1,31,0,1,1,63.85,1377,0.0,48,47,1592,0,0.0,0,0.0,0,0,1902.0,8,0,0.6596,1902.0,1.0,2,Aggressive
0.0,0.0,0.0,0,0,134.3,1,0,0,42,1091,1,1,9.303,1278,0.0,50,47,0,0,0.0,0,0.0,0,0,97.16,4,1486,0.2449,97.16,0.0,0,Aggressive
0.0,0.0,0.0,0,0,143.1,0,1,0,31,1000,1,1,86.47,1428,0.0,29,28,0,0,0.0,0,0.0,0,0,1816.0,2,1500,0.6071,1816.0,1.0,0,Aggressive
0.0,0.0,0.0,0,0,0.0,0,0,0,89,0,0,0,0.0,1986,0.0,48,47,1484,0,0.0,0,0.0,0,0,8.178,0,0,0.0638,8.178,0.0,0,Survivalist
0.0,0.0,0.0,0,0,0.0,0,0,0,56,1039,0,0,0.0,1340,0.0,29,27,0,0,0.0,0,0.0,0,0,1079.0,6,1506,0.5714,1079.0,0.0,0,Survivalist
0.0,0.0,0.0,0,0,0.0,0,0,0,66,0,0,0,0.0,1915,0.0,46,46,1468,0,676.4,0,8.102,0,0,955.3,2,0,0.4667,1639.802,0.0,0,Survivalist
0.0,0.0,0.0,0,0,0.0,0,0,0,87,0,0,0,0.0,1487,0.0,28,28,1373,0,0.0,0,0.0,0,0,57.18,1,0,0.0741,57.18,0.0,0,Survivalist
0.0,0.0,0.0,0,0,127.6,1,0,0,43,0,1,1,38.82,1343,0.0,48,47,1542,0,0.0,0,0.0,0,0,150.9,1,0,0.1489,150.9,0.0,0,Aggressive
0.0,0.0,0.0,0,1,0.0,1,0,4,61,0,0,0,0.0,1878,0.0,26,25,1455,2,2494.0,0,0.0,0,0,0.0,8,0,0.0,2494.0,0.0,5,Survivalist
0.0,0.0,0.0,2,2,457.5,4,1,5,2,0,5,1,89.8,1383,0.0,49,47,1500,1,0.0,0,0.0,0,0,2244.0,4,0,0.8958,2244.0,0.2,7,Aggressive
0.0,0.0,0.0,1,2,0.0,0,1,1,13,0,2,1,129.1,1362,0.0,49,49,1586,0,0.0,0,0.0,0,0,0.0,8,0,0.0,0.0,0.5,3,Aggressive
0.0,0.0,0.0,0,0,30.03,0,0,4,48,1058,0,0,0.0,1392,0.0,47,47,0,0,0.0,0,0.0,0,0,475.9,4,1506,0.8261,475.9,0.0,4,Survivalist
0.0,0.0,0.0,0,0,0.0,0,0,0,71,0,0,0,0.0,1323,0.0,27,26,1404,0,0.0,0,0.0,0,0,179.0,1,0,0.2692,179.0,0.0,0,Survivalist
0.0,0.0,0.0,0,0,0.0,0,0,0,37,0,1,1,14.54,1397,0.0,90,88,1552,0,0.0,0,0.0,0,0,0.0,2,0,0.0,0.0,0.0,0,Aggressive
0.0,0.0,0.0,1,3,563.0,3,1,5,26,1359,1,1,41.41,1356,0.0,28,27,0,0,0.0,0,60.07,0,0,2598.0,2,1496,0.8148,2658.07,1.0,8,Aggressive
0.0,0.0,0.0,0,2,54.14,0,0,1,46,1605,0,0,0.0,1377,0.0,49,48,0,0,0.0,0,0.0,0,0,2015.0,4,1589,0.8333,2015.0,0.0,3,Survivalist
0.0,0.0,0.0,0,0,100.0,1,0,0,65,0,0,0,0.0,1398,0.0,32,29,1491,0,0.0,0,0.0,0,0,111.6,2,0,0.4194,111.6,0.0,0,Survivalist
0.0,0.0,0.0,0,0,160.7,1,0,0,45,0,0,0,0.0,1385,0.0,26,25,1414,1,0.0,0,0.0,0,0,507.2,2,0,0.76,507.2,0.0,0,Survivalist
0.0,0.0,0.0,0,0,100.0,1,0,0,58,1191,0,0,0.0,1408,0.0,46,44,0,0,0.0,0,0.0,0,0,324.6,5,1496,0.3778,324.6,0.0,0,Survivalist
0.0,0.0,0.0,0,0,79.98,0,0,0,84,0,0,0,0.0,1348,0.0,30,30,1499,0,0.0,0,0.0,0,0,236.7,2,0,0.1724,236.7,0.0,0,Survivalist
0.0,0.0,0.0,0,0,100.0,1,2,0,34,0,1,1,1.15,1894,0.0,27,25,1424,0,0.0,0,0.0,0,0,699.8,2,0,0.5769,699.8,2.0,0,Aggressive
0.0,0.0,0.0,0,0,200.0,0,0,3,15,0,2,1,9.006,1896,0.0,87,79,1497,0,0.0,0,0.0,0,0,3460.0,6,0,0.7907,3460.0,0.0,3,Aggressive
0.0,0.0,0.0,2,0,19.35,0,0,0,61,1328,0,0,0.0,1425,0.0,27,26,0,0,0.0,0,0.0,0,0,392.8,2,1409,0.3846,392.8,0.0,0,Survivalist
0.0,0.0,0.0,0,0,100.0,1,1,1,34,0,1,1,2.586,1862,0.0,28,27,1447,1,0.0,0,0.0,0,0,287.5,3,0,0.2593,287.5,1.0,1,Aggressive
0.0,0.0,0.0,0,0,81.9,0,0,0,80,0,0,0,0.0,1344,0.0,95,94,1589,0,0.0,0,0.0,0,0,54.34,1,0,0.1702,54.34,0.0,0,Survivalist
0.0,0.0,0.0,1,0,71.34,0,0,1,83,0,0,0,0.0,1337,0.0,27,26,1477,0,0.0,0,0.0,0,0,219.9,3,0,0.0769,219.9,0.0,1,Survivalist
0.0,0.0,0.0,0,0,28.47,0,0,0,50,0,0,0,0.0,1922,0.0,47,47,1512,0,319.7,0,0.0,0,0,2479.0,6,0,0.6522,2798.7,0.0,0,Survivalist
0.0,0.0,0.0,0,2,123.2,1,0,1,29,0,1,1,13.63,1414,0.0,29,29,1516,0,0.0,0,0.0,0,0,2242.0,4,0,0.6429,2242.0,0.0,3,Aggressive
0.0,0.0,0.0,0,0,0.0,0,0,0,97,1265,0,0,0.0,1922,0.0,29,28,0,0,0.0,0,0.0,0,0,0.9301,0,1450,0.0357,0.9301,0.0,0,Survivalist
0.0,0.0,0.0,0,0,33.64,0,0,0,79,1568,0,0,0.0,1961,0.0,28,26,0,0,0.0,0,0.0,0,0,97.43,1,1517,0.1852,97.43,0.0,0,Survivalist
0.0,0.0,0.0,0,4,0.0,1,0,5,25,0,1,1,3.499,1882,0.0,27,27,1467,1,1019.0,0,0.0,1,0,2880.0,3,0,0.0,3899.0,0.0,9,Aggressive
0.0,0.0,0.0,0,0,100.0,0,0,1,46,0,1,1,8.355,1286,0.0,98,96,1476,0,0.0,0,0.0,0,0,74.85,2,0,0.2784,74.85,0.0,1,Aggressive
0.0,0.0,0.0,0,0,0.0,0,0,0,61,0,0,0,0.0,1327,0.0,93,92,1498,0,0.0,0,0.0,0,0,187.3,5,0,0.4239,187.3,0.0,0,Survivalist
0.0,0.0,0.0,0,1,102.8,0,0,4,52,0,0,0,0.0,1929,0.0,27,26,1334,0,1417.0,0,0.0,0,0,1447.0,3,0,0.5385,2864.0,0.0,5,Survivalist
0.0,0.0,0.0,0,0,0.0,0,0,0,90,0,0,0,0.0,1956,0.0,95,95,1490,0,0.0,0,0.0,0,0,83.68,1,0,0.0851,83.68,0.0,0,Survivalist
0.0,0.0,0.0,0,0,208.0,0,0,0,30,1195,1,1,14.28,1298,0.0,28,28,0,0,0.0,0,0.0,0,0,2109.0,2,1463,0.5185,2109.0,0.0,0,Aggressive
0.0,0.0,0.0,1,2,39.14,0,1,1,26,1373,1,1,41.98,1870,0.0,28,26,0,0,3991.0,0,0.0,0,0,1862.0,8,1584,0.5185,5853.0,1.0,3,Aggressive
0.0,0.0,0.0,0,0,0.0,0,0,0,91,1124,0,0,0.0,1407,0.0,97,94,0,0,0.0,0,0.0,0,0,0.0,0,1487,0.0729,0.0,0.0,0,Survivalist
0.0,0.0,0.0,1,0,389.0,2,2,1,7,1336,3,2,67.19,1401,0.0,49,48,0,1,0.0,0,0.0,0,0,2898.0,4,1507,0.875,2898.0,0.6666666666666666,1,Aggressive
0.0,0.0,0.0,0,0,118.3,0,0,0,14,0,0,0,0.0,1808,0.0,18,2,1500,0,0.0,0,0.0,0,0,0.0,5,0,0.0,0.0,0.0,0,Survivalist
0.0,0.0,0.0,0,0,259.2,1,0,1,22,0,2,2,24.77,1818,0.0,50,50,1491,1,0.0,0,0.0,0,0,365.2,7,0,0.4082,365.2,0.0,1,Aggressive
0.0,0.0,0.0,0,3,279.9,0,1,6,6,1306,3,1,149.2,1892,0.0,92,89,0,0,457.1,0,0.0,0,0,2402.0,4,1575,0.956,2859.1,0.3333333333333333,9,Aggressive
0.0,0.0,0.0,1,1,23.4,0,0,5,55,0,0,0,0.0,1357,0.0,28,28,1579,0,0.0,0,0.0,0,0,1704.0,4,0,0.6667,1704.0,0.0,6,Survivalist
0.0,0.0,0.0,0,2,25.8,0,0,1,57,0,0,0,0.0,1345,0.0,32,32,1410,1,0.0,0,0.0,0,0,480.8,3,0,0.5161,480.8,0.0,3,Survivalist
0.0,0.0,0.0,1,4,414.8,2,0,5,8,1028,3,3,19.41,1371,0.0,29,27,0,0,147.7,0,0.0,0,0,3396.0,7,1496,0.8214,3543.7,0.0,9,Aggressive
0.0,0.0,0.0,0,0,0.0,0,0,0,88,0,0,0,0.0,1155,0.0,47,44,1504,0,0.0,0,0.0,0,0,25.35,1,0,0.0,25.35,0.0,0,Survivalist
0.0,0.0,0.0,0,0,82.42,4,0,1,5,0,4,2,74.51,1375,0.0,28,28,1434,0,0.0,0,0.0,0,0,213.0,2,0,0.2593,213.0,0.0,1,Aggressive
0.0,0.0,0.0,0,0,48.51,0,0,0,50,1002,0,0,0.0,1307,0.0,98,95,0,0,0.0,0,0.0,0,0,1286.0,4,1498,0.732,1286.0,0.0,0,Survivalist
0.0,0.0,0.0,0,0,300.0,3,0,0,80,0,0,0,0.0,1945,0.0,26,24,1563,0,0.0,0,0.0,0,0,54.23,1,0,0.04,54.23,0.0,0,Survivalist
0.0,0.0,0.0,0,1,140.9,0,0,1,26,0,1,1,5.742,1734,0.0,96,90,1510,0,0.0,0,0.0,0,0,1645.0,5,0,0.4421,1645.0,0.0,2,Aggressive
0.0,0.0,0.0,0,0,42.13,0,0,4,64,0,0,0,0.0,1778,0.0,24,23,1360,2,0.0,0,0.0,0,0,396.5,3,0,0.3043,396.5,0.0,4,Survivalist
0.0,0.0,0.0,1,0,259.1,2,0,0,23,0,2,1,25.93,1771,0.0,27,27,1468,0,0.0,0,0.0,0,0,110.9,3,0,0.0769,110.9,0.0,0,Aggressive
0.0,0.0,0.0,0,0,0.0,0,0,0,65,1441,0,0,0.0,1260,0.0,28,27,0,0,0.0,0,0.0,0,0,75.59,4,1541,0.4444,75.59,0.0,0,Survivalist
0.0,0.0,0.0,0,2,100.0,1,1,1,29,0,1,1,11.6,1963,0.0,28,28,1498,0,3212.0,0,0.0,0,0,910.3,7,0,0.3333,4122.3,1.0,3,Aggressive
0.0,0.0,0.0,0,0,198.2,0,1,7,32,1216,1,1,19.73,1323,0.0,48,47,0,1,0.0,0,0.0,0,0,676.5,2,1531,0.5745,676.5,1.0,7,Aggressive
0.0,0.0,0.0,0,3,200.0,0,0,1,17,0,2,1,10.43,1962,0.0,92,86,1511,0,1345.0,0,0.0,0,0,1467.0,2,0,0.4396,2812.0,0.0,4,Aggressive
0.0,0.0,0.0,0,0,0.0,0,0,0,92,0,0,0,0.0,1350,0.0,30,28,1384,0,0.0,0,0.0,0,0,0.0,0,0,0.0,0.0,0.0,0,Survivalist
0.0,0.0,0.0,0,0,32.99,0,0,0,83,1233,0,0,0.0,1895,0.0,28,28,0,0,0.0,0,0.0,0,0,172.8,1,1450,0.1111,172.8,0.0,0,Survivalist
0.0,0.0,0.0,0,0,0.0,0,0,0,36,0,1,1,6.052,2168,0.0,97,92,1496,0,0.0,0,0.0,0,0,191.4,4,0,0.0,191.4,0.0,0,Aggressive
0.0,0.0,0.0,0,0,71.8,1,1,0,35,0,1,1,49.01,1454,0.0,28,27,1479,0,0.0,0,0.0,0,0,1161.0,6,0,0.4074,1161.0,1.0,0,Aggressive
0.0,0.0,0.0,0,0,141.4,0,0,0,38,0,1,1,9.981,1775,0.0,47,46,1512,0,0.0,0,0.0,0,0,128.2,2,0,0.1304,128.2,0.0,0,Aggressive
0.0,0.0,0.0,0,0,173.0,1,0,0,32,0,1,1,66.54,1849,0.0,30,28,1433,0,0.0,0,0.0,0,0,3061.0,8,0,0.6207,3061.0,0.0,0,Aggressive
0.0,0.0,0.0,0,1,0.0,0,0,1,70,0,0,0,0.0,1789,0.0,28,27,1385,0,0.0,0,0.0,0,0,988.2,3,0,0.0,988.2,0.0,2,Survivalist
0.0,0.0,0.0,0,0,0.0,0,0,0,66,0,0,0,0.0,1977,0.0,31,29,1509,0,0.0,0,0.0,0,0,2123.0,7,0,0.2333,2123.0,0.0,0,Survivalist
0.0,0.0,0.0,0,0,73.54,1,0,1,40,1230,1,1,13.59,1321,0.0,27,27,0,0,0.0,0,0.0,0,0,240.4,2,1506,0.1538,240.4,0.0,1,Aggressive
0.0,0.0,0.0,0,0,0.0,0,0,0,69,0,0,0,0.0,1372,0.0,96,95,1500,0,0.0,0,0.0,0,0,251.3,1,0,0.3053,251.3,0.0,0,Survivalist
0.0,0.0,0.0,0,0,0.0,0,0,1,82,1155,0,0,0.0,2082,0.0,27,25,0,0,0.0,0,0.0,0,0,483.1,2,1383,0.1538,483.1,0.0,1,Survivalist
0.0,0.0,0.0,0,4,82.29,0,0,4,44,0,0,0,0.0,1974,0.0,50,48,1527,0,3357.0,0,0.0,0,0,1043.0,5,0,0.9388,4400.0,0.0,8,Survivalist
0.0,0.0,0.0,0,0,47.3,0,0,0,89,1638,0,0,0.0,1408,0.0,48,48,0,0,0.0,0,0.0,0,0,89.2,1,1504,0.0638,89.2,0.0,0,Survivalist
0.0,0.0,0.0,0,0,0.0,1,0,0,23,0,1,1,8.788,1885,0.0,46,44,1559,0,0.0,0,0.0,0,0,0.0,4,0,0.0,0.0,0.0,0,Aggressive
0.0,0.0,0.0,0,2,0.0,2,2,1,25,0,1,1,28.67,1399,0.0,27,27,1326,0,0.0,0,0.0,0,0,2400.0,7,0,0.0,2400.0,2.0,3,Aggressive
43564044706789.0,0.0,0.0,1,6,652.3,5,1,2,2,1691,7,2,325.7,1288,0.0,30,30,0,0,0.0,0,0.0,0,0,3246.0,5,1679,1.0,3246.0,0.14285714285714285,8,Aggressive
0.0,0.0,0.0,0,0,0.0,0,0,0,47,0,0,0,0.0,1271,0.0,26,26,1474,0,0.0,0,0.0,0,0,39.1,2,0,0.08,39.1,0.0,0,Survivalist
0.0,0.0,0.0,0,0,100.0,0,1,0,30,0,1,1,15.56,1465,0.0,92,92,1675,0,0.0,0,0.0,0,0,750.8,10,0,0.6154,750.8,1.0,0,Aggressive
0.0,0.0,0.0,0,1,85.0,1,0,0,32,0,1,1,27.14,1291,0.0,28,28,1354,0,0.0,0,0.0,0,0,1768.0,6,0,0.5185,1768.0,0.0,1,Aggressive
0.0,0.0,0.0,0,1,0.0,0,0,1,33,1159,1,1,6.476,1936,0.0,28,26,0,0,4563.0,0,0.0,0,0,1216.0,5,1462,0.0,5779.0,0.0,2,Aggressive
0.0,0.0,0.0,0,3,212.2,1,0,4,16,1254,2,2,11.22,1422,0.0,29,27,0,0,0.0,0,0.0,0,0,1620.0,5,1457,0.6071,1620.0,0.0,7,Aggressive
0.0,0.0,0.0,0,0,0.0,0,0,0,56,1440,0,0,0.0,1368,0.0,98,96,0,0,0.0,0,0.0,0,0,1068.0,7,1521,0.6907,1068.0,0.0,0,Survivalist
0.0,0.0,0.0,1,0,48.44,0,0,0,70,989,0,0,0.0,1769,0.0,45,44,0,0,0.0,0,0.0,0,0,135.7,3,1459,0.2045,135.7,0.0,0,Survivalist
0.0,0.0,0.0,0,1,45.15,0,0,1,63,1000,0,0,0.0,1895,0.0,46,43,0,0,0.0,0,0.0,0,0,946.8,3,1500,0.4,946.8,0.0,2,Survivalist
0.0,0.0,0.0,0,0,0.0,0,0,0,89,1608,0,0,0.0,1972,0.0,90,89,0,0,0.0,0,0.0,0,0,0.0,1,1595,0.0112,0.0,0.0,0,Survivalist
0.0,0.0,0.0,0,0,21.32,0,0,0,82,0,0,0,0.0,1324,0.0,48,47,1502,0,0.0,0,0.0,0,0,118.1,2,0,0.2128,118.1,0.0,0,Survivalist
0.0,0.0,0.0,0,0,169.0,0,0,1,40,0,1,1,25.35,1357,0.0,95,93,1563,0,0.0,0,0.0,0,0,393.1,2,0,0.4574,393.1,0.0,1,Aggressive
0.0,0.0,0.0,0,0,0.0,0,0,0,99,1327,0,0,0.0,1342,0.0,99,98,0,0,0.0,0,0.0,0,0,0.0,1,1479,0.0,0.0,0.0,0,Survivalist
0.0,0.0,0.0,0,2,173.8,1,0,1,32,0,1,1,1.635,1839,0.0,47,46,1513,0,0.0,0,0.0,0,0,582.0,3,0,0.7391,582.0,0.0,3,Aggressive
0.0,0.0,0.0,0,1,88.53,0,0,0,80,0,0,0,0.0,1384,0.0,48,47,1494,0,0.0,0,0.0,0,0,160.3,4,0,0.1915,160.3,0.0,1,Survivalist
0.0,0.0,0.0,2,6,470.0,1,0,7,4,1428,2,1,7.937,1903,0.0,20,17,0,0,0.0034,0,3.767,0,0,6394.0,6,1644,0.9474,6397.770399999999,0.0,13,Aggressive
0.0,0.0,0.0,0,0,175.0,2,1,0,22,0,2,1,1.537,1946,0.0,28,27,1390,0,0.0,0,0.0,0,0,84.57,1,0,0.0741,84.57,0.5,0,Aggressive
0.0,0.0,0.0,1,3,114.4,0,0,5,48,1245,0,0,0.0,1361,0.0,28,24,0,0,0.0,0,0.0,0,0,2210.0,1,1476,0.0,2210.0,0.0,8,Survivalist
0.0,0.0,0.0,0,0,0.0,0,0,0,89,0,0,0,0.0,1312,0.0,50,48,1474,0,0.0,0,0.0,0,0,39.61,2,0,0.1224,39.61,0.0,0,Survivalist
0.0,0.0,0.0,0,0,60.99,0,0,0,87,1183,0,0,0.0,1289,0.0,49,48,0,0,0.0,0,0.0,0,0,153.2,1,1499,0.0625,153.2,0.0,0,Survivalist
0.0,0.0,0.0,0,0,78.48,0,0,0,98,0,0,0,0.0,1833,0.0,27,25,1463,0,0.0,0,0.0,0,0,11.5,0,0,0.0,11.5,0.0,0,Survivalist
0.0,0.0,0.0,0,0,0.0,0,0,0,86,0,0,0,0.0,1380,0.0,48,43,1515,0,0.0,0,0.0,0,0,22.52,1,0,0.0425,22.52,0.0,0,Survivalist
0.0,0.0,0.0,0,5,495.7,4,1,5,11,1390,2,1,21.04,1882,0.0,28,26,0,0,2543.0,0,0.0,0,0,2599.0,7,1517,0.7778,5142.0,0.5,10,Aggressive
0.0,0.0,0.0,0,0,54.39,0,0,0,77,1348,0,0,0.0,1459,0.0,31,30,0,0,0.0,0,0.0,0,0,298.1,3,1507,0.2333,298.1,0.0,0,Survivalist
0.0,0.0,0.0,0,0,0.0,0,0,0,79,0,0,0,0.0,1388,0.0,49,47,1471,0,0.0,0,0.0,0,0,91.47,1,0,0.1458,91.47,0.0,0,Survivalist
0.0,0.0,0.0,0,0,243.2,3,0,0,63,0,0,0,0.0,1313,0.0,24,23,1631,0,0.0,0,0.0,0,0,273.3,2,0,0.3478,273.3,0.0,0,Survivalist
0.0,0.0,0.0,0,0,100.0,0,0,0,36,0,1,1,6.63,1871,0.0,29,29,1439,1,0.0,0,0.0,0,0,468.4,3,0,0.3929,468.4,0.0,0,Aggressive
0.0,0.0,0.0,0,0,0.0,0,0,0,97,1241,0,0,0.0,1359,0.0,98,95,0,0,0.0,0,0.0,0,0,0.0,0,1587,0.0,0.0,0.0,0,Survivalist
0.0,0.0,0.0,5,1,394.7,0,0,1,12,0,2,1,84.47,1269,0.0,25,24,1362,0,0.0,0,0.0,0,0,1902.0,4,0,0.7083,1902.0,0.0,2,Aggressive
0.0,0.0,0.0,0,0,100.0,1,1,1,41,0,1,1,19.74,1434,0.0,48,47,1508,0,0.0,0,0.0,0,0,83.01,1,0,0.2128,83.01,1.0,1,Aggressive
0.0,0.0,0.0,0,0,0.0,0,0,0,62,0,0,0,0.0,1401,0.0,50,48,1589,0,0.0,0,0.0,0,0,1208.0,3,0,0.551,1208.0,0.0,0,Survivalist
0.0,0.0,0.0,0,1,225.2,0,0,1,15,0,3,1,157.4,1402,0.0,99,98,1581,0,0.0,0,0.0,0,0,590.7,4,0,0.5816,590.7,0.0,2,Aggressive
0.0,0.0,0.0,0,0,69.09,0,0,0,55,0,0,0,0.0,1401,0.0,95,92,1493,0,0.0,0,0.0,0,0,1122.0,4,0,0.5957,1122.0,0.0,0,Survivalist
0.0,0.0,0.0,0,0,0.0,0,0,0,80,0,0,0,0.0,1296,0.0,47,46,1494,0,0.0,0,0.0,0,0,189.8,2,0,0.1304,189.8,0.0,0,Survivalist
0.0,0.0,0.0,0,0,98.26,0,0,0,81,0,0,0,0.0,1407,0.0,26,25,1415,0,0.0,0,0.0,0,0,34.77,1,0,0.16,34.77,0.0,0,Survivalist
0.0,0.0,0.0,0,0,53.9,0,0,0,78,1336,0,0,0.0,1780,0.0,29,27,0,0,0.0,0,0.0,0,0,107.2,1,1478,0.0714,107.2,0.0,0,Survivalist
0.0,0.0,0.0,1,1,0.0,5,3,3,7,1000,4,2,117.5,1344,0.0,30,30,0,2,0.0,0,0.0,0,0,0.0,3,1500,0.0,0.0,0.75,4,Aggressive
0.0,0.0,0.0,0,0,0.0,0,0,0,76,0,0,0,0.0,1376,0.0,98,94,1500,0,0.0,0,0.0,0,0,127.3,2,0,0.2268,127.3,0.0,0,Survivalist
0.0,0.0,0.0,0,1,288.9,1,2,1,17,1355,2,1,23.8,1226,0.0,28,25,0,0,0.0,0,0.0,0,0,291.1,4,1491,0.4815,291.1,1.0,2,Aggressive
0.0,0.0,65320308300046.0,0,0,82.92,0,0,1,53,0,0,0,0.0,1931,0.0,47,45,1335,0,1181.0,0,0.0,0,0,1092.0,7,0,0.5,2273.0,0.0,1,Survivalist
0.0,0.0,0.0,0,0,0.0,0,0,0,99,969,0,0,0.0,1448,0.0,99,98,0,0,0.0,0,0.0,0,0,8.251,0,1420,0.0,8.251,0.0,0,Survivalist
0.0,0.0,0.0,0,1,0.0,1,0,7,56,0,0,0,0.0,1472,0.0,26,26,1500,1,0.0,0,0.0,0,0,0.0,12,0,0.0,0.0,0.0,8,Survivalist
0.0,0.0,0.0,0,2,0.0,0,0,0,62,0,0,0,0.0,1886,0.0,26,25,1457,0,5691.0,0,0.0,0,0,590.2,5,0,0.28,6281.2,0.0,2,Survivalist
0.0,0.0,0.0,0,0,64.26,0,0,0,77,0,0,0,0.0,1373,0.0,29,26,1495,0,0.0,0,0.0,0,0,78.37,2,0,0.1071,78.37,0.0,0,Survivalist
0.0,0.0,0.0,1,1,106.5,0,0,1,64,0,0,0,0.0,1814,0.0,27,26,1308,0,0.0,0,0.0,0,0,305.1,4,0,0.0,305.1,0.0,2,Survivalist
0.0,0.0,0.0,0,0,72.67,0,0,0,57,1003,0,0,0.0,1424,0.0,48,46,0,0,0.0,0,0.0,0,0,1111.0,9,1508,0.5532,1111.0,0.0,0,Survivalist
0.0,0.0,0.0,0,0,0.0,0,0,0,78,0,0,0,0.0,1891,0.0,27,27,1475,0,0.0,0,0.0,0,0,307.0,1,0,0.1538,307.0,0.0,0,Survivalist
0.0,0.0,0.0,0,0,107.8,0,0,0,59,0,0,0,0.0,1443,0.0,50,48,1492,0,0.0,0,0.0,0,0,48.32,2,0,0.551,48.32,0.0,0,Survivalist
0.0,0.0,0.0,0,0,81.06,0,0,0,85,0,0,0,0.0,1366,0.0,46,46,1524,0,0.0,0,0.0,0,0,33.26,1,0,0.0222,33.26,0.0,0,Survivalist
0.0,0.0,0.0,0,2,0.0,0,0,1,61,0,0,0,0.0,1300,0.0,27,26,1305,0,0.0,0,0.0,0,0,2126.0,4,0,0.4615,2126.0,0.0,3,Survivalist
0.0,0.0,0.0,0,1,38.95,0,0,1,45,1167,0,0,0.0,1350,0.0,49,47,0,0,0.0,0,0.0,0,0,977.8,8,1438,0.875,977.8,0.0,2,Survivalist
0.0,0.0,0.0,0,2,519.2,4,1,1,6,0,4,2,25.92,1400,0.0,30,28,1506,1,0.0,0,0.0,0,0,2204.0,8,0,0.7586,2204.0,0.25,3,Aggressive
0.0,0.0,0.0,0,0,0.0,0,0,0,95,0,0,0,0.0,1889,0.0,28,27,1419,0,0.0,0,0.0,0,0,71.93,3,0,0.0,71.93,0.0,0,Survivalist
0.0,0.0,0.0,0,0,0.0,0,0,0,62,1150,0,0,0.0,1810,0.0,98,96,0,0,0.0,0,0.0,0,0,1551.0,6,1574,0.5052,1551.0,0.0,0,Survivalist
0.0,0.0,0.0,0,0,0.0,0,0,0,89,0,0,0,0.0,1278,0.0,29,28,1483,0,0.0,0,0.0,0,0,117.5,0,0,0.1071,117.5,0.0,0,Survivalist
0.0,0.0,0.0,0,0,145.3,1,0,0,78,1010,0,0,0.0,1850,0.0,28,28,0,0,0.0,0,0.0,0,0,609.7,1,1493,0.1852,609.7,0.0,0,Survivalist
0.0,0.0,0.0,0,0,0.0,0,0,0,84,0,0,0,0.0,1690,0.0,28,28,1478,0,0.0,0,0.0,0,0,140.3,4,0,0.0741,140.3,0.0,0,Survivalist
0.0,0.0,0.0,0,0,0.0,1,0,0,94,0,0,0,0.0,1978,0.0,29,28,1475,1,0.0,0,0.0,0,0,55.25,1,0,0.0,55.25,0.0,0,Survivalist
0.0,0.0,0.0,0,0,0.0,0,0,0,82,0,0,0,0.0,1436,0.0,27,26,1428,0,0.0,0,0.0,0,0,2.588,0,0,0.1154,2.588,0.0,0,Survivalist
0.0,0.0,0.0,0,0,0.0,0,0,0,88,321,0,0,0.0,1756,0.0,50,45,0,0,0.0,0,0.0,0,0,0.0,0,735,0.0,0.0,0.0,0,Survivalist
0.0,0.0,0.0,0,0,0.0,0,0,0,81,0,0,0,0.0,1368,0.0,85,84,1480,0,0.0,0,0.0,0,0,41.73,0,0,0.0357,41.73,0.0,0,Survivalist
0.0,0.0,0.0,0,2,165.7,1,1,0,32,1000,1,1,7.254,1821,0.0,29,28,0,0,3314.0,0,0.0,0,0,1109.0,3,1500,0.25,4423.0,1.0,2,Aggressive
0.0,0.0,0.0,1,3,558.4,3,2,2,12,0,2,2,104.3,1712,0.0,30,28,1549,1,5958.0,0,22.12,0,0,3714.0,5,0,0.9655,9694.12,1.0,5,Aggressive
0.0,0.0,0.0,0,0,0.0,0,0,0,70,0,0,0,0.0,1926,0.0,94,88,1500,0,609.8,0,0.0,1,0,326.6,2,0,0.2688,936.4,0.0,0,Survivalist
0.0,0.0,0.0,0,0,0.0,0,0,0,85,0,0,0,0.0,1428,0.0,27,27,1484,0,0.0,0,0.0,0,0,88.56,2,0,0.0385,88.56,0.0,0,Survivalist
0.0,0.0,0.0,0,0,0.0,0,0,0,63,1140,0,0,0.0,1365,0.0,27,27,0,0,1146.0,0,351.9,0,0,1303.0,5,1530,0.4231,2800.9,0.0,0,Survivalist
0.0,0.0,0.0,1,0,462.9,3,1,1,5,0,4,2,27.25,1378,0.0,50,48,1512,0,0.0,0,0.0,0,0,270.3,7,0,0.5306,270.3,0.25,1,Aggressive
0.0,0.0,0.0,0,2,36.73,0,0,1,61,0,0,0,0.0,1865,0.0,27,26,1500,0,608.9,0,0.0,0,0,1306.0,6,0,0.4615,1914.9,0.0,3,Survivalist
0.0,0.0,0.0,0,0,0.0,0,0,0,72,0,0,0,0.0,1850,0.0,47,45,1500,0,0.0,0,0.0,0,0,391.0,2,0,0.1957,391.0,0.0,0,Survivalist
0.0,0.0,0.0,0,1,0.0,0,0,0,75,1000,0,0,0.0,1871,0.0,48,46,0,0,0.0,0,0.0,0,0,130.1,2,1500,0.2766,130.1,0.0,1,Survivalist
0.0,0.0,0.0,0,0,0.0,0,0,0,89,0,0,0,0.0,1368,0.0,48,46,1521,0,0.0,0,0.0,0,0,14.15,0,0,0.0213,14.15,0.0,0,Survivalist
0.0,0.0,0.0,0,1,56.25,0,0,4,81,0,0,0,0.0,1887,0.0,29,29,1473,0,0.0,0,0.0,0,0,79.98,1,0,0.0714,79.98,0.0,5,Survivalist
0.0,0.0,0.0,1,0,155.4,1,0,0,77,0,0,0,0.0,1896,0.0,29,27,1438,0,0.0,0,0.0,0,0,114.7,1,0,0.1786,114.7,0.0,0,Survivalist
0.0,0.0,0.0,2,4,325.4,1,0,2,13,1256,2,2,18.06,1427,0.0,28,28,0,0,195.4,0,0.0,0,0,2301.0,6,1485,0.0,2496.4,0.0,6,Aggressive
0.0,0.0,0.0,0,0,100.0,1,1,0,41,0,1,1,13.75,1850,0.0,28,28,1470,0,0.0,0,0.0,0,0,53.36,2,0,0.0,53.36,1.0,0,Aggressive
0.0,0.0,0.0,0,0,0.0,0,0,0,77,1281,0,0,0.0,1402,0.0,28,27,0,0,0.0,0,0.0,0,0,247.4,1,1482,0.1481,247.4,0.0,0,Survivalist
0.0,0.0,0.0,0,1,0.0,0,0,3,29,0,1,1,72.62,1339,0.0,49,48,1597,0,935.5,0,9.578,0,0,0.0,4,0,0.0,945.078,0.0,4,Aggressive
0.0,0.0,0.0,0,0,39.48,1,0,0,41,1455,1,1,31.64,1917,0.0,26,26,0,1,0.0,0,0.0,1,0,225.0,3,1458,0.08,225.0,0.0,0,Aggressive
0.0,0.0,0.0,0,0,50.31,0,0,0,80,0,0,0,0.0,1802,0.0,92,90,1513,0,0.0,0,0.0,0,0,19.56,2,0,0.1429,19.56,0.0,0,Survivalist
0.0,0.0,0.0,0,3,623.2,2,2,3,2,0,6,2,155.4,1901,0.0,48,46,1497,0,0.0,0,0.0,0,0,4924.0,8,0,0.9362,4924.0,0.3333333333333333,6,Aggressive
0.0,0.0,0.0,0,0,92.04,0,0,0,80,0,0,0,0.0,1816,0.0,28,28,1500,0,0.0,0,0.0,0,0,222.7,3,0,0.1111,222.7,0.0,0,Survivalist
0.0,0.0,0.0,1,0,75.24,0,0,0,89,1398,0,0,0.0,1966,0.0,90,86,0,0,0.0,0,0.0,0,0,16.23,1,1497,0.0112,16.23,0.0,0,Survivalist
0.0,0.0,0.0,1,0,260.6,2,1,1,8,1000,3,1,56.42,1400,0.0,28,28,0,0,0.0,0,0.0,0,0,2708.0,6,1500,0.8519,2708.0,0.3333333333333333,1,Aggressive
0.0,0.0,0.0,0,0,0.0,0,0,0,67,0,0,0,0.0,1434,0.0,97,95,1509,0,0.0,0,0.0,0,0,635.1,3,0,0.4375,635.1,0.0,0,Survivalist
0.0,0.0,0.0,0,1,186.0,0,0,0,30,0,1,1,2.229,1942,0.0,92,91,1487,0,0.0,0,0.0,0,0,389.0,5,0,0.5495,389.0,0.0,1,Aggressive
0.0,0.0,0.0,0,0,0.0,0,0,0,76,0,0,0,0.0,1953,0.0,33,30,1489,0,0.0,0,0.0,0,0,117.2,3,0,0.1875,117.2,0.0,0,Survivalist
0.0,0.0,0.0,0,0,0.0,0,0,0,65,0,0,0,0.0,1337,0.0,98,97,1473,0,0.0,0,0.0,0,0,386.4,2,0,0.4536,386.4,0.0,0,Survivalist
0.0,0.0,0.0,0,0,0.0,0,0,0,63,0,0,0,0.0,1897,0.0,94,92,1510,0,631.6,0,0.0,1,0,1106.0,5,0,0.4624,1737.6,0.0,0,Survivalist
0.0,0.0,0.0,0,6,101.0,0,2,15,24,1263,1,1,16.23,2172,0.0,95,93,0,0,5305.0,0,0.0,0,0,2981.0,3,1638,0.9362,8286.0,2.0,21,Aggressive
0.0,0.0,0.0,0,0,63.11,1,1,0,37,1028,1,1,12.46,1883,0.0,48,47,0,0,0.0,0,0.0,0,0,519.8,5,1495,0.3617,519.8,1.0,0,Aggressive
0.0,0.0,0.0,0,2,185.0,1,2,0,18,1606,2,1,35.77,1397,0.0,29,29,0,0,0.0,0,0.0,0,0,1165.0,5,1521,0.5714,1165.0,1.0,2,Aggressive
0.0,0.0,0.0,0,1,170.9,1,0,1,58,0,0,0,0.0,1391,0.0,26,25,1506,0,0.0,0,0.0,0,0,326.9,4,0,0.52,326.9,0.0,2,Survivalist
0.0,0.0,0.0,0,4,653.3,5,2,1,3,1619,4,2,86.18,1664,0.0,28,25,0,0,88.54,0,0.0,0,0,1512.0,4,1566,0.0,1600.54,0.5,5,Aggressive
0.0,0.0,0.0,2,1,268.1,1,0,1,33,0,1,1,0.7507,1896,0.0,44,43,1472,0,93.42,0,0.0,0,0,888.8,3,0,0.2558,982.2199999999999,0.0,2,Aggressive
0.0,0.0,0.0,0,0,0.0,0,0,0,79,0,0,0,0.0,1362,0.0,28,28,1576,0,0.0,0,0.0,0,0,211.6,3,0,0.2222,211.6,0.0,0,Survivalist
0.0,0.0,0.0,1,0,318.8,3,0,4,10,1159,3,1,34.65,1254,0.0,29,27,0,1,0.0,0,0.0,0,0,2521.0,2,1503,0.9643,2521.0,0.0,4,Aggressive
0.0,0.0,0.0,0,0,0.0,0,0,0,60,1141,0,0,0.0,1456,0.0,49,48,0,0,388.1,0,0.0,0,0,1189.0,5,1483,0.4583,1577.1,0.0,0,Survivalist
0.0,0.0,0.0,0,2,424.0,3,0,7,11,1415,3,2,28.27,1898,0.0,49,49,0,0,4446.0,0,0.0,0,0,873.4,5,1584,0.625,5319.4,0.0,9,Aggressive
0.0,0.0,0.0,0,0,24.51,0,0,0,64,0,0,0,0.0,1344,0.0,27,27,1483,0,0.0,0,0.0,0,0,735.1,2,0,0.3462,735.1,0.0,0,Survivalist
0.0,0.0,0.0,0,0,0.0,0,0,0,85,0,0,0,0.0,1344,0.0,29,29,1497,0,0.0,0,0.0,0,0,0.0,1,0,0.0,0.0,0.0,0,Survivalist
0.0,0.0,0.0,0,0,0.0,1,1,0,42,1297,1,1,9.957,1414,0.0,32,32,0,0,0.0,0,0.0,0,0,204.9,1,1459,0.1935,204.9,1.0,0,Aggressive
0.0,0.0,0.0,2,3,327.4,1,0,5,46,0,0,0,0.0,1410,0.0,27,26,1476,2,626.3,0,0.0,0,0,2027.0,6,0,0.9231,2653.3,0.0,8,Survivalist
0.0,0.0,0.0,0,0,69.51,1,0,3,64,0,0,0,0.0,1351,0.0,29,29,1655,0,0.0,0,4.079,0,0,411.0,3,0,0.3929,415.079,0.0,3,Survivalist
0.0,0.0,0.0,0,1,60.63,0,0,1,76,1440,0,0,0.0,1301,0.0,27,26,0,1,0.0,0,0.0,0,0,307.5,5,1498,0.2308,307.5,0.0,2,Survivalist
0.0,0.0,0.0,0,3,0.0,0,0,0,62,0,0,0,0.0,1909,0.0,28,27,1503,0,2414.0,0,0.0,0,0,1239.0,5,0,0.5185,3653.0,0.0,3,Survivalist
0.0,0.0,0.0,0,0,196.5,0,0,0,40,0,1,1,6.395,1455,0.0,98,94,1502,0,0.0,0,0.0,0,0,66.17,2,0,0.2268,66.17,0.0,0,Aggressive
0.0,0.0,0.0,0,0,0.0,0,0,0,80,0,0,0,0.0,1795,0.0,98,94,1518,0,0.0,0,0.0,0,0,165.6,1,0,0.2062,165.6,0.0,0,Survivalist
0.0,0.0,0.0,0,5,142.9,1,2,6,22,0,1,1,131.2,1884,0.0,28,28,1460,0,8561.0,0,0.0,0,0,2077.0,8,0,0.8519,10638.0,2.0,11,Aggressive
0.0,0.0,0.0,0,0,173.1,2,1,0,38,1491,1,1,7.271,1357,0.0,48,47,0,1,0.0,0,0.0,0,0,112.2,2,1539,0.2979,112.2,1.0,0,Aggressive
0.0,0.0,0.0,0,0,0.0,0,0,0,68,1351,0,0,0.0,1802,0.0,29,28,0,0,0.0,0,0.0,0,0,0.0,4,1557,0.0,0.0,0.0,0,Survivalist
0.0,0.0,0.0,0,0,75.0,1,0,0,29,0,1,1,67.04,1890,0.0,27,27,1438,0,3267.0,0,0.0,0,0,2390.0,5,0,0.5385,5657.0,0.0,0,Aggressive
0.0,0.0,0.0,0,2,544.6,4,1,3,5,0,5,2,19.96,1427,0.0,27,27,1431,0,0.0,0,0.0,0,0,500.4,3,0,0.3077,500.4,0.2,5,Aggressive
0.0,0.0,0.0,0,0,0.0,0,0,0,93,1463,0,0,0.0,1388,0.0,27,26,0,0,0.0,0,0.0,0,0,55.96,1,1564,0.0,55.96,0.0,0,Survivalist
0.0,0.0,0.0,0,0,149.9,0,0,1,45,1475,1,1,17.25,1429,0.0,97,95,0,0,0.0,0,0.0,0,0,456.3,2,1407,0.0,456.3,0.0,1,Aggressive
0.0,0.0,0.0,0,0,0.0,0,0,0,83,1366,0,0,0.0,1962,0.0,48,48,0,0,179.0,0,0.0,0,0,0.0,4,1525,0.0,179.0,0.0,0,Survivalist
0.0,0.0,0.0,0,0,100.0,1,0,0,38,1145,1,1,132.5,1921,0.0,30,30,0,0,388.0,0,0.0,0,0,1655.0,4,1490,0.4828,2043.0,0.0,0,Aggressive
0.0,0.0,0.0,0,0,0.0,0,0,1,68,0,0,0,0.0,1994,0.0,28,28,1500,0,1647.0,0,0.0,0,0,1302.0,5,0,0.3333,2949.0,0.0,1,Survivalist
0.0,0.0,0.0,0,0,75.95,0,0,0,67,0,0,0,0.0,1900,0.0,96,95,1500,0,0.0,0,0.0,0,0,522.6,5,0,0.3579,522.6,0.0,0,Survivalist
0.0,0.0,0.0,1,2,441.0,1,1,4,12,0,2,1,108.0,1897,0.0,28,26,1838,3,0.0,0,0.0,0,0,2954.0,6,0,1.0,2954.0,0.5,6,Aggressive
0.0,0.0,0.0,0,2,0.0,0,0,1,43,0,0,0,0.0,1934,0.0,45,43,1484,0,2056.0,0,0.0,0,0,3832.0,5,0,0.7273,5888.0,0.0,3,Survivalist
0.0,0.0,0.0,0,0,0.0,0,0,0,70,0,0,0,0.0,1397,0.0,96,96,1497,0,0.0,0,0.0,0,0,140.7,2,0,0.3158,140.7,0.0,0,Survivalist
0.0,0.0,0.0,1,0,31.59,0,0,0,76,0,0,0,0.0,1409,0.0,29,27,1458,0,0.0,0,0.0,0,0,227.0,4,0,0.2143,227.0,0.0,0,Survivalist
0.0,0.0,0.0,0,0,100.0,0,0,1,39,0,1,1,6.633,1396,0.0,96,94,1543,0,0.0,0,0.0,0,0,255.4,2,0,0.3789,255.4,0.0,1,Aggressive
0.0,0.0,0.0,0,4,0.0,0,0,5,18,0,2,1,57.83,1837,0.0,95,92,1461,0,1582.0,0,0.0,0,0,0.0,8,0,0.0,1582.0,0.0,9,Aggressive
0.0,0.0,0.0,0,0,0.0,0,0,0,98,0,0,0,0.0,1810,0.0,30,28,1586,0,0.0,0,0.0,0,0,10.54,1,0,0.0,10.54,0.0,0,Survivalist
0.0,0.0,0.0,0,10,254.1,0,0,12,8,0,3,1,90.77,1821,0.0,98,92,1721,0,5624.0,0,0.0,0,0,2724.0,9,0,0.9691,8348.0,0.0,22,Aggressive
0.0,0.0,0.0,0,0,0.0,0,0,0,12,0,0,0,0.0,1703,0.0,17,1,1500,0,0.0,0,0.0,0,0,0.0,2,0,0.0,0.0,0.0,0,Survivalist
0.0,0.0,0.0,0,3,0.0,0,0,7,47,0,0,0,0.0,914,0.0,51,46,1500,0,1423.0,0,0.0,0,0,1755.0,2,0,0.76,3178.0,0.0,10,Survivalist
0.0,0.0,0.0,0,0,97.94,0,0,0,86,975,0,0,0.0,1860,0.0,47,45,0,0,0.0,0,0.0,0,0,91.13,2,1461,0.1087,91.13,0.0,0,Survivalist
0.0,0.0,0.0,0,3,199.1,3,2,4,8,1534,3,1,66.21,1356,0.0,28,27,0,1,0.0,0,0.0,0,0,2909.0,4,1522,0.7778,2909.0,0.6666666666666666,7,Aggressive
0.0,0.0,0.0,0,0,100.0,1,0,0,39,0,1,1,42.22,1373,0.0,27,27,1530,0,0.0,0,0.0,0,0,113.2,1,0,0.1154,113.2,0.0,0,Aggressive
0.0,0.0,0.0,0,0,88.11,0,0,0,83,0,0,0,0.0,1341,0.0,96,92,1497,0,46.96,0,0.0,0,0,54.14,0,0,0.0947,101.1,0.0,0,Survivalist
0.0,0.0,0.0,0,0,127.9,0,1,0,45,0,1,1,10.76,1885,0.0,95,92,1504,0,0.0,0,0.0,0,0,351.3,4,0,0.3617,351.3,1.0,0,Aggressive
0.0,0.0,0.0,0,0,67.94,1,1,0,31,0,1,1,9.705,1795,0.0,49,46,1503,0,0.0,0,0.0,0,0,359.7,4,0,0.3958,359.7,1.0,0,Aggressive
0.0,0.0,0.0,0,0,0.0,0,0,0,98,0,0,0,0.0,1958,0.0,30,30,1480,0,0.0,0,0.0,0,0,139.1,0,0,0.0,139.1,0.0,0,Survivalist
0.0,0.0,0.0,0,4,324.3,2,0,2,18,0,2,1,27.36,1691,0.0,29,29,1500,0,0.0,0,0.0,0,0,749.2,4,0,0.5,749.2,0.0,6,Aggressive
0.0,0.0,0.0,0,1,0.0,3,0,2,11,0,3,1,157.4,1725,0.0,25,23,1450,1,784.3,0,0.0,0,0,1669.0,5,0,0.7917,2453.3,0.0,3,Aggressive
0.0,894213134782.0,0.0,0,0,70.2,0,0,0,71,1570,0,0,0.0,1283,0.0,30,29,0,0,0.0,0,0.0,0,0,584.6,3,1561,0.3103,584.6,0.0,0,Survivalist
0.0,0.0,0.0,0,2,180.9,1,0,2,25,925,2,2,6.342,1397,0.0,50,49,0,0,0.0,0,0.0,0,0,1537.0,2,1432,0.5918,1537.0,0.0,4,Aggressive
0.0,0.0,0.0,0,0,83.46,0,0,0,62,1399,0,0,0.0,1375,0.0,27,25,0,0,0.0,0,0.0,0,0,247.6,3,1491,0.2692,247.6,0.0,0,Survivalist
0.0,0.0,0.0,2,0,253.8,2,0,0,46,0,0,0,0.0,1458,0.0,48,46,1508,0,0.0,0,0.0,0,0,1820.0,8,0,0.8723,1820.0,0.0,0,Survivalist
0.0,0.0,0.0,0,0,0.0,0,0,0,92,0,0,0,0.0,1372,0.0,28,28,1500,0,0.0,0,0.0,0,0,8.033,2,0,0.037,8.033,0.0,0,Survivalist
0.0,0.0,0.0,0,0,0.0,0,0,0,87,1226,0,0,0.0,1768,0.0,28,27,0,0,0.0,0,0.0,0,0,0.0,0,1564,0.0,0.0,0.0,0,Survivalist
0.0,0.0,0.0,0,1,237.7,2,1,3,21,0,2,1,73.34,1378,0.0,29,29,1480,0,0.0,0,0.0,0,0,2111.0,4,0,0.5357,2111.0,0.5,4,Aggressive
0.0,0.0,0.0,0,0,99.33,0,0,0,91,1735,0,0,0.0,1378,0.0,27,27,0,0,0.0,0,0.0,0,0,52.24,2,1526,0.0,52.24,0.0,0,Survivalist
0.0,0.0,0.0,0,2,368.1,3,0,5,4,1681,4,2,48.71,1324,0.0,30,30,0,1,0.0,0,0.0,0,0,848.3,7,1538,0.5517,848.3,0.0,7,Aggressive
0.0,0.0,0.0,1,3,201.5,1,1,1,12,1152,2,1,185.8,1873,0.0,27,22,0,2,5692.0,0,33.57,0,0,1661.0,4,1440,0.8077,7386.57,0.5,4,Aggressive
0.0,0.0,0.0,0,2,38.25,0,0,1,52,1335,0,0,0.0,1277,0.0,28,27,0,0,0.0,0,79.01,0,0,2593.0,6,1530,0.8148,2672.01,0.0,3,Survivalist
0.0,0.0,0.0,0,1,35.56,1,0,5,64,0,0,0,0.0,1737,0.0,46,45,1404,1,0.0,0,0.0,0,0,503.7,5,0,0.3556,503.7,0.0,6,Survivalist
0.0,0.0,0.0,0,0,0.0,0,0,0,87,0,0,0,0.0,1323,0.0,47,47,1456,0,0.0,0,0.0,0,0,0.0,0,0,0.0652,0.0,0.0,0,Survivalist
0.0,0.0,0.0,3,10,540.0,1,2,1,19,0,2,2,294.4,1884,0.0,28,26,1471,0,5720.0,0,0.0,0,0,2966.0,5,0,0.8148,8686.0,1.0,11,Aggressive
0.0,0.0,0.0,0,0,24.51,0,0,0,66,0,0,0,0.0,1298,0.0,48,47,1503,0,0.0,0,0.0,0,0,98.33,3,0,0.3404,98.33,0.0,0,Survivalist
0.0,0.0,0.0,1,0,298.4,1,0,6,7,0,3,1,81.98,1757,0.0,50,46,1505,0,3816.0,0,0.0,0,0,1033.0,3,0,0.0,4849.0,0.0,6,Aggressive
0.0,0.0,0.0,0,0,0.0,0,0,0,81,0,0,0,0.0,1369,0.0,28,28,1399,0,0.0,0,0.0,0,0,24.95,2,0,0.1111,24.95,0.0,0,Survivalist
0.0,0.0,0.0,0,0,100.0,1,2,0,42,0,1,1,5.408,1362,0.0,49,45,1477,0,0.0186,0,35.4,0,0,299.5,1,0,0.2083,334.91859999999997,2.0,0,Aggressive
48259774716841.0,0.0,0.0,0,1,272.6,1,0,1,43,1206,0,0,0.0,1755,0.0,42,38,0,0,870.3,0,0.0,0,0,2016.0,13,1575,0.7561,2886.3,0.0,2,Survivalist
0.0,0.0,0.0,0,0,257.9,1,0,10,57,0,0,0,0.0,1844,0.0,28,28,1510,1,0.0,0,0.0,0,0,778.9,2,0,0.4815,778.9,0.0,10,Survivalist
0.0,0.0,0.0,0,0,100.0,0,0,0,30,1000,1,1,5.005,1394,0.0,96,92,0,0,0.0,0,0.0,0,0,2340.0,5,1500,0.7895,2340.0,0.0,0,Aggressive
0.0,0.0,0.0,0,3,145.9,1,0,4,26,1287,1,1,5.982,1376,0.0,47,46,0,0,0.0,0,0.0,0,0,2944.0,7,1616,0.9783,2944.0,0.0,7,Aggressive
0.0,0.0,0.0,4,1,345.4,3,0,1,9,0,2,1,414.0,1970,0.0,48,47,1599,0,5085.0,0,0.0,0,0,2990.0,7,0,0.9574,8075.0,0.0,2,Aggressive
0.0,0.0,0.0,0,3,174.1,0,0,6,42,1402,0,0,0.0,1422,0.0,28,26,0,1,0.0,0,0.0,0,0,1922.0,4,1470,0.8148,1922.0,0.0,9,Survivalist
0.0,0.0,0.0,0,0,83.85,0,0,0,53,0,0,0,0.0,2060,0.0,15,15,1500,0,1280.0,0,0.0,0,0,876.7,6,0,0.0714,2156.7,0.0,0,Survivalist
0.0,0.0,0.0,0,3,217.8,1,0,3,24,1625,1,1,1.113,1506,0.0,48,44,0,0,0.0,0,0.0,0,0,1515.0,10,1499,0.766,1515.0,0.0,6,Aggressive
0.0,0.0,0.0,0,0,122.8,1,1,0,41,1178,1,1,1.381,1438,0.0,50,50,0,0,0.0,0,0.0,0,0,33.98,1,1446,0.2653,33.98,1.0,0,Aggressive
0.0,0.0,0.0,0,0,80.8,1,1,0,19,0,2,2,17.84,1413,0.0,49,46,1475,0,0.0,0,0.0,0,0,657.0,2,0,0.4792,657.0,0.5,0,Aggressive
0.0,0.0,0.0,0,0,56.88,0,0,0,77,0,0,0,0.0,1866,0.0,27,26,1518,0,0.0,0,0.0,0,0,3.434,0,0,0.1154,3.434,0.0,0,Survivalist
0.0,0.0,0.0,1,0,72.54,0,0,0,88,0,0,0,0.0,1395,0.0,29,28,1480,0,0.0,0,0.0,0,0,285.2,3,0,0.1429,285.2,0.0,0,Survivalist
0.0,0.0,0.0,1,0,161.7,0,1,0,37,0,1,1,17.36,1381,0.0,90,88,1717,0,0.0,0,0.0,0,0,367.9,3,0,0.427,367.9,1.0,0,Aggressive
0.0,0.0,0.0,0,0,0.0,0,0,0,78,0,0,0,0.0,1356,0.0,27,25,1415,0,0.0,0,17.02,0,0,538.2,1,0,0.1538,555.22,0.0,0,Survivalist
0.0,0.0,0.0,5,3,836.9,4,2,1,10,0,2,1,57.62,1768,0.0,28,26,1500,0,295.9,0,0.0,0,0,3201.0,8,0,1.0,3496.9,1.0,4,Aggressive
0.0,0.0,0.0,0,7,119.7,1,0,8,50,1647,0,0,0.0,1770,0.0,29,28,0,0,4853.0,0,0.0,0,0,2931.0,6,1636,0.7857,7784.0,0.0,15,Survivalist
0.0,0.0,0.0,0,3,124.4,1,0,9,20,1446,2,1,138.0,1358,0.0,48,47,0,2,1896.0,0,0.0,0,0,694.6,6,1629,0.7021,2590.6,0.0,12,Aggressive
0.0,0.0,0.0,0,1,153.5,1,0,0,15,1320,2,1,34.62,1875,0.0,43,39,0,0,2438.0,0,0.0,0,0,1570.0,4,1513,0.5,4008.0,0.0,1,Aggressive
0.0,0.0,0.0,0,1,100.0,0,0,0,42,1431,1,1,10.03,1417,0.0,96,95,0,0,0.0,0,0.0,0,0,51.94,2,1491,0.3053,51.94,0.0,1,Aggressive
0.0,0.0,0.0,0,0,91.19,1,0,0,29,0,1,1,4.527,1865,0.0,49,47,1500,0,2309.0,0,144.6,0,0,835.6,5,0,0.5833,3289.2,0.0,0,Aggressive
0.0,0.0,0.0,0,0,72.52,0,0,0,53,1330,0,0,0.0,1770,0.0,28,28,0,0,2195.0,0,0.0,0,0,1715.0,12,1547,0.5926,3910.0,0.0,0,Survivalist
0.0,0.0,0.0,0,2,135.3,0,0,5,24,0,1,1,66.99,1904,0.0,97,96,1552,0,164.4,0,0.0,0,0,3391.0,7,0,0.875,3555.4,0.0,7,Aggressive
0.0,0.0,0.0,0,4,641.5,5,1,7,2,1518,6,3,71.96,1459,0.0,31,30,0,1,0.0,0,0.0,0,0,3514.0,4,1510,0.8333,3514.0,0.16666666666666666,11,Aggressive
0.0,0.0,0.0,0,1,200.0,1,2,0,18,0,2,1,91.43,1433,0.0,27,27,1473,0,0.0,0,0.0,0,0,1491.0,4,0,0.4615,1491.0,1.0,1,Aggressive
0.0,0.0,0.0,1,0,168.8,1,2,0,39,1185,1,1,18.27,1452,0.0,29,29,0,0,0.0,0,0.0,0,0,316.4,2,1546,0.3214,316.4,2.0,0,Aggressive
0.0,0.0,0.0,0,0,0.0,0,0,0,97,1062,0,0,0.0,1300,0.0,29,28,0,0,0.0,0,0.0,0,0,13.65,1,1476,0.0357,13.65,0.0,0,Survivalist
0.0,0.0,0.0,0,0,77.31,0,0,0,58,0,0,0,0.0,2192,0.0,47,46,1518,0,1561.0,0,0.0,0,0,1279.0,6,0,0.6304,2840.0,0.0,0,Survivalist
0.0,0.0,0.0,0,4,402.3,0,1,2,10,1000,3,1,21.6,1299,0.0,98,92,0,0,0.0,0,0.0,0,0,1300.0,4,1500,0.7835,1300.0,0.3333333333333333,6,Aggressive
0.0,0.0,0.0,0,3,0.0,0,0,6,43,0,0,0,0.0,1775,0.0,28,27,1514,0,7376.0,0,0.0,0,0,0.0,3,0,0.0,7376.0,0.0,9,Survivalist
0.0,0.0,0.0,0,0,119.3,1,0,0,90,1445,0,0,0.0,1433,0.0,28,27,0,1,0.0,0,0.0,0,0,45.93,1,1523,0.037,45.93,0.0,0,Survivalist
0.0,0.0,0.0,0,0,0.0,0,0,0,48,0,0,0,0.0,1366,0.0,26,24,2033,0,0.0,0,4.713,0,0,1587.0,8,0,0.52,1591.713,0.0,0,Survivalist
0.0,0.0,0.0,0,0,70.59,0,0,7,49,1277,0,0,0.0,1322,0.0,28,28,0,0,0.0,0,0.0,0,0,2813.0,7,1525,0.8519,2813.0,0.0,7,Survivalist
0.0,0.0,0.0,2,1,177.6,0,0,1,54,1000,0,0,0.0,1305,0.0,96,92,0,0,0.0,0,0.0,0,0,778.5,8,1500,0.6947,778.5,0.0,2,Survivalist
0.0,0.0,0.0,1,4,236.2,0,0,0,13,0,2,1,111.5,1765,0.0,96,92,1537,0,4519.0,0,0.0,0,0,2643.0,5,0,0.8526,7162.0,0.0,4,Aggressive
0.0,0.0,0.0,0,0,0.0,0,0,0,66,0,0,0,0.0,2024,0.0,47,46,1512,0,0.0,0,0.0,0,0,601.3,5,0,0.3478,601.3,0.0,0,Survivalist
0.0,0.0,0.0,0,0,0.0,0,0,0,74,0,0,0,0.0,1912,0.0,29,28,1479,0,0.0,0,0.0,0,0,306.4,3,0,0.2857,306.4,0.0,0,Survivalist
0.0,0.0,0.0,0,1,100.0,1,0,12,45,0,0,0,0.0,1355,0.0,29,28,1470,0,0.0,0,113.3,0,0,1960.0,7,0,0.9643,2073.3,0.0,13,Survivalist
0.0,0.0,0.0,0,0,0.0,0,0,0,79,0,0,0,0.0,1769,0.0,29,29,1504,0,0.0,0,0.0,0,0,501.9,4,0,0.1786,501.9,0.0,0,Survivalist
0.0,0.0,0.0,0,1,172.2,1,0,1,14,1476,2,1,24.09,1343,0.0,28,28,0,0,0.0,0,0.0,0,0,1077.0,5,1598,0.8148,1077.0,0.0,2,Aggressive
0.0,0.0,0.0,0,0,43.52,0,0,0,62,0,0,0,0.0,1441,0.0,50,48,1497,0,0.0,0,0.0,0,0,488.8,3,0,0.4286,488.8,0.0,0,Survivalist
0.0,0.0,0.0,0,2,76.2,1,0,8,62,0,0,0,0.0,1921,0.0,47,46,1503,1,40.53,0,0.0,0,0,715.9,4,0,0.3913,756.43,0.0,10,Survivalist
0.0,0.0,0.0,0,0,0.0,0,0,0,65,0,0,0,0.0,1372,0.0,27,27,1513,0,0.0,0,0.0,0,0,44.28,0,0,0.4231,44.28,0.0,0,Survivalist
0.0,0.0,0.0,0,0,0.0,0,0,0,92,0,0,0,0.0,1929,0.0,47,44,1534,0,0.0,0,0.0,0,0,0.0,0,0,0.0,0.0,0.0,0,Survivalist
0.0,0.0,0.0,0,0,240.6,0,1,0,20,0,2,1,68.39,1446,0.0,92,91,1563,0,0.0,0,0.0,0,0,316.1,2,0,0.5165,316.1,0.5,0,Aggressive
0.0,0.0,0.0,0,0,0.0,0,0,0,56,0,0,0,0.0,1235,0.0,28,28,1339,0,0.0,0,0.0,0,0,803.0,5,0,0.7037,803.0,0.0,0,Survivalist
0.0,0.0,0.0,0,1,295.4,3,0,3,7,0,3,1,29.51,2045,0.0,28,27,1501,0,0.0,0,0.0,0,0,2069.0,9,0,1.0,2069.0,0.0,4,Aggressive
0.0,0.0,0.0,1,4,695.0,3,1,2,2,1433,5,1,194.3,1880,0.0,28,28,0,0,1074.0,1,0.0,0,0,3837.0,6,1510,1.0,4911.0,0.2,6,Aggressive
0.0,0.0,0.0,1,1,245.4,0,0,0,32,1219,1,1,54.86,1361,0.0,50,49,0,0,0.0,0,0.0,0,0,1700.0,4,1506,0.5918,1700.0,0.0,1,Aggressive
0.0,0.0,0.0,0,0,168.7,2,0,0,32,0,1,1,17.3,1385,0.0,47,44,1770,0,0.0,0,0.0,0,0,185.2,2,0,0.3696,185.2,0.0,0,Aggressive
0.0,0.0,0.0,0,0,0.0,0,0,0,53,0,0,0,0.0,1386,0.0,92,89,1500,0,0.0,0,0.0,0,0,1261.0,5,0,0.6264,1261.0,0.0,0,Survivalist
0.0,0.0,0.0,0,1,22.59,0,0,2,52,1000,0,0,0.0,1373,0.0,27,26,0,0,0.0,0,0.0,0,0,2185.0,3,1500,0.5385,2185.0,0.0,3,Survivalist
0.0,0.0,0.0,0,1,0.0,0,0,0,84,1417,60,0,0.0,1983,0.0,30,29,0,0,0.0,0,0.0,0,0,0.0,4,1610,0.0,0.0,0.0,1,Aggressive
0.0,0.0,0.0,0,0,0.0,0,0,0,89,0,0,0,0.0,1530,0.0,48,48,1523,0,0.0,0,0.0,0,0,0.0,0,0,0.0638,0.0,0.0,0,Survivalist
0.0,0.0,0.0,0,0,0.0,0,0,0,83,0,0,0,0.0,1907,0.0,50,47,1500,0,0.0,0,0.0,0,0,0.0,3,0,0.0,0.0,0.0,0,Survivalist
0.0,0.0,0.0,1,1,211.0,2,1,2,11,1333,2,2,16.23,1386,0.0,29,27,0,0,0.0,0,0.0,0,0,1078.0,7,1501,1.0,1078.0,0.5,3,Aggressive
0.0,0.0,0.0,0,0,180.6,1,0,0,60,0,0,0,0.0,1872,0.0,46,43,1498,0,2514.0,0,0.0,0,0,528.8,1,0,0.4,3042.8,0.0,0,Survivalist
0.0,0.0,0.0,1,0,0.0,0,0,0,71,0,0,0,0.0,1953,0.0,47,44,1487,1,0.0,0,0.0,0,0,258.3,1,0,0.2609,258.3,0.0,0,Survivalist
0.0,inf,0.0,0,0,0.0,0,0,0,46,1295,0,0,0.0,1786,0.0,29,29,0,0,0.0,0,0.0,0,0,532.6,1,1503,0.8929,532.6,0.0,0,Survivalist
0.0,0.0,0.0,0,0,62.35,0,0,0,89,1148,0,0,0.0,1737,0.0,49,47,0,0,0.0,0,0.0,0,0,32.21,1,1520,0.1042,32.21,0.0,0,Survivalist
0.0,0.0,0.0,0,0,0.0,0,0,0,41,0,1,1,5.995,1426,0.0,94,90,1701,0,0.0,0,0.0,0,0,431.1,5,0,0.5054,431.1,0.0,0,Aggressive
0.0,0.0,0.0,0,3,100.0,1,1,15,29,0,1,1,13.13,1930,0.0,29,29,1490,0,2271.0,0,0.0,0,0,2461.0,3,0,0.5714,4732.0,1.0,18,Aggressive
0.0,0.0,0.0,0,0,37.03,0,0,0,66,1030,0,0,0.0,1842,0.0,30,28,0,0,0.0,0,0.0,0,0,409.8,3,1501,0.2069,409.8,0.0,0,Survivalist
0.0,0.0,0.0,0,2,337.8,3,0,6,3,0,5,1,153.0,1393,0.0,49,49,1496,0,0.0,0,166.0,0,0,2275.0,5,0,0.8542,2441.0,0.0,8,Aggressive
0.0,0.0,0.0,0,0,110.6,1,0,0,36,0,1,1,3.98,1820,0.0,29,28,1490,0,844.6,0,0.0,0,0,876.5,3,0,0.1071,1721.1,0.0,0,Aggressive
0.0,0.0,0.0,0,0,57.0,1,0,0,33,0,1,1,14.26,1320,0.0,30,29,1471,0,0.0,0,0.0,0,0,1248.0,14,0,0.4828,1248.0,0.0,0,Aggressive
0.0,0.0,0.0,0,2,0.0,0,0,7,55,1025,0,0,0.0,1354,0.0,26,26,0,0,0.0,0,0.0,0,0,2765.0,3,1492,0.6,2765.0,0.0,9,Survivalist
0.0,0.0,0.0,0,0,145.4,1,0,0,35,0,1,1,48.14,1762,0.0,27,27,1296,1,135.1,0,0.0,0,0,2678.0,4,0,0.3846,2813.1,0.0,0,Aggressive
0.0,0.0,0.0,0,0,128.7,0,0,0,25,1653,1,1,119.0,1348,0.0,31,30,0,1,0.0,0,0.0,0,0,2762.0,7,1724,0.9,2762.0,0.0,0,Aggressive
0.0,0.0,0.0,0,0,0.0,0,0,0,72,0,0,0,0.0,1358,0.0,92,91,1545,0,0.0,0,0.0,0,0,128.7,2,0,0.2418,128.7,0.0,0,Survivalist
0.0,0.0,0.0,1,1,137.4,0,0,1,73,0,0,0,0.0,1340,0.0,28,28,1493,1,0.0,0,0.0,0,0,92.89,2,0,0.2222,92.89,0.0,2,Survivalist
0.0,0.0,0.0,0,0,0.0,0,0,0,90,1218,0,0,0.0,1883,0.0,50,50,0,0,0.0,0,0.0,0,0,106.7,0,1572,0.102,106.7,0.0,0,Survivalist
0.0,0.0,0.0,1,1,120.5,1,0,1,27,0,1,1,54.53,1964,0.0,48,47,1480,1,4371.0,0,0.0,0,0,2059.0,7,0,0.9787,6430.0,0.0,2,Aggressive
0.0,0.0,0.0,1,0,60.0,1,0,0,33,0,1,1,175.7,1372,0.0,46,45,1494,0,0.0,0,0.0,0,0,901.7,2,0,0.4889,901.7,0.0,0,Aggressive
0.0,0.0,0.0,0,0,0.0,0,0,0,70,1215,0,0,0.0,1413,0.0,30,30,0,0,0.0,0,0.0,0,0,178.5,3,1498,0.3103,178.5,0.0,0,Survivalist
0.0,0.0,0.0,1,4,597.9,2,0,2,4,1000,3,2,35.19,1342,0.0,32,32,0,0,0.0,0,0.0,0,0,2071.0,5,1500,0.8387,2071.0,0.0,6,Aggressive
0.0,0.0,0.0,0,1,146.3,0,0,0,58,0,0,0,0.0,1779,0.0,29,29,1359,0,4978.0,0,0.0,0,0,959.7,6,0,0.5,5937.7,0.0,1,Survivalist
0.0,0.0,0.0,1,3,535.5,3,1,0,2,0,4,1,176.9,1286,0.0,24,23,1455,0,978.3,0,0.0,0,0,2039.0,3,0,1.0,3017.3,0.25,3,Aggressive
0.0,0.0,0.0,0,0,0.0,0,0,0,76,1000,0,0,0.0,1884,0.0,26,23,0,0,0.0,0,0.0,0,1,0.0,3,1500,0.0,0.0,0.0,0,Survivalist
0.0,0.0,0.0,0,0,100.0,0,1,0,45,1136,1,1,9.639,1548,0.0,99,96,0,0,0.0,0,0.0,0,0,90.87,2,1458,0.2449,90.87,1.0,0,Aggressive
0.0,0.0,0.0,0,0,0.0,0,0,0,89,0,0,0,0.0,1389,0.0,94,89,1507,0,0.0,0,0.0,0,0,0.0,0,0,0.0107,0.0,0.0,0,Survivalist
0.0,0.0,0.0,0,3,200.0,0,0,4,13,1517,2,1,246.2,1891,0.0,78,67,0,0,5403.0,0,15.81,0,0,1433.0,3,1611,0.5974,6851.81,0.0,7,Aggressive
0.0,0.0,0.0,0,5,132.2,2,1,0,14,1467,2,2,16.14,1631,0.0,26,25,0,0,3176.0,0,0.0,0,0,2803.0,6,1464,0.96,5979.0,0.5,5,Aggressive
0.0,0.0,0.0,0,0,0.0,0,0,0,77,0,0,0,0.0,1911,0.0,98,90,1486,0,0.0,0,0.0,0,0,0.0,2,0,0.0,0.0,0.0,0,Survivalist
0.0,0.0,0.0,1,1,149.6,1,0,0,9,0,2,2,23.24,1350,0.0,35,33,1667,0,0.0,0,0.0,0,0,1740.0,5,0,0.8529,1740.0,0.0,1,Aggressive
0.0,0.0,0.0,0,1,38.9,0,0,1,57,1000,0,0,0.0,1349,0.0,28,27,0,0,0.0,0,0.0,0,0,2124.0,7,1500,0.7407,2124.0,0.0,2,Survivalist
0.0,0.0,0.0,2,10,869.3,3,0,6,2,0,8,2,172.1,1888,0.0,50,47,1804,0,3531.0,0,63.8,0,1,3119.0,8,0,1.0,6713.8,0.0,16,Aggressive
0.0,0.0,0.0,0,0,45.32,0,0,1,70,0,0,0,0.0,1833,0.0,46,44,1502,0,0.0,0,0.0,0,0,334.2,2,0,0.2222,334.2,0.0,1,Survivalist
0.0,0.0,0.0,0,0,0.0,0,0,0,80,0,0,0,0.0,1865,0.0,96,95,1494,0,0.0,0,0.0,0,0,191.7,1,0,0.1684,191.7,0.0,0,Survivalist
0.0,0.0,0.0,0,0,322.1,2,1,1,6,1638,4,2,25.84,1325,0.0,30,28,0,0,0.0,0,0.0,0,0,358.5,1,1457,0.2759,358.5,0.25,1,Aggressive
0.0,0.0,0.0,0,0,0.0,0,0,0,82,0,0,0,0.0,1869,0.0,49,48,1500,0,0.0,0,0.0,0,0,354.8,3,0,0.1667,354.8,0.0,0,Survivalist
0.0,0.0,0.0,0,2,0.0,4,0,2,3,0,6,3,98.32,1968,0.0,29,28,1484,0,5009.0,0,0.0,0,0,1749.0,5,0,1.0,6758.0,0.0,4,Aggressive
0.0,0.0,0.0,0,0,69.09,0,0,0,73,1170,0,0,0.0,1887,0.0,46,43,0,1,0.0,0,0.0,0,0,536.0,6,1451,0.2889,536.0,0.0,0,Survivalist
0.0,0.0,0.0,0,0,60.63,0,0,0,45,1199,0,0,0.0,1360,0.0,50,47,0,0,0.0,0,61.37,0,0,1901.0,2,1569,0.7347,1962.37,0.0,0,Survivalist
0.0,0.0,0.0,0,0,0.0,0,0,0,75,0,0,0,0.0,1747,0.0,30,29,1497,0,0.0,0,0.0,0,0,769.0,8,0,0.2069,769.0,0.0,0,Survivalist
0.0,0.0,0.0,0,4,177.0,0,1,1,26,0,1,1,18.13,2161,0.0,91,88,1497,0,715.1,0,36.54,0,0,3603.0,7,0,0.7889,4354.64,1.0,5,Aggressive
0.0,0.0,0.0,0,0,0.0,0,0,0,75,0,0,0,0.0,1309,0.0,27,25,1401,0,0.0,0,0.0,0,0,68.82,1,0,0.0769,68.82,0.0,0,Survivalist
0.0,0.0,0.0,0,0,0.0,0,0,0,86,1280,0,0,0.0,1923,0.0,29,28,0,0,0.0,0,0.0,0,0,151.0,4,1439,0.1071,151.0,0.0,0,Survivalist
0.0,0.0,0.0,0,0,0.0,0,0,0,82,0,60,0,0.0,1337,0.0,27,26,1433,0,191.5,0,0.0,0,0,0.0,2,0,0.0,191.5,0.0,0,Aggressive
0.0,0.0,0.0,0,0,102.3,0,0,0,75,0,0,0,0.0,1872,0.0,27,26,1433,0,0.0,0,0.0,0,0,250.1,5,0,0.1538,250.1,0.0,0,Survivalist
0.0,0.0,0.0,0,0,0.0,0,0,0,63,0,0,0,0.0,1887,0.0,32,32,1487,0,2775.0,0,0.0,0,0,903.5,6,0,0.4516,3678.5,0.0,0,Survivalist
0.0,0.0,0.0,1,2,104.7,1,0,0,18,0,1,1,21.07,1305,0.0,28,27,1449,0,0.0,0,0.0,0,0,2745.0,3,0,0.963,2745.0,0.0,2,Aggressive
0.0,0.0,0.0,0,2,162.5,1,0,1,48,1183,0,0,0.0,1745,0.0,28,27,0,1,2233.0,0,0.0,0,0,2442.0,5,1549,0.8519,4675.0,0.0,3,Survivalist
0.0,0.0,0.0,2,2,336.3,2,3,5,6,0,3,1,140.4,1941,0.0,27,26,1433,0,4983.0,0,0.0,0,0,3246.0,4,0,0.8077,8229.0,1.0,7,Aggressive
0.0,0.0,0.0,1,1,350.3,2,0,3,11,0,3,2,25.19,1292,0.0,50,47,1663,0,0.0,0,0.0,0,0,790.7,3,0,0.4082,790.7,0.0,4,Aggressive
0.0,0.0,0.0,0,0,0.0,1,0,0,62,0,0,0,0.0,1462,0.0,45,43,1491,0,0.0,0,0.0,0,0,0.0,4,0,0.0,0.0,0.0,0,Survivalist
0.0,0.0,0.0,0,0,0.0,0,0,0,92,1069,0,0,0.0,1993,0.0,47,42,0,0,0.0,0,0.0,0,0,0.0,0,1493,0.0,0.0,0.0,0,Survivalist
0.0,0.0,0.0,0,0,113.5,0,0,0,54,0,0,0,0.0,1414,0.0,42,37,1589,0,0.0,0,0.0,0,0,253.8,4,0,0.3415,253.8,0.0,0,Survivalist
0.0,0.0,0.0,0,4,219.9,1,0,3,8,0,3,1,25.31,1283,0.0,44,41,1504,2,0.0,0,0.0,0,0,2186.0,6,0,0.814,2186.0,0.0,7,Aggressive
0.0,0.0,0.0,0,0,0.0,0,0,0,79,0,0,0,0.0,1909,0.0,29,28,1419,0,750.6,0,0.0,0,0,287.9,2,0,0.25,1038.5,0.0,0,Survivalist
0.0,0.0,0.0,1,4,545.0,0,1,1,1,0,6,1,124.8,1364,0.0,94,94,1500,0,0.0,0,0.0,0,0,3687.0,3,0,1.0,3687.0,0.16666666666666666,5,Aggressive
0.0,0.0,0.0,0,0,0.0,0,0,0,86,1019,0,0,0.0,1292,0.0,27,25,0,0,0.0,0,0.0,0,0,35.46,0,1498,0.1154,35.46,0.0,0,Survivalist
0.0,0.0,0.0,0,0,0.0,0,0,0,94,0,0,0,0.0,1787,0.0,49,47,1447,0,0.0,0,0.0,0,0,0.0,0,0,0.0,0.0,0.0,0,Survivalist
0.0,0.0,0.0,0,0,0.0,0,0,0,93,0,0,0,0.0,1466,0.0,94,93,1810,0,0.0,0,0.0,0,0,0.0,2,0,0.0,0.0,0.0,0,Survivalist
0.0,0.0,0.0,1,0,69.09,0,0,0,80,997,0,0,0.0,1366,0.0,33,32,0,0,0.0,0,0.0,0,0,110.7,2,1492,0.25,110.7,0.0,0,Survivalist
0.0,0.0,0.0,0,0,0.0,0,0,0,84,0,0,0,0.0,1365,0.0,97,95,1519,0,0.0,0,0.0,0,0,20.8,2,0,0.1354,20.8,0.0,0,Survivalist
0.0,0.0,0.0,0,0,0.0,0,0,0,64,0,0,0,0.0,1903,0.0,27,27,1412,0,0.0,0,36.16,0,0,1818.0,5,0,0.3846,1854.16,0.0,0,Survivalist
0.0,0.0,0.0,2,6,781.7,2,4,8,2,0,6,2,75.14,1309,0.0,47,45,1805,0,0.0,0,0.0,0,0,2942.0,7,0,1.0,2942.0,0.6666666666666666,14,Aggressive
0.0,0.0,0.0,0,0,0.0,0,0,0,88,1340,0,0,0.0,1325,0.0,27,27,0,0,0.0,0,0.0,0,0,118.8,0,1480,0.0,118.8,0.0,0,Survivalist
0.0,0.0,0.0,0,0,0.0,0,0,0,71,0,0,0,0.0,1277,0.0,93,90,1472,0,0.0,0,0.0,0,0,72.82,2,0,0.2391,72.82,0.0,0,Survivalist
0.0,0.0,0.0,1,7,584.2,1,1,7,2,1078,5,2,107.7,1421,0.0,28,28,0,2,0.0,0,0.0,0,0,3396.0,3,1504,0.963,3396.0,0.2,14,Aggressive
0.0,0.0,0.0,0,2,185.8,0,0,1,21,0,1,1,102.9,2048,0.0,95,93,1542,0,5666.0,0,0.0,0,0,2382.0,3,0,0.9787,8048.0,0.0,3,Aggressive
0.0,0.0,0.0,0,1,0.0,2,0,1,10,1643,3,2,46.3,1368,0.0,28,27,0,0,0.0,0,0.0,0,0,985.3,6,1556,0.5556,985.3,0.0,2,Aggressive
0.0,0.0,0.0,0,0,0.0,0,0,1,56,0,0,0,0.0,1295,0.0,97,95,1502,0,0.0,0,0.0,0,0,0.0,4,0,0.0,0.0,0.0,1,Survivalist
0.0,0.0,0.0,1,0,637.1,3,0,0,9,1307,3,1,272.9,1946,0.0,27,26,0,0,0.0,1,0.0,0,0,2698.0,7,1428,0.6923,2698.0,0.0,0,Aggressive
0.0,0.0,0.0,0,0,48.65,0,0,0,61,0,0,0,0.0,1941,0.0,48,42,1483,0,0.0,0,0.0,0,0,1265.0,5,0,0.3617,1265.0,0.0,0,Survivalist
0.0,0.0,0.0,0,1,0.0,0,1,4,11,1000,7,2,268.6,912,0.0,7,7,0,0,0.0,0,0.0,0,0,0.0,9,1500,0.0,0.0,0.14285714285714285,5,Aggressive
0.0,0.0,0.0,0,1,90.11,0,0,3,82,0,0,0,0.0,1984,0.0,48,47,1512,0,0.0,0,0.0,0,0,230.8,2,0,0.0,230.8,0.0,4,Survivalist
0.0,0.0,0.0,0,3,85.66,0,1,3,15,0,2,1,180.0,1439,0.0,90,88,1548,0,0.0,0,0.0,0,0,1491.0,5,0,0.7528,1491.0,0.5,6,Aggressive
0.0,0.0,0.0,0,0,16.42,0,0,1,44,1361,0,0,0.0,1930,0.0,30,27,0,0,2573.0,0,10.05,0,0,3011.0,6,1545,0.6552,5594.05,0.0,1,Survivalist
0.0,0.0,0.0,0,0,245.2,0,0,0,47,1450,1,1,23.52,1460,0.0,98,97,0,0,0.0,0,0.0,0,0,46.93,1,1464,0.0,46.93,0.0,0,Aggressive
0.0,0.0,0.0,0,0,0.0,0,0,0,77,0,0,0,0.0,1381,0.0,29,28,1500,0,0.0,0,0.0,0,0,307.0,6,0,0.25,307.0,0.0,0,Survivalist
0.0,0.0,0.0,0,0,0.0,0,0,0,84,0,0,0,0.0,1533,0.0,29,28,1491,0,0.0,0,0.0,0,0,29.91,1,0,0.0714,29.91,0.0,0,Survivalist
0.0,0.0,0.0,0,0,0.0,0,0,0,54,1000,0,0,0.0,1399,0.0,99,97,0,0,0.0,0,0.0,0,0,460.6,2,1491,0.5714,460.6,0.0,0,Survivalist
0.0,0.0,0.0,0,0,0.0,0,0,3,56,0,0,0,0.0,1854,0.0,48,47,1500,0,1541.0,0,0.0,0,0,1313.0,4,0,0.6383,2854.0,0.0,3,Survivalist
0.0,0.0,0.0,0,3,165.8,1,0,1,35,1402,1,1,13.62,1369,0.0,49,48,0,0,0.0,0,0.0,0,0,1761.0,4,1451,0.7292,1761.0,0.0,4,Aggressive
0.0,0.0,0.0,0,2,26.8,0,0,22,46,1195,0,0,0.0,1820,0.0,26,23,0,0,2452.0,0,0.0,0,0,3396.0,4,1552,0.64,5848.0,0.0,24,Survivalist
0.0,0.0,0.0,0,0,2.688,1,0,0,71,1004,0,0,0.0,1921,0.0,26,24,0,1,0.0,0,0.0,0,0,533.9,3,1482,0.2,533.9,0.0,0,Survivalist
0.0,0.0,0.0,0,0,0.0,0,0,0,87,0,0,0,0.0,1300,0.0,26,26,1483,0,0.0,0,0.0,0,0,214.6,0,0,0.0,214.6,0.0,0,Survivalist
0.0,0.0,0.0,0,0,0.0,0,0,0,61,0,0,0,0.0,1303,0.0,46,45,1501,0,0.0,0,0.0,0,0,570.7,5,0,0.4889,570.7,0.0,0,Survivalist
0.0,0.0,0.0,0,1,277.7,3,1,0,22,0,2,2,6.934,1362,0.0,27,27,1594,0,0.0,0,0.0,0,0,78.9,2,0,0.0,78.9,0.5,1,Aggressive
0.0,0.0,0.0,0,1,0.0,0,0,0,63,0,0,0,0.0,1318,0.0,30,27,1428,0,0.0,0,0.0,0,0,0.0,3,0,0.0,0.0,0.0,1,Survivalist
0.0,0.0,0.0,0,0,0.0,0,0,0,67,0,0,0,0.0,1395,0.0,47,47,1515,0,0.0,0,0.0,0,0,221.0,2,0,0.3478,221.0,0.0,0,Survivalist
0.0,0.0,0.0,0,4,538.3,3,5,3,7,0,4,2,112.2,1927,0.0,28,28,1495,1,0.0129,0,33.37,0,0,10040.0,6,0,0.8148,10073.3829,1.25,7,Aggressive
0.0,0.0,0.0,0,0,0.0,0,0,0,88,1097,0,0,0.0,1383,0.0,30,29,0,0,0.0,0,0.0,0,0,170.3,2,1465,0.0,170.3,0.0,0,Survivalist
0.0,0.0,0.0,0,0,350.5,2,0,0,20,1519,2,1,142.0,1384,0.0,28,27,0,0,0.0,0,0.0,0,0,97.75,5,1536,0.0741,97.75,0.0,0,Aggressive
0.0,0.0,0.0,0,0,0.0,0,0,0,84,0,0,0,0.0,1857,0.0,45,39,1413,0,0.0,0,0.0,0,0,162.1,1,0,0.0227,162.1,0.0,0,Survivalist
0.0,0.0,0.0,0,1,28.76,0,0,0,56,1182,0,0,0.0,1964,0.0,94,91,0,0,2694.0,0,0.0,0,0,650.3,4,1493,0.5591,3344.3,0.0,1,Survivalist
0.0,0.0,0.0,0,2,233.9,0,2,1,30,0,1,1,11.55,1340,0.0,93,90,1611,0,0.0,0,0.0,0,0,2421.0,4,0,0.7609,2421.0,2.0,3,Aggressive
0.0,0.0,0.0,1,2,142.8,0,0,3,23,1291,1,1,87.92,1331,0.0,28,28,0,0,763.5,0,0.0,0,0,1676.0,4,1556,0.8148,2439.5,0.0,5,Aggressive
0.0,0.0,0.0,0,0,0.0,0,0,0,82,0,0,0,0.0,1899,0.0,97,95,1500,0,0.0,0,0.0,0,0,145.9,1,0,0.0,145.9,0.0,0,Survivalist
0.0,0.0,0.0,0,3,135.6,0,0,0,16,1046,2,1,6.659,1444,0.0,98,97,0,0,0.0,0,0.0,0,0,1777.0,5,1510,0.7113,1777.0,0.0,3,Aggressive
0.0,0.0,0.0,4,3,140.7,0,0,2,45,0,0,0,0.0,1803,0.0,47,45,1527,0,1060.0,0,62.86,0,0,3332.0,5,0,0.9565,4454.86,0.0,5,Survivalist
0.0,0.0,0.0,0,3,0.0,1,0,2,33,0,60,1,1.35,1331,0.0,27,27,1424,0,0.0,0,0.0,0,0,0.0,6,0,0.0,0.0,0.0,5,Aggressive
0.0,0.0,0.0,0,5,0.0,0,1,11,11,0,2,1,42.33,1816,0.0,49,46,1658,0,2028.0,0,0.0,1,0,2900.0,4,0,0.0,4928.0,0.5,16,Aggressive
0.0,0.0,0.0,0,0,0.0,1,3,1,18,1060,2,2,45.61,1798,0.0,45,44,0,0,0.0,0,0.0,1,0,165.4,2,1466,0.0,165.4,1.5,1,Aggressive
0.0,0.0,0.0,0,2,0.0,0,0,1,46,0,0,0,0.0,1374,0.0,47,46,1555,0,0.0055,0,15.41,0,0,2447.0,4,0,0.6739,2462.4155,0.0,3,Survivalist
0.0,0.0,0.0,0,0,55.23,0,0,0,29,1529,1,1,65.33,1851,0.0,92,87,0,0,0.0,0,0.0,0,0,2144.0,4,1553,0.7473,2144.0,0.0,0,Aggressive
0.0,0.0,0.0,0,0,0.0,0,0,0,51,0,0,0,0.0,1450,0.0,26,24,1500,0,32.08,0,0.0,0,0,1360.0,6,0,0.72,1392.08,0.0,0,Survivalist
0.0,0.0,0.0,0,2,62.41,0,0,1,54,1328,0,0,0.0,1365,0.0,27,27,0,1,666.7,0,0.0,0,0,1991.0,3,1527,0.6538,2657.7,0.0,3,Survivalist
0.0,0.0,0.0,0,2,0.0,0,0,5,57,0,0,0,0.0,1790,0.0,28,27,1500,0,5700.0,0,0.0,0,0,1172.0,6,0,0.4444,6872.0,0.0,7,Survivalist
0.0,0.0,0.0,2,0,217.7,0,0,0,32,0,1,1,200.9,1826,0.0,47,45,1500,0,0.0,0,0.0,0,0,1572.0,6,0,0.587,1572.0,0.0,0,Aggressive
0.0,0.0,0.0,0,0,34.22,0,0,0,87,0,0,0,0.0,1340,0.0,48,48,1514,0,0.0,0,0.0,0,0,122.0,2,0,0.1064,122.0,0.0,0,Survivalist
0.0,0.0,0.0,0,2,218.4,2,0,2,10,0,3,2,28.38,1401,0.0,27,27,1429,0,0.0,0,0.0,0,0,1343.0,5,0,0.5,1343.0,0.0,4,Aggressive
0.0,0.0,0.0,0,0,0.0,0,0,0,63,0,0,0,0.0,1351,0.0,98,97,1500,0,0.0,0,0.0,1,0,299.0,3,0,0.433,299.0,0.0,0,Survivalist
0.0,0.0,0.0,0,1,126.4,1,0,1,63,0,0,0,0.0,1877,0.0,48,45,1481,0,0.0,0,0.0,0,0,1462.0,4,0,0.4468,1462.0,0.0,2,Survivalist
0.0,0.0,0.0,0,1,196.1,1,2,1,20,0,2,1,43.2,1807,0.0,28,28,1461,0,2049.0,0,0.0,0,0,1652.0,7,0,0.5556,3701.0,1.0,2,Aggressive
0.0,0.0,0.0,0,3,48.07,0,0,25,45,0,0,0,0.0,1933,0.0,49,45,1522,0,0.0,0,0.0,0,0,2415.0,6,0,0.7708,2415.0,0.0,28,Survivalist
0.0,0.0,0.0,0,0,0.0,0,0,7,65,0,0,0,0.0,1876,0.0,28,27,1479,0,2944.0,0,0.0,0,0,1475.0,2,0,0.4815,4419.0,0.0,7,Survivalist
0.0,0.0,0.0,0,2,318.0,1,0,9,24,0,1,1,2.587,1947,0.0,28,26,1504,0,2334.0,0,0.0,0,0,2311.0,5,0,0.6667,4645.0,0.0,11,Aggressive
0.0,0.0,0.0,0,0,0.0,1,1,4,25,0,1,1,2.576,1383,0.0,29,27,1462,1,0.02,0,137.7,0,0,0.0,10,0,0.0,137.72,1.0,4,Aggressive
0.0,0.0,0.0,0,1,0.0,0,0,0,65,1337,0,0,0.0,1351,0.0,27,27,0,0,0.0,0,0.0,0,0,899.2,4,1516,0.4231,899.2,0.0,1,Survivalist
0.0,0.0,0.0,0,0,0.0,0,0,0,37,0,0,0,0.0,1875,0.0,28,28,1545,0,0.0,0,0.0,0,0,34.7,3,0,0.8889,34.7,0.0,0,Survivalist
0.0,0.0,0.0,0,0,0.0,0,0,0,73,373,0,0,0.0,1386,0.0,77,69,0,0,0.0,0,0.0,0,0,0.0,0,997,0.0,0.0,0.0,0,Survivalist
0.0,0.0,0.0,0,1,250.3,2,2,0,35,1554,1,1,4.247,1289,0.0,47,47,0,1,0.0,0,0.0,0,0,206.2,5,1468,0.3261,206.2,2.0,1,Aggressive
0.0,0.0,0.0,0,0,0.0,0,0,0,77,1010,0,0,0.0,1357,0.0,49,48,0,0,0.0,0,0.0,0,0,90.19,1,1493,0.25,90.19,0.0,0,Survivalist
0.0,0.0,0.0,0,2,216.3,1,0,2,30,1345,1,1,28.43,1299,0.0,28,24,0,0,0.0,0,0.0,0,0,1980.0,6,1448,0.7407,1980.0,0.0,4,Aggressive
0.0,0.0,0.0,0,0,0.0,0,0,0,84,0,0,0,0.0,1476,0.0,27,27,1461,0,0.0,0,0.0,0,0,0.0,1,0,0.0,0.0,0.0,0,Survivalist
0.0,0.0,0.0,1,6,213.0,0,1,3,25,0,1,1,93.75,1836,0.0,28,27,1490,3,4408.0,0,0.0,0,0,2567.0,6,0,0.963,6975.0,1.0,9,Aggressive
0.0,0.0,0.0,0,1,170.2,1,0,1,17,1295,2,2,56.65,1370,0.0,48,48,0,0,0.0,0,0.0,0,0,1179.0,4,1491,0.7447,1179.0,0.0,2,Aggressive
0.0,0.0,0.0,0,0,158.7,1,0,0,38,1033,1,1,5.525,1791,0.0,29,29,0,0,0.0,0,0.0,0,0,38.24,1,1515,0.0,38.24,0.0,0,Aggressive
0.0,0.0,0.0,0,0,326.1,0,0,1,1,0,0,0,0.0,1808,0.0,14,2,1500,0,0.0,0,0.0,0,0,0.0,9,0,1.0,0.0,0.0,1,Survivalist
0.0,0.0,0.0,0,1,0.0,0,0,1,56,0,0,0,0.0,1807,0.0,48,48,1493,0,1117.0,0,0.0,0,0,3479.0,4,0,0.6383,4596.0,0.0,2,Survivalist
0.0,0.0,0.0,0,0,0.0,0,0,0,68,0,0,0,0.0,1806,0.0,29,27,1484,1,0.0,0,0.0,0,0,370.3,3,0,0.25,370.3,0.0,0,Survivalist
0.0,0.0,0.0,0,3,200.0,1,0,2,18,0,2,2,114.6,1816,0.0,45,42,1505,0,1853.0,0,0.0,0,0,3456.0,5,0,0.7273,5309.0,0.0,5,Aggressive
0.0,0.0,0.0,0,0,106.1,0,0,0,67,0,0,0,0.0,1827,0.0,28,27,1492,0,0.0,0,0.0,0,0,613.9,3,0,0.3333,613.9,0.0,0,Survivalist
0.0,0.0,0.0,1,4,364.2,3,0,0,11,0,3,2,150.0,1431,0.0,45,43,1475,0,716.2,0,0.0,0,0,2294.0,4,0,0.8636,3010.2,0.0,4,Aggressive
0.0,0.0,0.0,1,4,680.7,6,3,6,10,0,2,1,119.4,1865,0.0,29,29,1493,1,8048.0,0,0.0,0,0,2532.0,5,0,0.9643,10580.0,1.5,10,Aggressive
0.0,0.0,0.0,0,0,0.0,0,0,0,61,1086,0,0,0.0,1931,0.0,94,88,0,0,0.0,0,0.0,0,0,512.2,6,1492,0.0,512.2,0.0,0,Survivalist
0.0,0.0,0.0,0,1,230.2,0,0,1,27,0,1,1,119.8,1984,0.0,49,48,1500,0,2806.0,0,0.0,0,0,1251.0,5,0,0.6042,4057.0,0.0,2,Aggressive
0.0,0.0,0.0,0,2,6.894,0,0,0,51,1116,0,0,0.0,1395,0.0,32,32,0,0,1429.0,0,0.0,0,0,1956.0,3,1428,0.7097,3385.0,0.0,2,Survivalist
0.0,0.0,0.0,0,2,0.0,0,0,5,44,0,0,0,0.0,1331,0.0,29,29,1494,0,430.7,0,162.5,0,0,2719.0,3,0,0.8214,3312.2,0.0,7,Survivalist
0.0,0.0,0.0,0,2,174.7,1,0,1,59,0,0,0,0.0,1877,0.0,29,29,1434,0,0.0452,0,19.5,0,0,5692.0,6,0,0.5714,5711.5452,0.0,3,Survivalist
0.0,0.0,0.0,0,2,206.6,2,0,11,19,0,2,2,23.72,1382,0.0,29,27,1449,0,716.3,0,0.0,0,0,1953.0,2,0,0.75,2669.3,0.0,13,Aggressive
0.0,0.0,0.0,0,2,88.26,0,0,1,54,0,0,0,0.0,2045,0.0,99,99,1512,0,0.0,0,0.0,0,0,2999.0,5,0,0.7143,2999.0,0.0,3,Survivalist
0.0,0.0,0.0,2,1,293.3,1,0,1,6,1566,3,2,22.85,1308,0.0,30,29,0,1,0.0,0,0.0,0,0,2978.0,4,1573,1.0,2978.0,0.0,2,Aggressive
0.0,0.0,0.0,0,0,9.25,1,1,0,30,0,1,1,1.565,1510,0.0,28,27,1527,1,0.0,0,0.0,0,0,421.2,2,0,0.6667,421.2,1.0,0,Aggressive
0.0,0.0,0.0,0,0,66.04,0,0,0,39,0,1,1,4.578,1775,0.0,47,44,1440,0,0.0,0,0.0,0,0,220.1,1,0,0.0652,220.1,0.0,0,Aggressive
0.0,0.0,0.0,0,2,69.36,0,0,1,63,1427,0,0,0.0,1282,0.0,28,26,0,0,0.0,0,0.0,0,0,327.3,3,1560,0.3333,327.3,0.0,3,Survivalist
0.0,0.0,0.0,0,0,269.8,3,6,0,3,1522,5,4,16.55,1381,0.0,29,29,0,0,0.0,0,0.0,0,0,282.2,3,1400,0.2143,282.2,1.2,0,Aggressive
0.0,0.0,0.0,2,0,0.0,0,2,0,11,1000,3,1,155.8,918,0.0,15,10,0,0,0.0,0,0.0,0,0,722.6,3,1500,0.0,722.6,0.6666666666666666,0,Aggressive
0.0,0.0,0.0,0,0,208.8,2,0,0,38,1380,1,1,0.801,1753,0.0,29,29,0,0,0.0,0,0.0,0,0,134.0,2,1410,0.0357,134.0,0.0,0,Aggressive
0.0,0.0,0.0,0,3,192.6,1,3,3,3,0,5,3,278.2,1354,0.0,28,26,1463,0,414.0,0,0.0,0,0,2905.0,4,0,0.7778,3319.0,0.6,6,Aggressive
0.0,0.0,0.0,1,4,189.9,1,0,3,49,0,0,0,0.0,1297,0.0,44,43,1514,0,0.0,0,0.0,0,0,2348.0,7,0,0.7907,2348.0,0.0,7,Survivalist
0.0,0.0,0.0,1,0,147.2,1,3,0,15,0,2,2,29.81,1542,0.0,28,26,1641,0,0.0,0,0.0,0,0,188.0,2,0,0.2963,188.0,1.5,0,Aggressive
0.0,0.0,0.0,2,2,192.8,0,1,0,24,0,1,1,2.996,1779,0.0,49,48,1495,0,582.1,0,0.0,0,0,3098.0,6,0,0.8125,3680.1,1.0,2,Aggressive
0.0,0.0,0.0,0,0,0.0,1,0,0,37,0,1,1,1.223,1366,0.0,28,25,1275,0,0.0,0,0.0,0,0,209.7,4,0,0.1111,209.7,0.0,0,Aggressive
0.0,0.0,0.0,0,6,83.2,0,0,2,39,0,0,0,0.0,1310,0.0,26,25,1515,0,0.0,0,140.5,0,0,3439.0,2,0,0.92,3579.5,0.0,8,Survivalist
0.0,0.0,0.0,0,1,129.7,1,0,0,52,0,0,0,0.0,1778,0.0,42,40,1522,0,0.0,0,0.0,0,0,236.2,5,0,0.4634,236.2,0.0,1,Survivalist
0.0,0.0,0.0,0,0,0.0,0,0,0,47,1025,0,0,0.0,1920,0.0,93,91,0,0,0.0,0,0.0,0,0,1227.0,1,1479,0.8261,1227.0,0.0,0,Survivalist
0.0,0.0,0.0,0,0,25.48,1,0,0,42,0,1,1,0.9443,1370,0.0,28,26,1413,0,0.0,0,0.0,0,0,25.72,1,0,0.037,25.72,0.0,0,Aggressive
0.0,0.0,0.0,0,0,58.8,0,0,0,64,0,0,0,0.0,1342,0.0,29,28,1507,0,0.0,0,0.0,0,0,98.87,2,0,0.2857,98.87,0.0,0,Survivalist
0.0,0.0,0.0,0,1,346.7,0,0,5,17,0,2,1,427.0,1347,0.0,95,92,1541,0,0.0,0,6.462,0,0,2406.0,6,0,0.8404,2412.462,0.0,6,Aggressive
0.0,0.0,0.0,0,0,54.45,0,0,0,40,0,0,0,0.0,1269,0.0,28,28,1288,0,0.0,0,0.0,0,0,2332.0,2,0,0.7037,2332.0,0.0,0,Survivalist
0.0,0.0,0.0,0,1,127.8,1,0,1,33,0,1,1,83.44,1889,0.0,29,27,1510,0,2242.0,0,0.0,0,0,434.1,6,0,0.5,2676.1,0.0,2,Aggressive
0.0,0.0,0.0,0,2,225.7,1,3,16,15,0,2,1,37.13,1942,0.0,48,45,1483,0,1897.0,0,0.0,0,0,905.8,5,0,0.5745,2802.8,1.5,18,Aggressive
0.0,0.0,0.0,0,2,0.0,3,1,1,7,1305,4,2,49.43,1413,0.0,29,27,0,0,0.0,0,0.0,0,0,0.0,4,1413,0.0,0.0,0.25,3,Aggressive
0.0,0.0,0.0,0,1,97.95,0,0,4,57,0,0,0,0.0,1355,0.0,28,28,1432,0,0.0,0,0.0,0,0,3006.0,4,0,0.0,3006.0,0.0,5,Survivalist
0.0,0.0,0.0,0,0,98.77,0,0,1,72,1322,0,0,0.0,1314,0.0,96,93,0,0,0.0,0,0.0,0,0,61.5,2,1508,0.2632,61.5,0.0,1,Survivalist
0.0,0.0,0.0,0,0,134.6,2,0,0,24,0,2,1,23.65,1988,0.0,28,25,1293,0,0.0,0,0.0,0,0,266.5,2,0,0.1852,266.5,0.0,0,Aggressive
0.0,0.0,0.0,0,0,0.0,0,0,0,64,0,0,0,0.0,1357,0.0,97,96,1514,0,0.0,0,0.0,0,0,361.3,5,0,0.4479,361.3,0.0,0,Survivalist
0.0,0.0,0.0,0,0,0.0,0,0,0,85,0,0,0,0.0,2011,0.0,46,43,1479,0,0.0,0,0.0,0,0,0.0,0,0,0.0,0.0,0.0,0,Survivalist
0.0,0.0,0.0,0,0,0.0,0,0,0,61,0,0,0,0.0,1761,0.0,29,29,1500,0,0.0,0,0.0,0,0,0.0,3,0,0.0,0.0,0.0,0,Survivalist
0.0,71565301241129.0,0.0,0,0,0.0,0,0,0,64,1435,0,0,0.0,1280,0.0,26,26,0,0,863.1,0,0.0,0,0,1330.0,4,1383,0.52,2193.1,0.0,0,Survivalist
0.0,0.0,0.0,0,1,207.9,1,0,1,58,1000,0,0,0.0,1857,0.0,41,39,0,1,0.0,0,0.0,0,0,822.4,3,1500,0.35,822.4,0.0,2,Survivalist
0.0,0.0,0.0,1,0,301.2,2,0,1,25,1006,1,1,124.3,1281,0.0,29,28,0,0,0.0,0,0.0,0,0,1598.0,3,1488,0.6786,1598.0,0.0,1,Aggressive
0.0,0.0,0.0,2,3,173.4,0,0,9,54,0,0,0,0.0,1344,0.0,30,30,1453,0,0.0,0,0.0,0,0,3354.0,3,0,0.8621,3354.0,0.0,12,Survivalist
0.0,0.0,0.0,0,1,16.46,0,0,0,57,1015,0,0,0.0,1977,0.0,47,46,0,0,4855.0,0,0.0,0,0,975.0,3,1498,0.5435,5830.0,0.0,1,Survivalist
0.0,0.0,0.0,0,0,357.3,5,3,1,7,1383,4,1,66.43,1371,0.0,27,26,0,0,180.9,0,0.0,0,0,2481.0,2,1509,0.7692,2661.9,0.75,1,Aggressive
0.0,0.0,0.0,0,0,132.6,0,2,0,36,1335,1,1,0.0,1369,0.0,97,96,0,0,0.0,0,0.0,0,0,293.3,2,1551,0.4896,293.3,2.0,0,Aggressive
0.0,0.0,0.0,0,1,0.0,0,0,3,52,0,0,0,0.0,1342,0.0,50,50,1680,0,0.0,0,0.0,0,0,1469.0,2,0,0.6939,1469.0,0.0,4,Survivalist
0.0,0.0,0.0,0,0,22.05,0,0,0,78,1132,0,0,0.0,1468,0.0,97,96,0,0,0.0,0,0.0,0,0,159.4,3,1522,0.2083,159.4,0.0,0,Survivalist
0.0,0.0,0.0,0,3,0.0,1,0,1,48,0,0,0,0.0,1392,0.0,29,28,1384,0,2011.0,0,0.0,0,0,0.0,5,0,0.0,2011.0,0.0,4,Survivalist
0.0,0.0,0.0,1,0,68.53,0,0,0,80,0,0,0,0.0,1375,0.0,26,25,1401,0,0.0,0,0.0,0,0,36.47,1,0,0.04,36.47,0.0,0,Survivalist
0.0,0.0,0.0,1,3,200.0,2,0,2,25,0,1,1,42.6,1385,0.0,27,26,1510,1,0.0013,0,10.86,0,0,3917.0,5,0,0.8462,3927.8613,0.0,5,Aggressive
0.0,0.0,0.0,0,0,0.0,0,0,0,93,1303,0,0,0.0,1864,0.0,94,91,0,0,0.0,0,0.0,0,0,0.0,0,1565,0.0,0.0,0.0,0,Survivalist
0.0,0.0,0.0,0,5,0.0,0,0,0,54,0,0,0,0.0,1454,0.0,48,48,1545,0,0.0,0,0.0,0,0,2684.0,5,0,0.766,2684.0,0.0,5,Survivalist
0.0,0.0,0.0,1,0,64.86,0,0,1,61,0,0,0,0.0,1843,0.0,50,48,1502,0,0.0,0,0.0,0,0,824.4,7,0,0.449,824.4,0.0,1,Survivalist
0.0,0.0,0.0,0,0,79.26,1,0,1,66,1389,0,0,0.0,1964,0.0,29,29,0,0,333.1,0,0.0,0,0,1408.0,5,1467,0.3929,1741.1,0.0,1,Survivalist
0.0,0.0,0.0,0,0,138.0,0,0,1,52,0,0,0,0.0,1377,0.0,29,27,1524,0,0.0,0,0.0,0,0,465.6,2,0,0.6786,465.6,0.0,1,Survivalist
0.0,0.0,0.0,0,3,133.9,2,1,4,11,0,2,2,263.5,1805,0.0,29,27,1500,0,2703.0,0,0.0,0,0,3023.0,4,0,0.8929,5726.0,0.5,7,Aggressive
0.0,0.0,0.0,0,0,0.0,0,0,0,88,1166,0,0,0.0,1886,0.0,30,30,0,0,0.0,0,0.0,0,0,73.22,2,1498,0.1034,73.22,0.0,0,Survivalist
0.0,0.0,0.0,0,2,28.6,1,1,1,24,0,1,1,0.7075,1863,0.0,25,24,1488,0,4771.0,0,14.44,0,0,2225.0,3,0,0.5833,7010.44,1.0,3,Aggressive
0.0,0.0,0.0,0,0,54.06,0,0,0,60,0,0,0,0.0,1354,0.0,97,94,1494,0,0.0,0,0.0,0,0,403.3,5,0,0.5208,403.3,0.0,0,Survivalist
0.0,0.0,0.0,0,1,181.1,0,0,1,52,1308,0,0,0.0,1337,0.0,31,30,0,0,0.0,0,0.0,0,0,1008.0,4,1535,0.6,1008.0,0.0,2,Survivalist
0.0,0.0,0.0,0,0,4.45,1,0,0,90,0,0,0,0.0,1377,0.0,48,46,1498,0,0.0,0,0.0,0,0,20.27,2,0,0.0213,20.27,0.0,0,Survivalist
0.0,0.0,0.0,0,2,0.0,0,0,2,50,0,0,0,0.0,1847,0.0,97,93,1603,0,3941.0,0,0.0,0,0,784.1,4,0,0.7292,4725.1,0.0,4,Survivalist
0.0,0.0,0.0,0,0,38.95,0,0,0,89,0,0,0,0.0,1945,0.0,48,48,1775,0,0.0,0,0.0,0,0,55.01,4,0,0.0851,55.01,0.0,0,Survivalist
0.0,0.0,0.0,0,0,0.0,0,0,0,80,0,0,0,0.0,1276,0.0,28,28,1475,0,0.0,0,0.0,0,0,119.9,3,0,0.1852,119.9,0.0,0,Survivalist
0.0,0.0,0.0,0,2,189.7,1,0,2,50,0,0,0,0.0,1388,0.0,28,27,1432,0,0.0,0,0.0,0,0,2751.0,5,0,0.8889,2751.0,0.0,4,Survivalist
0.0,0.0,0.0,0,0,0.0,0,0,0,74,1000,0,0,0.0,1359,0.0,48,46,0,0,0.0,0,0.0,0,0,242.6,1,1500,0.2128,242.6,0.0,0,Survivalist
0.0,0.0,0.0,0,1,96.39,0,0,1,51,1375,0,0,0.0,1394,0.0,28,27,0,0,0.0,0,0.0,0,0,2203.0,5,1576,0.6667,2203.0,0.0,2,Survivalist
0.0,0.0,0.0,0,0,0.0,0,0,0,83,1586,0,0,0.0,1769,0.0,28,26,0,0,0.0,0,0.0,0,0,536.0,3,1426,0.2222,536.0,0.0,0,Survivalist
0.0,0.0,0.0,0,0,99.33,0,0,0,70,1321,0,0,0.0,1887,0.0,97,95,0,0,0.0,0,0.0,0,0,615.9,6,1459,0.3021,615.9,0.0,0,Survivalist
0.0,0.0,0.0,0,0,72.03,0,0,0,79,0,0,0,0.0,1776,0.0,49,46,1458,0,0.0,0,0.0,0,0,543.3,2,0,0.2083,543.3,0.0,0,Survivalist
0.0,0.0,0.0,0,0,101.3,0,0,1,57,0,0,0,0.0,1345,0.0,46,46,1513,0,0.0088,0,0.0,0,0,970.9,3,0,0.4444,970.9087999999999,0.0,1,Survivalist
0.0,0.0,0.0,0,0,0.0,0,0,0,80,1296,0,0,0.0,1921,0.0,29,27,0,0,0.0,0,0.0,0,0,745.9,2,1495,0.1429,745.9,0.0,0,Survivalist
0.0,0.0,0.0,0,1,23.22,0,0,6,55,1015,0,0,0.0,1470,0.0,29,29,0,0,0.0,0,0.0,0,0,629.3,4,1507,0.6071,629.3,0.0,7,Survivalist
0.0,0.0,0.0,0,0,0.0,0,0,1,57,0,0,0,0.0,1823,0.0,29,27,1481,0,1874.0,0,0.0,0,0,2021.0,4,0,0.4286,3895.0,0.0,1,Survivalist
0.0,0.0,0.0,0,0,141.8,0,0,0,68,1116,0,0,0.0,1292,0.0,29,29,0,0,0.0,0,0.0,0,0,1134.0,2,1442,0.4286,1134.0,0.0,0,Survivalist
0.0,0.0,0.0,0,0,100.0,1,0,0,38,1130,1,1,3.357,1311,0.0,26,26,0,0,0.0,0,0.0,0,0,152.7,2,1439,0.24,152.7,0.0,0,Aggressive
0.0,0.0,0.0,1,0,113.7,1,0,1,41,1215,1,1,14.98,1697,0.0,28,26,0,0,7151.0,0,0.0,0,0,390.9,3,1404,0.2222,7541.9,0.0,1,Aggressive
0.0,0.0,0.0,0,0,85.63,1,0,0,47,0,1,1,2.929,1463,0.0,28,28,1416,0,0.0,0,0.0,0,0,100.8,3,0,0.037,100.8,0.0,0,Aggressive
0.0,0.0,0.0,0,0,0.0,0,1,0,43,0,1,1,30.78,1432,0.0,95,91,1444,0,0.0,0,0.0,0,0,209.2,1,0,0.2553,209.2,1.0,0,Aggressive
0.0,0.0,0.0,0,0,152.7,2,2,0,21,1163,2,1,40.57,1891,0.0,27,26,0,0,0.0,0,0.0,0,0,80.38,2,1508,0.2308,80.38,1.0,0,Aggressive
0.0,0.0,0.0,1,2,0.0,0,0,0,32,1290,0,0,0.0,1775,0.0,12,12,0,0,0.0,0,0.0,0,0,790.7,6,1538,0.0909,790.7,0.0,2,Survivalist
0.0,0.0,0.0,0,0,215.3,2,0,0,62,0,0,0,0.0,1337,0.0,25,24,1480,0,0.0,0,0.0,0,0,288.5,4,0,0.3333,288.5,0.0,0,Survivalist
0.0,0.0,0.0,0,0,0.0,0,0,0,56,1261,0,0,0.0,1850,0.0,29,27,0,0,0.0,0,0.0,0,0,1102.0,3,1473,0.3571,1102.0,0.0,0,Survivalist
0.0,0.0,0.0,0,3,254.7,2,0,1,18,0,1,1,124.6,1965,0.0,30,29,1650,0,1344.0,0,0.0,0,0,4036.0,7,0,0.9655,5380.0,0.0,4,Aggressive
0.0,0.0,0.0,0,0,0.0,0,0,0,93,0,0,0,0.0,1936,0.0,30,28,1498,0,0.0,0,0.0,0,0,4.18,0,0,0.0,4.18,0.0,0,Survivalist
0.0,0.0,0.0,0,1,146.3,1,0,4,32,0,1,1,29.91,1430,0.0,27,25,1378,0,0.0,0,0.0,0,0,1834.0,2,0,0.5385,1834.0,0.0,5,Aggressive
0.0,0.0,0.0,0,9,483.1,4,1,18,5,1433,4,2,178.4,1401,0.0,29,28,0,1,942.5,0,0.0,0,0,2277.0,5,1420,0.9286,3219.5,0.25,27,Aggressive
0.0,0.0,0.0,0,0,0.0,0,0,0,95,1051,0,0,0.0,1299,0.0,29,28,0,0,0.0,0,0.0,0,0,0.0,0,1444,0.0,0.0,0.0,0,Survivalist
0.0,0.0,0.0,0,0,0.0,0,0,0,86,1164,0,0,0.0,1338,0.0,28,27,0,0,0.0,0,0.0,0,0,0.0,1,1479,0.0,0.0,0.0,0,Survivalist
0.0,0.0,0.0,0,1,141.9,1,0,0,58,1082,0,0,0.0,1278,0.0,30,30,0,0,0.0,0,0.0,0,0,961.6,4,1525,0.6207,961.6,0.0,1,Survivalist
0.0,0.0,0.0,0,1,0.0,1,0,1,52,0,0,0,0.0,1318,0.0,46,43,1500,0,0.0,0,0.0,1,0,1280.0,6,0,0.6444,1280.0,0.0,2,Survivalist
0.0,0.0,0.0,0,4,0.0,0,0,0,50,0,0,0,0.0,1370,0.0,30,29,1517,0,0.0,0,0.0,0,0,2219.0,3,0,0.6897,2219.0,0.0,4,Survivalist
0.0,0.0,0.0,0,0,174.4,1,1,0,19,0,2,1,7.653,1898,0.0,50,46,1512,0,0.0,0,0.0,1,0,272.0,4,0,0.2653,272.0,0.5,0,Aggressive
0.0,0.0,0.0,0,2,194.6,1,0,0,14,1000,2,2,78.98,1276,0.0,27,26,0,0,0.0095,0,3.769,0,0,3143.0,4,1500,0.5,3146.7785,0.0,2,Aggressive
0.0,0.0,0.0,0,0,186.2,0,0,2,21,0,1,1,59.22,1414,0.0,46,46,1500,1,0.0,0,0.0,0,0,2618.0,3,0,0.9778,2618.0,0.0,2,Aggressive
0.0,0.0,0.0,0,0,100.0,1,0,0,86,1321,0,0,0.0,1391,0.0,27,26,0,0,0.0,0,0.0,0,0,39.62,1,1438,0.0769,39.62,0.0,0,Survivalist
0.0,0.0,0.0,1,1,730.2,2,1,0,1,0,6,2,152.5,1407,0.0,50,48,1496,0,0.0,0,0.0,0,0,2653.0,5,0,0.9796,2653.0,0.16666666666666666,1,Aggressive
0.0,0.0,0.0,0,0,0.0,0,0,0,72,1214,0,0,0.0,1351,0.0,48,47,0,0,0.0,0,0.0,0,0,252.2,1,1469,0.2979,252.2,0.0,0,Survivalist
0.0,0.0,0.0,0,10,0.0,1,0,3,7,0,3,1,263.9,1792,0.0,29,28,1327,0,0.0,0,76.21,0,0,0.0,9,0,0.0,76.21,0.0,13,Aggressive
0.0,0.0,0.0,0,0,34.2,0,0,0,87,0,0,0,0.0,1778,0.0,28,27,1445,0,0.0,0,0.0,0,0,183.2,0,0,0.0741,183.2,0.0,0,Survivalist
0.0,0.0,0.0,0,0,0.0,0,0,0,86,0,0,0,0.0,1867,0.0,46,41,1517,0,0.0,0,0.0,0,0,0.0,0,0,0.0,0.0,0.0,0,Survivalist
0.0,0.0,0.0,0,0,0.0,0,0,0,70,0,0,0,0.0,1912,0.0,26,26,1488,1,0.0,0,0.0,0,0,737.3,5,0,0.0,737.3,0.0,0,Survivalist
0.0,0.0,0.0,0,0,0.0,0,0,0,72,0,0,0,0.0,1890,0.0,47,47,1444,0,0.0,0,0.0,0,0,0.0,1,0,0.0,0.0,0.0,0,Survivalist
0.0,0.0,0.0,0,0,0.0,0,0,0,41,0,0,0,0.0,1296,0.0,50,49,1490,0,0.0,0,26.02,0,0,3116.0,4,0,0.8776,3142.02,0.0,0,Survivalist
0.0,0.0,0.0,0,2,13.23,0,0,0,51,1268,0,0,0.0,1333,0.0,28,28,0,0,1341.0,0,0.0,0,0,3419.0,6,1496,0.8519,4760.0,0.0,2,Survivalist
0.0,0.0,0.0,0,0,185.5,0,0,0,15,0,2,2,31.34,1462,0.0,95,90,1504,0,1003.0,0,0.0,0,0,1615.0,3,0,0.6383,2618.0,0.0,0,Aggressive
0.0,0.0,0.0,0,1,75.0,1,0,1,59,0,0,0,0.0,1832,0.0,48,48,1495,0,902.7,0,6.07,0,0,2685.0,2,0,0.4894,3593.77,0.0,2,Survivalist
0.0,0.0,0.0,0,2,78.45,1,0,2,64,1048,0,0,0.0,1378,0.0,45,45,0,0,719.6,0,0.0,0,0,717.5,6,1472,0.3636,1437.1,0.0,4,Survivalist
0.0,0.0,0.0,0,0,100.0,1,2,1,31,0,1,1,10.49,1342,0.0,28,28,1516,0,0.0,0,0.0,0,0,128.3,1,0,0.5185,128.3,2.0,1,Aggressive
0.0,0.0,0.0,0,4,209.0,1,1,16,22,0,1,1,84.8,1297,0.0,26,26,1515,1,2262.0,0,0.0,0,0,1391.0,4,0,0.84,3653.0,1.0,20,Aggressive
0.0,0.0,0.0,1,0,209.4,2,0,0,20,0,2,1,17.96,1932,0.0,28,28,1449,0,0.0,0,0.0,0,0,315.8,3,0,0.037,315.8,0.0,0,Aggressive
0.0,0.0,0.0,1,1,0.0,1,0,0,68,0,0,0,0.0,1746,0.0,27,26,1380,1,0.0,0,0.0,0,0,208.5,2,0,0.0,208.5,0.0,1,Survivalist
0.0,0.0,0.0,1,0,245.6,1,1,0,27,1246,1,1,64.23,1325,0.0,29,28,0,0,885.6,0,0.0,0,0,2608.0,5,1479,0.8214,3493.6,1.0,0,Aggressive
0.0,0.0,30069890768369.0,0,6,339.6,4,1,2,3,992,5,2,226.4,1387,0.0,29,29,0,0,0.0,0,62.27,0,0,3561.0,5,1481,0.8571,3623.27,0.2,8,Aggressive
0.0,0.0,0.0,0,0,170.7,1,1,0,36,0,1,1,9.708,1392,0.0,46,45,1469,0,0.0,0,0.0,0,0,295.3,3,0,0.2,295.3,1.0,0,Aggressive
0.0,0.0,0.0,0,1,232.1,2,0,0,68,0,0,0,0.0,1287,0.0,28,27,1506,0,0.0,0,0.0,0,0,827.1,4,0,0.2593,827.1,0.0,1,Survivalist
0.0,0.0,0.0,0,0,176.1,1,0,0,36,0,1,1,2.663,1824,0.0,28,26,1348,0,0.0,0,0.0,0,0,66.89,2,0,0.037,66.89,0.0,0,Aggressive
0.0,0.0,0.0,0,0,0.0,0,0,0,73,1334,0,0,0.0,1366,0.0,28,27,0,0,0.0,0,0.0,0,0,210.6,3,1486,0.2963,210.6,0.0,0,Survivalist
0.0,0.0,0.0,0,1,158.7,1,0,0,28,0,1,1,5.844,1934,0.0,49,48,1500,0,380.5,0,0.0,0,0,1030.0,9,0,0.3958,1410.5,0.0,1,Aggressive
0.0,0.0,inf,0,0,146.3,0,0,0,68,0,0,0,0.0,1370,0.0,29,27,1481,0,0.0,0,0.0,0,0,655.9,5,0,0.2857,655.9,0.0,0,Survivalist
0.0,0.0,0.0,0,0,194.8,1,0,1,36,1250,1,1,5.5,1374,0.0,48,47,0,0,0.0,0,4.418,0,0,417.6,3,1496,0.4043,422.01800000000003,0.0,1,Aggressive
0.0,0.0,0.0,0,0,0.0,0,0,0,94,0,0,0,0.0,1408,0.0,97,97,1500,0,0.0,0,0.0,0,0,0.0,1,0,0.0417,0.0,0.0,0,Survivalist
0.0,0.0,0.0,0,0,0.0,0,0,0,51,0,0,0,0.0,1776,0.0,47,46,1479,0,7347.0,0,0.0,0,0,955.4,5,0,0.6739,8302.4,0.0,0,Survivalist
0.0,0.0,0.0,0,1,0.0,0,0,0,28,0,1,1,21.22,1401,0.0,89,88,1539,0,0.0,0,0.0,0,0,1925.0,5,0,0.0,1925.0,0.0,1,Aggressive
0.0,0.0,0.0,2,6,648.3,4,1,8,4,1590,4,2,266.8,1446,0.0,28,28,0,1,264.5,0,0.0,0,0,3121.0,3,1476,0.9259,3385.5,0.25,14,Aggressive
0.0,0.0,0.0,0,0,0.0,0,0,0,75,0,0,0,0.0,1828,0.0,49,49,1404,0,0.0,0,0.0,0,0,345.9,2,0,0.2917,345.9,0.0,0,Survivalist
0.0,0.0,0.0,0,4,0.0,1,1,3,11,1121,2,1,8.425,1336,0.0,49,45,0,1,0.0,0,0.0,0,0,0.0,6,1463,0.0,0.0,0.5,7,Aggressive
0.0,0.0,0.0,0,0,0.0,0,0,0,91,0,0,0,0.0,1392,0.0,28,25,1460,0,0.0,0,0.0,0,0,133.4,2,0,0.0,133.4,0.0,0,Survivalist
0.0,0.0,0.0,0,0,31.02,0,0,0,94,1288,0,0,0.0,1380,0.0,31,29,0,0,0.0,0,0.0,0,0,70.91,1,1451,0.0,70.91,0.0,0,Survivalist
0.0,0.0,0.0,0,1,438.1,4,2,1,4,1334,5,2,31.63,1380,0.0,31,31,0,1,0.0,0,0.0,0,0,2129.0,4,1434,0.6667,2129.0,0.4,2,Aggressive
0.0,0.0,0.0,0,1,0.0,0,0,0,62,0,0,0,0.0,1372,0.0,30,29,1364,0,2940.0,0,0.0,0,0,1149.0,4,0,0.6207,4089.0,0.0,1,Survivalist
0.0,0.0,0.0,0,2,268.6,2,1,2,10,0,3,1,25.29,1825,0.0,48,47,1539,0,0.0,0,0.0,1,0,281.9,4,0,0.3191,281.9,0.3333333333333333,4,Aggressive
0.0,0.0,0.0,0,0,0.0,0,0,0,92,0,0,0,0.0,1288,0.0,92,88,1519,0,0.0,0,0.0,0,0,17.58,0,0,0.0,17.58,0.0,0,Survivalist
0.0,0.0,0.0,0,0,0.0,0,0,0,92,0,0,0,0.0,1359,0.0,50,47,1488,0,0.0,0,0.0,0,0,0.0,0,0,0.0,0.0,0.0,0,Survivalist
0.0,0.0,0.0,0,5,0.0,1,0,1,32,1227,0,0,0.0,1969,0.0,29,27,0,1,7177.0,0,0.0,0,0,0.0,8,1520,0.0,7177.0,0.0,6,Survivalist
0.0,0.0,0.0,0,0,106.9,1,0,0,84,1628,0,0,0.0,1772,0.0,27,26,0,0,375.0,0,0.0,0,0,171.8,1,1509,0.0769,546.8,0.0,0,Survivalist
0.0,0.0,0.0,0,0,100.0,1,0,0,32,0,1,1,22.01,1769,0.0,46,43,1544,1,0.0,0,0.0,0,0,688.1,3,0,0.2222,688.1,0.0,0,Aggressive
0.0,0.0,0.0,0,0,19.43,0,0,0,90,1289,0,0,0.0,1898,0.0,28,28,0,0,0.0,0,0.0,0,0,73.35,1,1517,0.0741,73.35,0.0,0,Survivalist
0.0,0.0,0.0,0,0,70.52,0,0,0,94,1165,0,0,0.0,1953,0.0,27,23,0,0,0.0,0,0.0,0,0,30.65,1,1527,0.0,30.65,0.0,0,Survivalist
0.0,0.0,0.0,0,0,0.0,0,0,0,81,1161,0,0,0.0,1772,0.0,29,28,0,0,0.0,0,0.0,0,0,52.27,1,1431,0.1786,52.27,0.0,0,Survivalist
0.0,0.0,0.0,0,0,15.3,0,0,0,95,0,0,0,0.0,1411,0.0,32,30,1180,0,0.0,0,0.0,0,0,17.44,1,0,0.0,17.44,0.0,0,Survivalist
0.0,0.0,0.0,0,1,0.0,0,0,1,62,0,0,0,0.0,1839,0.0,28,27,1471,0,2872.0,0,0.0,0,0,667.8,6,0,0.4074,3539.8,0.0,2,Survivalist
0.0,0.0,0.0,3,5,0.0,2,3,3,17,0,2,2,16.66,1781,0.0,31,30,1497,0,7389.0,0,0.0,0,0,1269.0,8,0,0.0,8658.0,1.5,8,Aggressive
0.0,0.0,0.0,0,0,29.4,0,0,0,74,0,0,0,0.0,1330,0.0,95,94,1494,0,0.0,0,0.0,0,0,120.1,2,0,0.2447,120.1,0.0,0,Survivalist
0.0,0.0,0.0,0,0,0.0,0,0,0,89,0,0,0,0.0,1372,0.0,50,47,1475,0,0.0,0,0.0,0,0,4.76,1,0,0.0816,4.76,0.0,0,Survivalist
0.0,0.0,0.0,0,2,412.3,1,1,8,17,0,2,1,123.4,1876,0.0,47,44,1500,0,0.0,0,0.0,0,0,1683.0,7,0,0.6087,1683.0,0.5,10,Aggressive
0.0,0.0,0.0,0,1,0.0,0,0,0,49,1199,0,0,0.0,1849,0.0,46,45,0,0,2757.0,0,0.0,0,0,0.0,7,1433,0.0,2757.0,0.0,1,Survivalist
inf,0.0,0.0,1,4,258.0,2,0,6,44,0,0,0,0.0,1780,0.0,47,45,1500,1,1605.0,0,0.0,0,0,3751.0,6,0,0.7826,5356.0,0.0,10,Survivalist
0.0,0.0,0.0,0,0,98.48,0,0,0,23,1376,1,1,8.839,1379,0.0,94,92,0,0,0.0,0,0.0,0,0,2332.0,6,1543,0.871,2332.0,0.0,0,Aggressive
0.0,0.0,0.0,0,0,73.56,0,0,0,89,1000,0,0,0.0,1453,0.0,50,46,0,0,0.0,0,0.0,0,0,78.54,2,1500,0.0408,78.54,0.0,0,Survivalist
0.0,0.0,0.0,0,0,43.0,0,0,0,82,0,0,0,0.0,1364,0.0,27,26,1480,0,0.0,0,0.0,0,0,62.85,1,0,0.0385,62.85,0.0,0,Survivalist
0.0,0.0,0.0,0,0,0.0,0,0,0,90,0,0,0,0.0,1892,0.0,48,46,1500,0,0.0,0,0.0,0,0,50.92,2,0,0.0425,50.92,0.0,0,Survivalist
0.0,0.0,0.0,0,4,86.12,0,0,1,32,1324,1,1,19.33,1379,0.0,49,48,0,0,0.0,0,0.0,0,0,3428.0,5,1535,0.9167,3428.0,0.0,5,Aggressive
0.0,0.0,0.0,0,0,100.0,1,1,0,39,0,1,1,7.127,1358,0.0,50,48,1457,0,0.0,0,0.0,0,0,306.5,3,0,0.3469,306.5,1.0,0,Aggressive
0.0,0.0,0.0,0,0,0.0,0,0,0,82,0,0,0,0.0,1796,0.0,28,28,1500,0,0.0,0,0.0,0,0,161.5,0,0,0.2222,161.5,0.0,0,Survivalist
0.0,0.0,0.0,0,0,70.0,0,0,0,54,0,0,0,0.0,1895,0.0,93,91,1500,0,5453.0,0,0.0,0,0,2005.0,8,0,0.6087,7458.0,0.0,0,Survivalist
0.0,0.0,0.0,0,0,0.0,0,0,0,74,1097,0,0,0.0,1796,0.0,49,47,0,0,0.0,0,0.0,0,0,363.9,1,1478,0.2917,363.9,0.0,0,Survivalist
0.0,0.0,0.0,0,0,0.0,0,0,0,84,0,0,0,0.0,1436,0.0,97,96,1508,0,0.0,0,0.0,0,0,32.47,3,0,0.1562,32.47,0.0,0,Survivalist
0.0,0.0,0.0,0,1,20.02,0,0,0,65,0,0,0,0.0,1886,0.0,46,44,1546,0,0.0,0,0.0,0,0,834.9,4,0,0.3111,834.9,0.0,1,Survivalist
0.0,0.0,0.0,0,0,0.0,0,0,1,82,0,0,0,0.0,1835,0.0,49,46,1502,0,0.0,0,0.0,0,0,180.5,3,0,0.1458,180.5,0.0,1,Survivalist
0.0,0.0,0.0,0,0,98.8,0,0,0,80,1167,0,0,0.0,1878,0.0,45,43,0,0,0.0,0,0.0,0,0,129.8,2,1497,0.0682,129.8,0.0,0,Survivalist
0.0,0.0,0.0,1,2,404.5,4,4,3,11,1309,3,2,74.08,1366,0.0,28,28,0,0,410.9,0,0.0,0,0,1694.0,3,1493,0.5556,2104.9,1.3333333333333333,5,Aggressive
0.0,0.0,0.0,0,3,79.84,0,0,1,48,0,0,0,0.0,1449,0.0,48,46,1500,0,983.3,0,0.0,0,0,1310.0,5,0,0.6809,2293.3,0.0,4,Survivalist
0.0,0.0,0.0,1,2,75.0,0,0,3,25,0,1,1,4.223,2082,0.0,18,18,1500,0,4246.0,0,0.0,0,0,1030.0,8,0,0.7647,5276.0,0.0,5,Aggressive
0.0,0.0,0.0,0,1,100.0,1,1,1,27,0,1,1,7.225,1381,0.0,23,20,1451,0,0.0,0,0.0,0,0,121.9,1,0,0.0909,121.9,1.0,2,Aggressive
0.0,0.0,0.0,0,1,0.0,0,0,3,65,0,0,0,0.0,1787,0.0,29,29,1496,0,0.0,0,0.0,0,0,2076.0,5,0,0.4643,2076.0,0.0,4,Survivalist
0.0,0.0,0.0,0,0,200.0,1,0,0,25,1294,2,1,8.181,1885,0.0,50,49,0,0,0.0,0,0.0,0,0,204.5,3,1614,0.3673,204.5,0.0,0,Aggressive
0.0,0.0,0.0,0,0,50.73,0,0,0,59,0,0,0,0.0,1815,0.0,92,89,1486,0,870.1,0,0.0,0,0,1566.0,2,0,0.5165,2436.1,0.0,0,Survivalist
0.0,0.0,0.0,0,0,56.35,0,0,0,42,0,0,0,0.0,1247,0.0,30,27,1350,0,0.0,0,0.0,0,0,106.2,2,0,0.8966,106.2,0.0,0,Survivalist
0.0,0.0,0.0,0,0,0.0,0,0,0,55,1000,60,0,0.0,1968,0.0,27,27,0,0,106.8,0,0.0,0,0,0.0,5,1500,0.0,106.8,0.0,0,Aggressive
0.0,0.0,0.0,0,0,130.1,0,0,1,64,0,0,0,0.0,1273,0.0,28,26,1465,0,0.0,0,7.211,0,0,451.6,4,0,0.4444,458.81100000000004,0.0,1,Survivalist
0.0,0.0,0.0,1,1,33.26,0,0,0,66,0,0,0,0.0,1421,0.0,27,25,1268,0,0.0,0,0.0,0,0,203.0,2,0,0.3846,203.0,0.0,1,Survivalist
0.0,0.0,0.0,0,0,141.5,1,0,1,29,0,1,1,4.429,1465,0.0,27,24,1480,0,0.0,0,0.0,0,0,684.1,4,0,0.3846,684.1,0.0,1,Aggressive
0.0,0.0,0.0,0,1,0.0,0,0,0,77,0,0,0,0.0,1452,0.0,30,29,1507,0,74.68,0,0.0,0,0,273.6,1,0,0.2069,348.28000000000003,0.0,1,Survivalist
0.0,0.0,0.0,0,0,0.0,0,0,0,67,0,0,0,0.0,1849,0.0,47,46,1500,0,0.0,0,0.0,0,0,1278.0,2,0,0.3478,1278.0,0.0,0,Survivalist
0.0,0.0,0.0,0,0,23.22,0,0,0,76,1106,0,0,0.0,1299,0.0,98,92,0,0,0.0,0,0.0,0,0,231.5,1,1516,0.2474,231.5,0.0,0,Survivalist
0.0,0.0,0.0,0,0,100.0,0,1,0,37,1027,1,1,0.0,1450,0.0,96,94,0,0,0.0,0,0.0,0,0,550.2,3,1471,0.5895,550.2,1.0,0,Aggressive
0.0,0.0,0.0,0,0,37.73,0,0,0,55,0,0,0,0.0,1314,0.0,48,43,1613,0,0.0,0,0.0,0,0,254.7,4,0,0.4043,254.7,0.0,0,Survivalist
0.0,0.0,0.0,0,0,301.4,3,1,1,21,0,2,1,47.45,1343,0.0,28,26,1448,0,0.0,0,0.0,0,0,1847.0,2,0,0.4074,1847.0,0.5,1,Aggressive
0.0,0.0,0.0,0,0,111.3,1,0,0,37,1075,1,1,7.013,1447,0.0,27,27,0,0,0.0,0,0.0,0,0,56.94,1,1515,0.0385,56.94,0.0,0,Aggressive
0.0,0.0,0.0,0,0,0.0,0,0,0,86,1147,0,0,0.0,1960,0.0,96,92,0,0,0.0062,0,0.0,0,0,78.73,0,1522,0.1053,78.73620000000001,0.0,0,Survivalist
0.0,0.0,0.0,0,0,0.0,0,0,0,74,1000,0,0,0.0,1832,0.0,45,43,0,0,0.0,0,0.0,0,0,171.3,2,1500,0.1591,171.3,0.0,0,Survivalist
0.0,0.0,0.0,0,1,0.0,0,0,0,79,0,0,0,0.0,1360,0.0,94,92,1325,0,0.0,0,0.0,0,0,61.1,1,0,0.1613,61.1,0.0,1,Survivalist
0.0,0.0,0.0,0,0,0.0,0,0,0,54,0,0,0,0.0,1358,0.0,26,26,1613,0,0.0,0,100.3,0,0,3208.0,3,0,0.76,3308.3,0.0,0,Survivalist
0.0,0.0,0.0,1,1,131.9,2,0,1,26,0,1,1,3.573,1854,0.0,29,27,1500,0,2711.0,0,0.0,0,0,1696.0,4,0,0.8214,4407.0,0.0,2,Aggressive
0.0,0.0,0.0,0,0,0.0,0,0,0,76,0,0,0,0.0,1841,0.0,46,43,1500,0,0.0,0,0.0,0,0,154.7,2,0,0.1778,154.7,0.0,0,Survivalist
0.0,0.0,0.0,0,5,700.3,6,2,2,3,0,5,4,58.18,1793,0.0,27,26,1500,0,2346.0,0,0.0,1,0,1401.0,4,0,0.5385,3747.0,0.4,7,Aggressive
0.0,0.0,0.0,0,0,100.0,0,0,0,37,0,1,1,66.57,1403,0.0,98,96,1508,0,0.0,0,0.0,0,0,588.9,2,0,0.5155,588.9,0.0,0,Aggressive
0.0,0.0,0.0,1,1,235.8,1,0,5,15,1281,2,1,42.92,1351,0.0,27,27,0,0,0.0,0,0.0,0,0,1688.0,4,1444,0.5,1688.0,0.0,6,Aggressive
0.0,0.0,0.0,0,0,300.0,0,1,0,10,0,3,1,14.5,1283,0.0,75,75,1893,0,0.0,0,0.0,0,0,577.8,3,0,0.5135,577.8,0.3333333333333333,0,Aggressive
0.0,0.0,0.0,0,0,0.0,0,0,0,54,0,0,0,0.0,2184,0.0,46,45,1500,0,0.0,0,0.0,0,0,1014.0,4,0,0.5111,1014.0,0.0,0,Survivalist
0.0,0.0,0.0,0,2,427.3,2,0,0,9,0,3,2,5.882,1912,0.0,46,44,1636,1,0.0,0,0.0,0,0,1720.0,5,0,0.7778,1720.0,0.0,2,Aggressive
0.0,0.0,0.0,0,1,33.11,0,0,1,50,1025,0,0,0.0,1349,0.0,83,82,0,0,0.0,0,0.0,0,0,333.7,2,1486,0.4756,333.7,0.0,2,Survivalist
0.0,0.0,0.0,0,0,420.0,2,1,12,9,1469,3,2,86.09,1296,0.0,29,29,0,1,737.2,0,0.0,0,0,1185.0,5,1539,0.6071,1922.2,0.3333333333333333,12,Aggressive
0.0,0.0,0.0,0,0,0.0,0,0,0,88,1325,0,0,0.0,1746,0.0,28,28,0,0,0.0,0,0.0,0,0,202.5,1,1484,0.037,202.5,0.0,0,Survivalist
0.0,0.0,0.0,0,0,0.0,0,0,0,60,0,0,0,0.0,1843,0.0,95,92,1494,0,0.0,0,0.0,0,0,552.1,3,0,0.4468,552.1,0.0,0,Survivalist
0.0,0.0,0.0,0,0,73.99,0,0,0,77,0,0,0,0.0,1896,0.0,95,94,1525,0,0.0,0,0.0,0,0,146.1,3,0,0.2021,146.1,0.0,0,Survivalist
0.0,0.0,0.0,0,0,0.0,0,0,0,64,0,0,0,0.0,1985,0.0,98,96,1521,0,1266.0,0,0.0,0,0,868.7,4,0,0.4124,2134.7,0.0,0,Survivalist
0.0,0.0,0.0,0,1,216.7,0,0,0,35,1157,1,1,1.66,1387,0.0,48,48,0,0,0.0,0,0.0,0,0,386.4,5,1532,0.5745,386.4,0.0,1,Aggressive
0.0,0.0,0.0,0,0,0.0,0,0,0,90,0,0,0,0.0,1842,0.0,94,94,1500,0,0.0,0,0.0,0,0,5.44,2,0,0.043,5.44,0.0,0,Survivalist
0.0,0.0,0.0,0,0,0.0,0,0,0,74,0,0,0,0.0,1335,0.0,49,49,1519,0,0.0,0,0.0,0,0,0.0,1,0,0.0,0.0,0.0,0,Survivalist
0.0,0.0,0.0,0,0,0.0,0,0,0,98,0,0,0,0.0,1364,0.0,50,49,1519,0,0.0,0,0.0,0,0,45.19,0,0,0.0,45.19,0.0,0,Survivalist
0.0,0.0,0.0,0,0,64.18,1,0,0,30,1493,1,1,19.38,1295,0.0,29,29,0,0,0.0,0,0.0,0,0,423.6,3,1561,0.8929,423.6,0.0,0,Aggressive
0.0,0.0,0.0,0,1,43.0,0,0,0,46,0,0,0,0.0,1941,0.0,28,28,1409,0,7177.0,0,0.0,0,0,2567.0,8,0,0.9259,9744.0,0.0,1,Survivalist
0.0,0.0,0.0,0,0,0.0,0,0,0,92,1618,0,0,0.0,1369,0.0,28,27,0,0,0.0,0,0.0,0,0,69.73,2,1548,0.037,69.73,0.0,0,Survivalist
0.0,0.0,0.0,0,0,0.0,0,0,0,69,0,0,0,0.0,1469,0.0,95,94,1522,0,0.0,0,0.0,0,0,208.1,4,0,0.0,208.1,0.0,0,Survivalist
0.0,0.0,0.0,0,1,351.7,2,3,1,12,1693,3,2,45.31,1306,0.0,49,47,0,0,0.0,0,0.0,0,0,339.2,4,1452,0.3958,339.2,1.0,2,Aggressive
0.0,0.0,0.0,0,0,100.0,0,0,0,47,0,1,1,25.35,1946,0.0,95,92,1503,0,0.0,0,0.0,0,0,178.8,2,0,0.1277,178.8,0.0,0,Aggressive
0.0,0.0,0.0,0,0,156.2,0,0,1,32,1161,1,1,21.52,1789,0.0,94,94,0,0,0.0,0,0.0,0,0,669.8,8,1562,0.4731,669.8,0.0,1,Aggressive
0.0,0.0,0.0,0,0,79.98,0,0,0,72,1093,0,0,0.0,1407,0.0,28,28,0,0,0.0,0,0.0,0,0,177.8,2,1476,0.2222,177.8,0.0,0,Survivalist
0.0,0.0,0.0,0,0,0.0,0,1,0,42,0,1,1,8.767,1817,0.0,49,49,1488,0,0.0,0,0.0,0,0,90.59,4,0,0.0,90.59,1.0,0,Aggressive
0.0,0.0,0.0,0,0,50.4,0,0,0,81,0,0,0,0.0,1882,0.0,49,48,1495,0,0.0,0,0.0,0,0,439.8,3,0,0.1667,439.8,0.0,0,Survivalist
0.0,0.0,0.0,0,0,0.0,0,0,0,70,1144,0,0,0.0,1863,0.0,28,28,0,0,573.5,0,0.0,0,0,1934.0,3,1443,0.2593,2507.5,0.0,0,Survivalist
0.0,0.0,0.0,0,1,148.0,0,0,2,27,1108,1,1,2.299,1774,0.0,28,26,0,1,2184.0,0,0.0,0,0,1621.0,7,1504,0.4444,3805.0,0.0,3,Aggressive
0.0,0.0,0.0,0,1,100.0,1,0,0,37,0,1,1,3.519,1328,0.0,29,29,1502,1,0.0,0,0.0,0,0,1082.0,4,0,0.4286,1082.0,0.0,1,Aggressive
0.0,0.0,0.0,0,2,262.8,1,1,2,16,1000,2,1,212.4,2018,0.0,32,32,0,0,1144.0,0,0.0,0,0,1686.0,7,1500,0.4194,2830.0,0.5,4,Aggressive
0.0,0.0,0.0,0,5,69.15,0,0,10,29,0,1,1,10.86,1864,0.0,31,27,1188,1,3398.0,0,0.0,0,0,1905.0,8,0,0.8,5303.0,0.0,15,Aggressive
0.0,0.0,0.0,0,0,0.0,0,0,0,84,0,0,0,0.0,1306,0.0,28,26,1509,0,0.0,0,0.0,0,0,0.0,1,0,0.0,0.0,0.0,0,Survivalist
0.0,0.0,0.0,0,4,61.04,0,0,6,41,1263,0,0,0.0,1423,0.0,28,27,0,0,0.0,0,69.89,0,0,3521.0,6,1433,0.8889,3590.89,0.0,10,Survivalist
0.0,0.0,0.0,0,0,100.0,1,1,0,42,1172,1,1,3.7,1375,0.0,29,28,0,0,0.0,0,0.0,0,0,62.34,2,1428,0.0,62.34,1.0,0,Aggressive
0.0,0.0,0.0,0,0,13.23,0,0,0,74,0,0,0,0.0,1348,0.0,26,26,1406,0,0.0,0,0.0,0,0,564.7,3,0,0.28,564.7,0.0,0,Survivalist
0.0,0.0,0.0,0,4,794.0,6,10,12,2,0,9,2,338.1,1803,0.0,49,44,1515,1,550.9,0,45.0,0,0,5801.0,9,0,0.8958,6396.9,1.1111111111111112,16,Aggressive
0.0,0.0,0.0,0,0,0.0,0,0,1,50,0,0,0,0.0,1360,0.0,29,27,1551,0,0.0,0,0.0,0,0,2360.0,6,0,0.8214,2360.0,0.0,1,Survivalist
0.0,0.0,0.0,0,4,3.32,0,0,1,44,1087,0,0,0.0,1378,0.0,46,40,0,0,750.6,0,0.0,0,0,1753.0,5,1519,0.7111,2503.6,0.0,5,Survivalist
0.0,0.0,0.0,1,0,0.0,0,0,0,33,1000,1,1,10.61,1390,0.0,95,93,0,0,0.0,0,0.0,0,0,242.1,5,1500,0.4787,242.1,0.0,0,Aggressive
0.0,0.0,0.0,1,2,22.29,0,0,1,48,0,0,0,0.0,1984,0.0,28,27,1474,0,0.0,0,0.0,0,0,3452.0,4,0,0.5926,3452.0,0.0,3,Survivalist
0.0,0.0,0.0,2,2,374.8,3,1,5,4,1257,4,2,79.37,1368,0.0,25,25,0,0,0.0,0,0.0,0,0,3250.0,3,1468,0.9583,3250.0,0.25,7,Aggressive
0.0,0.0,0.0,1,3,342.7,0,0,2,31,1356,1,1,20.1,1416,0.0,48,46,0,0,0.0,0,0.0,0,0,2171.0,6,1572,0.766,2171.0,0.0,5,Aggressive
0.0,0.0,0.0,0,0,0.0,0,0,0,80,0,0,0,0.0,1357,0.0,45,42,1511,0,0.0,0,0.0,0,0,82.06,3,0,0.0682,82.06,0.0,0,Survivalist
0.0,0.0,0.0,0,1,200.0,2,0,0,24,0,2,2,3.245,1472,0.0,26,26,1436,0,0.0,0,0.0,0,0,292.8,3,0,0.2,292.8,0.0,1,Aggressive
0.0,inf,0.0,0,0,200.0,0,0,0,16,0,2,1,36.81,1394,0.0,95,93,1691,0,424.8,0,0.0,0,0,669.1,4,0,0.5851,1093.9,0.0,0,Aggressive
0.0,0.0,0.0,0,0,0.0,0,0,0,67,1282,0,0,0.0,1398,0.0,49,49,0,0,0.0,0,0.0,0,0,385.9,3,1493,0.4167,385.9,0.0,0,Survivalist
0.0,0.0,0.0,0,2,146.5,2,1,1,20,1286,2,1,5.242,1762,0.0,28,25,0,0,7011.0,0,0.0,0,0,717.6,5,1491,0.5926,7728.6,0.5,3,Aggressive
0.0,0.0,0.0,0,0,0.0,0,0,0,45,0,0,0,0.0,1445,0.0,93,90,1510,0,0.0,0,0.0,0,0,1110.0,2,0,0.7826,1110.0,0.0,0,Survivalist
0.0,0.0,0.0,1,2,193.8,1,0,4,31,0,1,1,0.7973,1818,0.0,30,30,1434,0,0.0,0,0.0,0,0,917.7,5,0,0.4828,917.7,0.0,6,Aggressive
0.0,0.0,0.0,1,0,18.75,0,0,0,44,1034,0,0,0.0,1864,0.0,26,24,0,0,2223.0,0,0.0,0,0,2455.0,7,1435,0.72,4678.0,0.0,0,Survivalist
0.0,0.0,0.0,3,5,0.0,1,0,5,12,0,2,2,4.135,1895,0.0,50,48,1500,1,5692.0,0,0.0,0,0,3312.0,6,0,1.0,9004.0,0.0,10,Aggressive
0.0,0.0,0.0,0,0,100.0,1,0,0,72,0,0,0,0.0,1687,0.0,30,29,1438,0,0.0,0,0.0,0,0,323.3,3,0,0.2759,323.3,0.0,0,Survivalist
0.0,0.0,0.0,1,6,0.0,1,0,6,26,0,1,1,11.86,1974,0.0,25,24,1484,1,2184.0,0,0.0,0,0,0.0,10,0,0.0,2184.0,0.0,12,Aggressive
0.0,0.0,0.0,0,1,28.08,0,0,3,88,1781,0,0,0.0,1390,0.0,29,29,0,0,0.0,0,0.0,0,0,58.28,2,1626,0.0357,58.28,0.0,4,Survivalist
0.0,0.0,0.0,0,4,244.8,0,1,1,6,1139,3,1,80.61,1475,0.0,99,96,0,0,0.0,0,6.833,0,0,2394.0,6,1473,0.8571,2400.833,0.3333333333333333,5,Aggressive
0.0,0.0,0.0,1,1,82.76,0,0,1,44,0,0,0,0.0,1371,0.0,25,25,1380,0,0.0,0,0.0,0,0,2317.0,8,0,1.0,2317.0,0.0,2,Survivalist
0.0,0.0,0.0,1,4,211.9,0,0,3,24,0,1,1,28.73,1340,0.0,27,25,1822,1,0.0,0,0.0,0,0,3381.0,4,0,1.0,3381.0,0.0,7,Aggressive
0.0,0.0,0.0,0,0,0.0,0,0,0,86,0,0,0,0.0,1882,0.0,26,24,1467,0,0.0,0,0.0,0,0,269.1,0,0,0.0,269.1,0.0,0,Survivalist
0.0,0.0,0.0,0,3,147.2,0,0,1,23,1347,1,1,7.217,1392,0.0,99,99,0,0,0.0,0,33.28,0,0,2685.0,2,1654,0.9184,2718.28,0.0,4,Aggressive
0.0,0.0,0.0,0,0,0.0,0,0,0,73,0,0,0,0.0,1324,0.0,29,28,1429,0,0.0,0,0.0,0,0,79.47,0,0,0.3929,79.47,0.0,0,Survivalist
0.0,0.0,0.0,0,3,81.96,0,0,1,47,0,0,0,0.0,1930,0.0,28,27,1489,0,0.0,0,0.0,0,0,1369.0,7,0,0.6296,1369.0,0.0,4,Survivalist
0.0,0.0,0.0,0,0,0.0,0,0,0,78,0,0,0,0.0,1404,0.0,25,25,1527,0,0.0,0,0.0,0,0,219.6,2,0,0.125,219.6,0.0,0,Survivalist
0.0,0.0,0.0,0,0,0.0,0,0,0,70,0,0,0,0.0,1884,0.0,29,29,1371,0,1339.0,0,0.0,0,0,411.2,1,0,0.1786,1750.2,0.0,0,Survivalist
0.0,0.0,0.0,0,0,31.76,0,0,0,72,0,0,0,0.0,1326,0.0,28,26,1394,0,0.0,0,0.0,0,0,663.5,2,0,0.2222,663.5,0.0,0,Survivalist
0.0,0.0,0.0,1,0,47.63,0,0,0,20,1034,0,0,0.0,1175,0.0,20,19,0,0,0.0,0,0.0,0,0,1959.0,3,1501,0.7895,1959.0,0.0,0,Survivalist
0.0,0.0,0.0,0,0,0.0,0,0,0,75,1401,0,0,0.0,1457,0.0,29,29,0,0,0.0,0,0.0,0,0,226.6,3,1529,0.25,226.6,0.0,0,Survivalist
0.0,0.0,0.0,0,1,203.4,1,1,1,18,1311,2,1,43.68,1337,0.0,27,27,0,0,0.0,0,0.0,0,0,1413.0,3,1478,0.5,1413.0,0.5,2,Aggressive
0.0,0.0,0.0,0,0,118.7,0,0,0,33,1000,1,1,4.486,1920,0.0,27,25,0,0,0.0,0,0.0,0,0,243.7,6,1500,0.1538,243.7,0.0,0,Aggressive
0.0,0.0,0.0,1,1,218.1,1,0,1,27,0,1,1,0.0,1386,0.0,29,28,1522,0,0.0,0,95.6,0,0,2362.0,5,0,0.9643,2457.6,0.0,2,Aggressive
0.0,0.0,0.0,0,0,25.8,0,0,0,78,0,0,0,0.0,1359,0.0,47,44,1499,0,0.0,0,0.0,0,0,101.6,2,0,0.1087,101.6,0.0,0,Survivalist
0.0,0.0,0.0,0,2,0.0,0,1,1,6,1089,3,1,73.41,1982,0.0,93,92,0,0,0.0,0,0.0,0,0,3476.0,11,1518,0.8913,3476.0,0.3333333333333333,3,Aggressive
0.0,0.0,0.0,0,0,0.0,0,0,0,66,0,0,0,0.0,1450,0.0,41,41,1482,0,0.0,0,0.0,0,0,149.5,2,0,0.275,149.5,0.0,0,Survivalist
0.0,0.0,0.0,0,0,363.2,1,0,0,9,1082,3,2,25.73,1874,0.0,47,44,0,0,0.0,0,0.0,0,0,4129.0,4,1462,0.7609,4129.0,0.0,0,Aggressive
0.0,0.0,0.0,0,2,136.1,0,0,5,45,1195,0,0,0.0,1886,0.0,28,27,0,0,2409.0,0,139.6,0,0,3097.0,5,1541,0.0,5645.6,0.0,7,Survivalist
0.0,0.0,0.0,0,0,100.0,1,0,0,93,0,0,0,0.0,1457,0.0,48,47,1444,0,0.0,0,0.0,0,0,22.9,1,0,0.0,22.9,0.0,0,Survivalist
0.0,0.0,0.0,0,0,77.76,0,0,0,91,1343,0,0,0.0,1404,0.0,48,48,0,0,0.0,0,0.0,0,0,56.36,1,1435,0.0425,56.36,0.0,0,Survivalist
0.0,0.0,0.0,0,1,437.3,2,0,3,17,0,2,1,33.05,1880,0.0,28,28,1502,0,0.0,0,0.0,0,0,3319.0,8,0,0.6296,3319.0,0.0,4,Aggressive
0.0,0.0,0.0,0,0,0.0,0,0,0,67,0,0,0,0.0,1359,0.0,30,29,1449,0,0.0,0,0.0,0,0,1282.0,5,0,0.3793,1282.0,0.0,0,Survivalist
0.0,0.0,0.0,0,3,394.3,3,1,1,6,1386,4,3,29.2,1883,0.0,28,27,0,0,0.0,0,0.0,0,0,2536.0,6,1494,0.4444,2536.0,0.25,4,Aggressive
0.0,0.0,0.0,0,0,200.0,1,1,0,24,0,2,2,17.86,1455,0.0,48,47,1456,0,0.0,0,0.0,0,0,88.15,3,0,0.1277,88.15,0.5,0,Aggressive
0.0,0.0,0.0,0,0,0.0,0,0,0,55,0,0,0,0.0,1335,0.0,28,28,1487,0,0.0,0,0.0,0,0,1412.0,3,0,0.0,1412.0,0.0,0,Survivalist
0.0,0.0,0.0,1,3,0.0,2,4,2,10,0,3,2,97.78,1397,0.0,28,28,1352,0,0.0,0,0.0,0,0,2529.0,5,0,0.7037,2529.0,1.3333333333333333,5,Aggressive
0.0,0.0,0.0,0,0,0.0,0,0,0,80,0,0,0,0.0,1992,0.0,28,28,1515,0,0.0,0,0.0,0,0,592.7,7,0,0.1481,592.7,0.0,0,Survivalist
0.0,0.0,0.0,0,0,147.9,1,0,0,31,1049,1,1,51.58,1883,0.0,31,30,0,0,0.0,0,0.0,0,1,712.7,2,1476,0.9333,712.7,0.0,0,Aggressive
0.0,0.0,0.0,0,0,0.0,0,0,0,95,1454,0,0,0.0,1443,0.0,28,27,0,0,0.0,0,0.0,0,0,30.52,1,1493,0.0,30.52,0.0,0,Survivalist
0.0,0.0,0.0,0,0,114.1,0,0,1,76,1134,0,0,0.0,1367,0.0,98,95,0,0,0.0,0,0.0,0,0,41.24,3,1495,0.2474,41.24,0.0,1,Survivalist
0.0,0.0,0.0,1,0,0.0,0,0,0,81,0,0,0,0.0,1971,0.0,46,44,1497,0,0.0,0,0.0,0,0,11.41,1,0,0.1111,11.41,0.0,0,Survivalist
0.0,0.0,0.0,0,1,21.75,0,0,1,42,0,0,0,0.0,1316,0.0,27,27,1473,0,0.0015,0,4.694,0,0,3503.0,6,0,0.8462,3507.6955,0.0,2,Survivalist
0.0,0.0,0.0,0,1,0.0,0,0,1,53,0,0,0,0.0,1869,0.0,49,48,1500,0,0.0,0,0.0,0,0,1905.0,3,0,0.6458,1905.0,0.0,2,Survivalist
0.0,0.0,0.0,1,1,644.1,4,2,15,2,1000,5,2,85.22,1283,0.0,49,47,0,0,1977.0,0,89.91,0,0,2766.0,5,1500,0.9167,4832.91,0.4,16,Aggressive
0.0,0.0,0.0,0,0,324.1,3,1,0,5,1412,5,5,5.455,1350,0.0,28,27,0,0,0.0,0,0.0,0,0,60.53,4,1460,0.1852,60.53,0.2,0,Aggressive
0.0,0.0,0.0,0,0,100.0,1,1,0,38,0,1,1,5.088,1393,0.0,30,30,1461,0,0.0,0,0.0,0,0,225.2,5,0,0.2069,225.2,1.0,0,Aggressive
0.0,0.0,0.0,0,0,76.66,1,0,0,37,0,1,1,8.253,1875,0.0,48,47,1422,0,0.0,0,0.0,0,0,206.0,1,0,0.0638,206.0,0.0,0,Aggressive
0.0,0.0,0.0,0,5,129.7,2,3,5,11,0,2,1,14.6,1772,0.0,31,31,1479,0,1351.0,0,0.0,0,0,3043.0,6,0,0.9667,4394.0,1.5,10,Aggressive
0.0,0.0,0.0,0,0,0.0,0,0,0,59,1003,0,0,0.0,1381,0.0,47,45,0,0,0.0,0,0.0,0,0,510.2,6,1493,0.5435,510.2,0.0,0,Survivalist
0.0,0.0,0.0,1,0,321.5,2,1,3,10,0,3,1,59.56,1400,0.0,47,47,1738,0,0.0,0,0.0,0,0,1967.0,6,0,0.8043,1967.0,0.3333333333333333,3,Aggressive
0.0,0.0,0.0,0,0,0.0,0,0,0,87,1186,0,0,0.0,1411,0.0,47,45,0,0,0.0,0,0.0,0,0,0.0,0,1529,0.0435,0.0,0.0,0,Survivalist
0.0,0.0,0.0,0,0,0.0,0,0,1,94,1194,0,0,0.0,1376,0.0,49,49,0,0,0.0,0,0.0,0,0,29.22,1,1427,0.0208,29.22,0.0,1,Survivalist
0.0,0.0,0.0,0,0,0.0,2,0,0,18,0,2,2,21.33,1798,0.0,27,24,1452,0,1307.0,0,0.0,0,0,1733.0,7,0,0.5769,3040.0,0.0,0,Aggressive
0.0,0.0,0.0,0,3,200.0,1,0,10,13,1538,2,1,536.5,1967,0.0,31,29,0,1,4285.0,0,0.0,0,0,1839.0,6,1488,0.8333,6124.0,0.0,13,Aggressive
0.0,0.0,0.0,0,0,97.2,0,0,0,67,0,0,0,0.0,1302,0.0,48,47,1521,0,0.0,0,0.0,0,0,507.2,4,0,0.4255,507.2,0.0,0,Survivalist
0.0,0.0,0.0,1,1,135.1,1,0,0,53,0,0,0,0.0,1472,0.0,26,26,1428,0,2235.0,0,0.0,0,0,1192.0,3,0,0.48,3427.0,0.0,1,Survivalist
0.0,0.0,0.0,0,2,100.0,1,0,0,25,1003,1,1,12.92,1384,0.0,31,29,0,0,313.8,0,0.0,0,0,2000.0,5,1488,0.7667,2313.8,0.0,2,Aggressive
0.0,0.0,0.0,2,4,0.0,3,0,1,6,1265,4,1,137.1,1337,0.0,47,44,0,1,188.1,0,0.0,0,0,3381.0,3,1494,1.0,3569.1,0.0,5,Aggressive
0.0,0.0,0.0,0,2,148.7,1,0,1,64,1472,0,0,0.0,1312,0.0,27,27,0,0,0.0,0,0.0,0,0,557.7,2,1498,0.4231,557.7,0.0,3,Survivalist
0.0,0.0,0.0,1,0,60.0,1,0,0,87,0,0,0,0.0,1322,0.0,28,25,1471,0,0.0,0,0.0,0,0,19.66,1,0,0.0,19.66,0.0,0,Survivalist
0.0,0.0,0.0,0,2,0.0,0,0,1,55,0,0,0,0.0,1371,0.0,31,31,1458,0,0.0,0,0.0,0,0,1690.0,5,0,0.5667,1690.0,0.0,3,Survivalist
0.0,0.0,0.0,0,0,0.0,0,0,0,90,0,0,0,0.0,1898,0.0,25,25,1438,0,0.0,0,0.0,0,0,106.9,0,0,0.0,106.9,0.0,0,Survivalist
0.0,0.0,0.0,0,3,576.1,1,5,5,2,1413,4,2,223.0,1791,0.0,44,42,0,0,5439.0,0,0.0,0,0,2702.0,5,1552,1.0,8141.0,1.25,8,Aggressive
0.0,0.0,0.0,0,0,0.0,0,0,0,77,0,0,0,0.0,1245,0.0,30,29,1513,0,0.0,0,0.0,0,0,57.5,1,0,0.2759,57.5,0.0,0,Survivalist
0.0,0.0,0.0,0,0,286.7,2,1,1,26,0,2,1,4.504,1299,0.0,30,30,1374,0,0.0,0,0.0,0,0,65.26,2,0,0.1034,65.26,0.5,1,Aggressive
0.0,0.0,0.0,0,0,0.0,0,0,0,76,0,0,0,0.0,1418,0.0,29,28,1404,0,0.0,0,0.0,0,0,153.5,2,0,0.25,153.5,0.0,0,Survivalist
0.0,0.0,0.0,0,0,95.94,0,0,0,89,1549,0,0,0.0,1434,0.0,29,28,0,0,0.0,0,0.0,0,0,20.3,1,1495,0.1071,20.3,0.0,0,Survivalist
0.0,0.0,0.0,0,0,0.0,0,0,1,77,1423,0,0,0.0,1385,0.0,49,49,0,0,0.0,0,0.0,0,0,106.2,2,1496,0.2292,106.2,0.0,1,Survivalist
0.0,0.0,0.0,0,1,70.13,0,0,1,39,1279,1,1,6.039,1831,0.0,49,46,0,0,560.5,0,0.0,0,0,550.2,6,1498,0.4375,1110.7,0.0,2,Aggressive
0.0,0.0,0.0,1,4,1345.0,10,2,13,1,1353,11,3,115.3,1376,0.0,29,28,0,0,0.0,0,0.0,0,0,3431.0,3,1508,1.0,3431.0,0.18181818181818182,17,Aggressive
0.0,0.0,0.0,0,0,93.35,0,0,0,32,1000,0,0,0.0,2006,0.0,14,14,0,0,0.0,0,0.0,0,0,1185.0,3,1500,0.8462,1185.0,0.0,0,Survivalist
0.0,0.0,0.0,0,1,0.0,0,0,1,59,0,0,0,0.0,1901,0.0,48,46,1510,0,5051.0,0,0.0,1,0,920.2,3,0,0.4894,5971.2,0.0,2,Survivalist
0.0,0.0,0.0,0,0,64.68,0,0,0,61,0,0,0,0.0,1418,0.0,50,46,1521,0,0.0,0,0.0,0,0,951.1,4,0,0.4694,951.1,0.0,0,Survivalist
0.0,0.0,0.0,0,0,0.0,0,0,0,77,1158,0,0,0.0,1410,0.0,29,29,0,0,0.0,0,0.0,0,0,150.0,4,1512,0.2143,150.0,0.0,0,Survivalist
0.0,0.0,0.0,1,3,202.2,0,0,7,12,0,2,1,96.82,1349,0.0,48,47,1614,0,0.0,0,0.0,0,0,2510.0,2,0,0.9362,2510.0,0.0,10,Aggressive
0.0,0.0,0.0,0,0,60.77,0,0,0,50,1156,0,0,0.0,1924,0.0,95,90,0,0,1565.0,0,0.0,0,0,1036.0,6,1484,0.6702,2601.0,0.0,0,Survivalist
0.0,0.0,0.0,3,1,110.0,0,0,0,49,0,0,0,0.0,1896,0.0,29,28,1436,0,2651.0,0,0.0,0,0,914.0,4,0,0.6071,3565.0,0.0,1,Survivalist
0.0,0.0,0.0,1,4,319.4,1,2,1,8,0,3,1,28.63,1301,0.0,28,28,1445,1,285.7,0,0.0,0,0,2898.0,3,0,0.8148,3183.7,0.6666666666666666,5,Aggressive
0.0,0.0,0.0,0,0,100.0,0,0,0,38,0,1,1,13.55,1873,0.0,94,91,1500,0,0.0,0,0.0,0,0,409.7,7,0,0.2473,409.7,0.0,0,Aggressive
0.0,0.0,0.0,0,2,0.0,1,0,0,9,1165,1,1,19.7,1290,0.0,12,12,0,0,2050.0,0,0.0,0,0,974.5,5,1557,0.8182,3024.5,0.0,2,Aggressive
0.0,0.0,0.0,0,1,100.0,0,0,0,33,0,1,1,7.594,1868,0.0,94,89,1490,0,0.0,0,0.0,0,0,221.1,2,0,0.3118,221.1,0.0,1,Aggressive
0.0,0.0,0.0,0,0,0.0,1,0,0,24,0,1,1,59.9,1390,0.0,47,46,1503,0,0.0,0,0.0,0,0,0.0,8,0,0.0,0.0,0.0,0,Aggressive
0.0,0.0,0.0,0,0,0.0,0,0,0,58,0,0,0,0.0,1853,0.0,29,28,1410,0,0.0,0,0.0,0,0,980.5,3,0,0.6429,980.5,0.0,0,Survivalist
0.0,0.0,0.0,0,2,173.2,0,2,0,23,1265,1,1,144.5,1484,0.0,99,98,0,0,0.0,0,103.5,0,0,2630.0,2,1570,0.9184,2733.5,2.0,2,Aggressive
0.0,0.0,0.0,0,2,211.8,0,1,2,18,0,2,1,84.24,1290,0.0,28,27,1436,1,0.0,0,0.0,0,0,627.6,2,0,0.5556,627.6,0.5,4,Aggressive
0.0,0.0,0.0,0,0,78.77,1,0,0,25,1270,1,1,23.14,1342,0.0,28,26,0,0,0.0,0,0.0,0,0,1304.0,5,1508,0.0,1304.0,0.0,0,Aggressive
0.0,0.0,0.0,0,0,0.0,0,0,0,78,0,0,0,0.0,1389,0.0,28,28,1494,0,0.0,0,0.0,0,0,548.2,5,0,0.2222,548.2,0.0,0,Survivalist
0.0,0.0,0.0,0,1,397.2,4,0,0,5,1605,5,3,26.46,1766,0.0,30,30,0,0,0.0,0,0.0,0,0,755.1,5,1572,0.4828,755.1,0.0,1,Aggressive
0.0,0.0,0.0,0,0,43.0,0,0,0,89,0,0,0,0.0,1904,0.0,49,47,1453,0,0.0,0,0.0,0,0,93.32,2,0,0.1042,93.32,0.0,0,Survivalist
0.0,0.0,0.0,0,0,125.4,1,0,0,61,1159,0,0,0.0,1371,0.0,29,28,0,1,0.0,0,0.0,0,0,387.8,3,1498,0.3214,387.8,0.0,0,Survivalist
0.0,0.0,0.0,0,0,14.33,0,0,0,83,0,0,0,0.0,1955,0.0,28,28,1400,0,0.0,0,0.0,0,0,245.8,4,0,0.1111,245.8,0.0,0,Survivalist
0.0,0.0,0.0,0,0,0.0,0,0,0,90,0,0,0,0.0,1948,0.0,99,97,1504,0,0.0,0,0.0,0,0,5.247,0,0,0.102,5.247,0.0,0,Survivalist
0.0,0.0,0.0,1,2,156.8,1,0,0,31,1382,1,1,9.233,1879,0.0,49,48,0,0,0.0,0,0.0,0,0,107.2,7,1461,0.2708,107.2,0.0,2,Aggressive
0.0,0.0,0.0,0,1,100.0,1,0,1,40,1320,1,1,4.593,1434,0.0,48,47,0,0,0.0,0,0.0,0,0,166.9,5,1597,0.3191,166.9,0.0,2,Aggressive
0.0,0.0,0.0,0,0,23.22,0,0,0,83,0,0,0,0.0,1345,0.0,23,23,1500,0,0.0,0,0.0,0,0,157.8,3,0,0.0,157.8,0.0,0,Survivalist
11175219883541.0,0.0,0.0,0,1,0.0,0,0,5,77,0,0,0,0.0,1773,0.0,50,46,1481,0,0.0,0,0.0,0,0,161.9,2,0,0.2041,161.9,0.0,6,Survivalist
0.0,0.0,0.0,0,2,131.0,1,1,1,29,1256,1,1,75.17,1318,0.0,48,48,0,0,0.0,0,0.0,0,0,2010.0,6,1453,0.8298,2010.0,1.0,3,Aggressive
0.0,0.0,0.0,0,1,190.2,0,0,1,58,1347,0,0,0.0,1566,0.0,31,31,0,0,0.0,0,0.0,0,0,1463.0,2,1413,0.5667,1463.0,0.0,2,Survivalist
0.0,0.0,0.0,0,0,0.0,0,0,0,78,0,0,0,0.0,1408,0.0,46,43,1578,0,0.0,0,0.0,0,0,17.32,2,0,0.1111,17.32,0.0,0,Survivalist
0.0,0.0,0.0,0,8,754.4,0,0,0,1,1472,9,1,316.0,1971,0.0,93,91,0,0,3230.0,1,5.52,0,0,2892.0,8,1571,1.0,6127.52,0.0,8,Aggressive
0.0,0.0,0.0,0,3,180.0,0,0,3,22,0,1,1,27.5,1865,0.0,98,93,1503,0,1998.0,0,0.0,0,0,1998.0,4,0,0.7629,3996.0,0.0,6,Aggressive
0.0,0.0,0.0,0,0,11.36,0,0,0,90,0,0,0,0.0,1477,0.0,50,47,1459,0,0.0,0,0.0,0,0,89.96,2,0,0.0816,89.96,0.0,0,Survivalist
0.0,0.0,0.0,0,1,136.2,1,0,3,28,1007,1,1,8.661,2201,0.0,28,27,0,0,6128.0,0,30.58,0,0,2844.0,4,1508,0.6296,9002.58,0.0,4,Aggressive
0.0,0.0,0.0,0,5,0.0,0,0,5,43,0,0,0,0.0,1221,0.0,49,48,1496,0,0.0,0,0.0,0,0,2339.0,7,0,0.7917,2339.0,0.0,10,Survivalist
0.0,0.0,0.0,0,0,0.0,0,0,0,74,0,0,0,0.0,1874,0.0,28,27,1400,0,0.0,0,0.0,0,0,428.2,8,0,0.1481,428.2,0.0,0,Survivalist
0.0,0.0,0.0,0,0,0.0,0,0,0,84,0,0,0,0.0,1353,0.0,28,27,1478,0,0.0,0,0.0,0,0,112.4,1,0,0.1111,112.4,0.0,0,Survivalist
0.0,0.0,0.0,0,0,30.1,0,0,0,66,0,0,0,0.0,1374,0.0,49,49,1455,0,37.93,0,30.53,0,0,2041.0,2,0,0.4375,2109.46,0.0,0,Survivalist
0.0,0.0,0.0,1,3,100.0,1,2,3,24,0,1,1,16.18,1404,0.0,48,45,1556,0,0.0,0,0.0,0,0,338.8,3,0,0.0,338.8,2.0,6,Aggressive
0.0,0.0,0.0,0,0,0.0,0,0,0,65,0,0,0,0.0,1818,0.0,28,28,1500,0,0.0,0,0.0,0,0,1471.0,3,0,0.3704,1471.0,0.0,0,Survivalist
0.0,0.0,0.0,2,0,0.0,0,0,0,94,0,0,0,0.0,1349,0.0,29,28,1377,0,0.0,0,0.0,0,0,77.83,2,0,0.0357,77.83,0.0,0,Survivalist
0.0,0.0,0.0,1,0,173.0,1,0,1,44,0,1,1,24.35,1356,0.0,47,46,1537,0,0.0,0,0.0,0,0,216.3,2,0,0.3043,216.3,0.0,1,Aggressive
0.0,0.0,0.0,1,1,157.4,1,0,2,57,0,0,0,0.0,1383,0.0,27,27,1466,0,0.0,0,0.0,0,0,1576.0,4,0,0.5385,1576.0,0.0,3,Survivalist
0.0,0.0,0.0,0,1,150.9,2,0,1,16,0,2,1,12.72,1274,0.0,25,24,1481,0,0.0,0,0.0,0,0,223.5,2,0,0.2917,223.5,0.0,2,Aggressive
0.0,0.0,0.0,0,0,0.0,0,0,0,61,0,0,0,0.0,1380,0.0,28,26,1457,0,0.0,0,0.0,0,0,1092.0,4,0,0.5185,1092.0,0.0,0,Survivalist
0.0,0.0,0.0,0,0,0.0,0,0,0,87,0,0,0,0.0,1843,0.0,29,28,1481,0,0.0,0,0.0,0,0,10.66,0,0,0.1429,10.66,0.0,0,Survivalist
0.0,0.0,0.0,2,6,405.8,3,1,5,8,0,5,1,39.05,1875,0.0,29,29,1580,1,1376.0,0,0.0,0,0,2685.0,5,0,0.75,4061.0,0.2,11,Aggressive
0.0,0.0,0.0,0,1,0.0,0,0,0,48,0,0,0,0.0,1300,0.0,24,24,1488,0,0.0,0,0.0,0,0,0.0,5,0,0.0,0.0,0.0,1,Survivalist
0.0,0.0,0.0,0,0,0.0,0,0,0,81,1338,0,0,0.0,1384,0.0,28,27,0,0,0.0,0,0.0,0,0,171.2,3,1502,0.1111,171.2,0.0,0,Survivalist
0.0,0.0,0.0,0,0,0.0,0,0,1,54,0,0,0,0.0,1335,0.0,49,47,1553,0,0.0,0,0.0,0,0,735.8,4,0,0.0,735.8,0.0,1,Survivalist
0.0,0.0,0.0,0,1,120.6,1,0,1,57,0,0,0,0.0,1857,0.0,32,31,1477,0,0.0,0,0.0,0,0,393.5,2,0,0.4516,393.5,0.0,2,Survivalist
0.0,0.0,0.0,0,3,183.7,2,0,3,19,0,1,1,135.2,1875,0.0,48,45,1570,0,0.0,0,0.0,0,0,4355.0,11,0,0.9787,4355.0,0.0,6,Aggressive
0.0,0.0,0.0,0,1,24.51,0,0,0,46,0,0,0,0.0,1368,0.0,96,95,1481,0,0.0,0,0.0,0,0,1445.0,4,0,0.7789,1445.0,0.0,1,Survivalist
0.0,0.0,0.0,0,0,26.74,0,0,0,87,0,0,0,0.0,1848,0.0,49,49,1440,0,0.0,0,0.0,0,0,58.2,1,0,0.1042,58.2,0.0,0,Survivalist
0.0,0.0,0.0,0,1,0.0,0,0,0,47,1250,0,0,0.0,1372,0.0,28,26,0,1,0.0,0,0.0,0,0,2695.0,8,1536,0.8889,2695.0,0.0,1,Survivalist
0.0,0.0,0.0,0,0,0.0,0,0,0,97,1290,0,0,0.0,1404,0.0,99,98,0,0,0.0,0,0.0,0,0,12.24,1,1511,0.0204,12.24,0.0,0,Survivalist
0.0,0.0,0.0,0,1,0.0,1,0,7,25,0,1,1,9.244,1942,0.0,47,46,1484,0,3780.0,0,0.0,0,0,0.0,4,0,0.0,3780.0,0.0,8,Aggressive
